{
  "desc": {
    "INTARIAN_PEPPER_ROOT|-1": {
      "product": "INTARIAN_PEPPER_ROOT",
      "day": -1,
      "n_all": 10000,
      "n_usable": 9246,
      "mid_mean": 11501.158609128272,
      "mid_std": 288.2706572629285,
      "mid_min": 10998.0,
      "mid_max": 12001.5,
      "spread_mean": 13.066731559593338,
      "spread_std": 2.4599293087788903,
      "spread_mode": 13.0,
      "bv1_mean": 11.598961713173264,
      "av1_mean": 11.575600259571706,
      "mid_first": 11001.5,
      "mid_last": 11999.5
    },
    "INTARIAN_PEPPER_ROOT|0": {
      "product": "INTARIAN_PEPPER_ROOT",
      "day": 0,
      "n_all": 10000,
      "n_usable": 9230,
      "mid_mean": 12501.42908992416,
      "mid_std": 288.46403557473565,
      "mid_min": 11997.5,
      "mid_max": 13000.5,
      "spread_mean": 14.121018418201517,
      "spread_std": 2.6493287313833784,
      "spread_mode": 13.0,
      "bv1_mean": 11.596099674972914,
      "av1_mean": 11.575622968580715,
      "mid_first": 11998.5,
      "mid_last": 13000.0
    },
    "INTARIAN_PEPPER_ROOT|1": {
      "product": "INTARIAN_PEPPER_ROOT",
      "day": 1,
      "n_all": 10000,
      "n_usable": 9248,
      "mid_mean": 13500.109266868512,
      "mid_std": 289.16294302201777,
      "mid_min": 12997.0,
      "mid_max": 14001.0,
      "spread_mean": 15.177011245674741,
      "spread_std": 2.8328823686165965,
      "spread_mode": 14.0,
      "bv1_mean": 11.57882785467128,
      "av1_mean": 11.55806660899654,
      "mid_first": 13000.0,
      "mid_last": 13999.5
    },
    "ASH_COATED_OSMIUM|-1": {
      "product": "ASH_COATED_OSMIUM",
      "day": -1,
      "n_all": 10000,
      "n_usable": 9237,
      "mid_mean": 10000.828136840966,
      "mid_std": 3.8579828601404387,
      "mid_min": 9986.5,
      "mid_max": 10014.5,
      "spread_mean": 16.223990473097327,
      "spread_std": 2.515167581599652,
      "spread_mode": 16.0,
      "bv1_mean": 14.196059326621198,
      "av1_mean": 14.227887842373065,
      "mid_first": 9991.0,
      "mid_last": 10002.0
    },
    "ASH_COATED_OSMIUM|0": {
      "product": "ASH_COATED_OSMIUM",
      "day": 0,
      "n_all": 10000,
      "n_usable": 9257,
      "mid_mean": 10001.578589175759,
      "mid_std": 5.218555008412283,
      "mid_min": 9982.0,
      "mid_max": 10019.5,
      "spread_mean": 16.249540887976668,
      "spread_std": 2.5356055788187666,
      "spread_mode": 16.0,
      "bv1_mean": 14.30549854164416,
      "av1_mean": 14.176082964243275,
      "mid_first": 10003.0,
      "mid_last": 10008.0
    },
    "ASH_COATED_OSMIUM|1": {
      "product": "ASH_COATED_OSMIUM",
      "day": 1,
      "n_all": 10000,
      "n_usable": 9214,
      "mid_mean": 10000.150260473192,
      "mid_std": 4.4780264117493545,
      "mid_min": 9985.0,
      "mid_max": 10014.0,
      "spread_mean": 16.228890818319947,
      "spread_std": 2.510204275262342,
      "spread_mode": 16.0,
      "bv1_mean": 14.237139136097243,
      "av1_mean": 14.20132407206425,
      "mid_first": 10008.0,
      "mid_last": 9993.0
    }
  },
  "ipr_drift": {
    "-1": {
      "slope": 0.000999995840890129,
      "intercept": 10999.976266622114,
      "resid_std": 2.1945869278228316,
      "n": 9987,
      "start_fit": 10999.976266622114,
      "end_fit": 11999.872107928155
    },
    "0": {
      "slope": 0.000999979138928201,
      "intercept": 12000.01276189357,
      "resid_std": 2.3641677248782313,
      "n": 9982,
      "start_fit": 12000.01276189357,
      "end_fit": 12999.891902907877
    },
    "1": {
      "slope": 0.0010000431304622007,
      "intercept": 12999.922049655686,
      "resid_std": 2.5427504865510713,
      "n": 9984,
      "start_fit": 12999.922049655686,
      "end_fit": 13999.86517580484
    }
  },
  "aco_ar1": {
    "-1": {
      "phi": 0.6576088262136331,
      "mu": 10000.825087631447,
      "sigma": 3.3639437743494387,
      "halflife": 1.6537168719183195
    },
    "0": {
      "phi": 0.787989015206329,
      "mu": 10001.607371794871,
      "sigma": 3.485073076182976,
      "halflife": 2.9090691035582474
    },
    "1": {
      "phi": 0.7303357090865074,
      "mu": 10000.205401884145,
      "sigma": 3.42788745613179,
      "halflife": 2.205712107539337
    }
  },
  "kalman_best": {
    "INTARIAN_PEPPER_ROOT|-1": [
      0.0001,
      4.0,
      0.005052022720733938
    ],
    "INTARIAN_PEPPER_ROOT|0": [
      0.0001,
      8.0,
      0.003728091799492503
    ],
    "INTARIAN_PEPPER_ROOT|1": [
      0.0001,
      8.0,
      0.003728091799492503
    ],
    "ASH_COATED_OSMIUM|-1": [
      0.1,
      8.0,
      0.10572795541980572
    ],
    "ASH_COATED_OSMIUM|0": [
      0.1,
      8.0,
      0.10572795541980572
    ],
    "ASH_COATED_OSMIUM|1": [
      0.1,
      8.0,
      0.10572795541980572
    ]
  },
  "hmm": {
    "-1": {
      "mu": [
        0.00047002022112907943,
        0.0022378174832052623
      ],
      "sigma": [
        0.9969549778985657,
        6.034970321038961
      ],
      "A": [
        [
          0.8329390897458496,
          0.16706091025415046
        ],
        [
          0.3003581653877347,
          0.6996418346122653
        ]
      ],
      "pi": [
        1.0,
        1.2187735127850012e-22
      ],
      "state_frac": [
        0.6944110576923077,
        0.3055889423076923
      ],
      "avg_run_len_0": 7.375531914893617,
      "avg_run_len_1": 3.2492012779552715,
      "n_switches": 1878
    },
    "0": {
      "mu": [
        0.001327679405111416,
        -0.0010320507729382074
      ],
      "sigma": [
        0.9905069705271249,
        6.078607481816949
      ],
      "A": [
        [
          0.8405307791234073,
          0.1594692208765926
        ],
        [
          0.295559717734564,
          0.704440282265436
        ]
      ],
      "pi": [
        0.9998131126965564,
        0.00018688730344359637
      ],
      "state_frac": [
        0.6970850445757788,
        0.3029149554242212
      ],
      "avg_run_len_0": 7.706533776301218,
      "avg_run_len_1": 3.352549889135255,
      "n_switches": 1804
    },
    "1": {
      "mu": [
        -0.0022730461411058925,
        -0.00012782948255627409
      ],
      "sigma": [
        0.9754914399182713,
        6.012846814032157
      ],
      "A": [
        [
          0.8325897442603941,
          0.16741025573960586
        ],
        [
          0.29919127703787385,
          0.7008087229621263
        ]
      ],
      "pi": [
        0.9999999760235726,
        2.3976427493640117e-08
      ],
      "state_frac": [
        0.6909892753332665,
        0.30901072466673346
      ],
      "avg_run_len_0": 7.428879310344827,
      "avg_run_len_1": 3.3257820927723842,
      "n_switches": 1854
    }
  }
}