{
  "desc": {
    "INTARIAN_PEPPER_ROOT|-1": {
      "product": "INTARIAN_PEPPER_ROOT",
      "day": -1,
      "n_all": 10000,
      "n_usable": 9246,
      "mid_mean": 11501.158609128272,
      "mid_std": 288.27065726292847,
      "mid_min": 10998.0,
      "mid_max": 12001.5,
      "spread_mean": 13.066731559593338,
      "spread_std": 2.459929308778758,
      "spread_mode": 13.0,
      "bv1_mean": 11.598961713173264,
      "av1_mean": 11.575600259571706,
      "mid_first": 11001.5,
      "mid_last": 11999.5
    },
    "INTARIAN_PEPPER_ROOT|0": {
      "product": "INTARIAN_PEPPER_ROOT",
      "day": 0,
      "n_all": 10000,
      "n_usable": 9230,
      "mid_mean": 12501.42908992416,
      "mid_std": 288.4640355747361,
      "mid_min": 11997.5,
      "mid_max": 13000.5,
      "spread_mean": 14.121018418201517,
      "spread_std": 2.649328731383363,
      "spread_mode": 13.0,
      "bv1_mean": 11.596099674972914,
      "av1_mean": 11.575622968580715,
      "mid_first": 11998.5,
      "mid_last": 13000.0
    },
    "INTARIAN_PEPPER_ROOT|1": {
      "product": "INTARIAN_PEPPER_ROOT",
      "day": 1,
      "n_all": 10000,
      "n_usable": 9248,
      "mid_mean": 13500.109266868512,
      "mid_std": 289.1629430220179,
      "mid_min": 12997.0,
      "mid_max": 14001.0,
      "spread_mean": 15.177011245674741,
      "spread_std": 2.8328823686166222,
      "spread_mode": 14.0,
      "bv1_mean": 11.57882785467128,
      "av1_mean": 11.55806660899654,
      "mid_first": 13000.0,
      "mid_last": 13999.5
    },
    "ASH_COATED_OSMIUM|-1": {
      "product": "ASH_COATED_OSMIUM",
      "day": -1,
      "n_all": 10000,
      "n_usable": 9237,
      "mid_mean": 10000.828136840966,
      "mid_std": 3.85798286014058,
      "mid_min": 9986.5,
      "mid_max": 10014.5,
      "spread_mean": 16.223990473097327,
      "spread_std": 2.5151675815994663,
      "spread_mode": 16.0,
      "bv1_mean": 14.196059326621198,
      "av1_mean": 14.227887842373065,
      "mid_first": 9991.0,
      "mid_last": 10002.0
    },
    "ASH_COATED_OSMIUM|0": {
      "product": "ASH_COATED_OSMIUM",
      "day": 0,
      "n_all": 10000,
      "n_usable": 9257,
      "mid_mean": 10001.578589175759,
      "mid_std": 5.218555008412181,
      "mid_min": 9982.0,
      "mid_max": 10019.5,
      "spread_mean": 16.249540887976668,
      "spread_std": 2.5356055788188585,
      "spread_mode": 16.0,
      "bv1_mean": 14.30549854164416,
      "av1_mean": 14.176082964243275,
      "mid_first": 10003.0,
      "mid_last": 10008.0
    },
    "ASH_COATED_OSMIUM|1": {
      "product": "ASH_COATED_OSMIUM",
      "day": 1,
      "n_all": 10000,
      "n_usable": 9214,
      "mid_mean": 10000.150260473192,
      "mid_std": 4.478026411749334,
      "mid_min": 9985.0,
      "mid_max": 10014.0,
      "spread_mean": 16.228890818319947,
      "spread_std": 2.5102042752624114,
      "spread_mode": 16.0,
      "bv1_mean": 14.237139136097243,
      "av1_mean": 14.20132407206425,
      "mid_first": 10008.0,
      "mid_last": 9993.0
    }
  },
  "ipr_drift": {
    "-1": {
      "slope": 0.0009999958408901312,
      "intercept": 10999.976266622114,
      "resid_std": 2.194586927822834,
      "n": 9987,
      "start_fit": 10999.976266622114,
      "end_fit": 11999.872107928157
    },
    "0": {
      "slope": 0.0009999791389281967,
      "intercept": 12000.012761893571,
      "resid_std": 2.364167724878228,
      "n": 9982,
      "start_fit": 12000.012761893571,
      "end_fit": 12999.891902907875
    },
    "1": {
      "slope": 0.001000043130462196,
      "intercept": 12999.922049655688,
      "resid_std": 2.5427504865510735,
      "n": 9984,
      "start_fit": 12999.922049655688,
      "end_fit": 13999.865175804838
    }
  },
  "aco_ar1": {
    "-1": {
      "phi": 0.6576088262136408,
      "mu": 10000.825087631447,
      "sigma": 3.363943774349431,
      "halflife": 1.6537168719183657
    },
    "0": {
      "phi": 0.7879890152063007,
      "mu": 10001.607371794871,
      "sigma": 3.4850730761829753,
      "halflife": 2.9090691035578087
    },
    "1": {
      "phi": 0.7303357090865827,
      "mu": 10000.205401884145,
      "sigma": 3.4278874561317716,
      "halflife": 2.205712107540062
    }
  },
  "kalman_best": {
    "INTARIAN_PEPPER_ROOT|-1": [
      0.0001,
      4.0,
      0.005052022720733938
    ],
    "INTARIAN_PEPPER_ROOT|0": [
      0.0001,
      8.0,
      0.003728091799492503
    ],
    "INTARIAN_PEPPER_ROOT|1": [
      0.0001,
      8.0,
      0.003728091799492503
    ],
    "ASH_COATED_OSMIUM|-1": [
      0.1,
      8.0,
      0.10572795541980572
    ],
    "ASH_COATED_OSMIUM|0": [
      0.1,
      8.0,
      0.10572795541980572
    ],
    "ASH_COATED_OSMIUM|1": [
      0.1,
      8.0,
      0.10572795541980572
    ]
  },
  "hmm": {
    "-1": {
      "mu": [
        0.00047002022112909174,
        0.0022378174832052293
      ],
      "sigma": [
        0.9969549778985715,
        6.034970321038958
      ],
      "A": [
        [
          0.8329390897458502,
          0.16706091025414987
        ],
        [
          0.30035816538773435,
          0.6996418346122656
        ]
      ],
      "pi": [
        1.0,
        1.218773512785097e-22
      ],
      "state_frac": [
        0.6944110576923077,
        0.3055889423076923
      ],
      "avg_run_len_0": 7.375531914893617,
      "avg_run_len_1": 3.2492012779552715,
      "n_switches": 1878
    },
    "0": {
      "mu": [
        0.001327679405111408,
        -0.0010320507729381621
      ],
      "sigma": [
        0.9905069705271304,
        6.078607481816932
      ],
      "A": [
        [
          0.840530779123408,
          0.15946922087659204
        ],
        [
          0.29555971773456413,
          0.7044402822654359
        ]
      ],
      "pi": [
        0.9998131126965564,
        0.00018688730344362602
      ],
      "state_frac": [
        0.6970850445757788,
        0.3029149554242212
      ],
      "avg_run_len_0": 7.706533776301218,
      "avg_run_len_1": 3.352549889135255,
      "n_switches": 1804
    },
    "1": {
      "mu": [
        -0.0022730461411058916,
        -0.00012782948255630423
      ],
      "sigma": [
        0.9754914399182714,
        6.012846814032102
      ],
      "A": [
        [
          0.8325897442603944,
          0.16741025573960558
        ],
        [
          0.2991912770378736,
          0.7008087229621264
        ]
      ],
      "pi": [
        0.9999999760235726,
        2.397642749364153e-08
      ],
      "state_frac": [
        0.6909892753332665,
        0.30901072466673346
      ],
      "avg_run_len_0": 7.428879310344827,
      "avg_run_len_1": 3.3257820927723842,
      "n_switches": 1854
    }
  }
}