{
  "descriptive": {
    "ASH_COATED_OSMIUM": {
      "day_-1": {
        "n_ticks": 10000,
        "n_clean_ticks": 9985,
        "n_dirty_ticks": 15,
        "mid_mean": 10000.825087631447,
        "mid_std": 4.466928707530186,
        "mid_min": 9981.0,
        "mid_max": 10020.0,
        "mid_skew": -0.03232090603873607,
        "mid_kurt": 0.7423367114708288,
        "spread_mean": 16.223990473097327,
        "spread_median": 16.0,
        "spread_std": 2.5151675815996524,
        "spread_pct_one_sided": 0.0763,
        "n_bid_levels_avg": 1.6401,
        "n_ask_levels_avg": 1.634,
        "depth_bid_mean": 30.2392,
        "depth_ask_mean": 30.1283
      },
      "day_0": {
        "n_ticks": 10000,
        "n_clean_ticks": 9984,
        "n_dirty_ticks": 16,
        "mid_mean": 10001.607371794871,
        "mid_std": 5.659610655451571,
        "mid_min": 9979.0,
        "mid_max": 10023.0,
        "mid_skew": -0.17490931953404673,
        "mid_kurt": 0.5425831978206661,
        "spread_mean": 16.249540887976668,
        "spread_median": 16.0,
        "spread_std": 2.535605578818766,
        "spread_pct_one_sided": 0.0743,
        "n_bid_levels_avg": 1.6291,
        "n_ask_levels_avg": 1.6449,
        "depth_bid_mean": 30.1201,
        "depth_ask_mean": 30.3601
      },
      "day_1": {
        "n_ticks": 10000,
        "n_clean_ticks": 9978,
        "n_dirty_ticks": 22,
        "mid_mean": 10000.205401884145,
        "mid_std": 5.018675944188851,
        "mid_min": 9980.0,
        "mid_max": 10019.0,
        "mid_skew": 0.0037162269406465828,
        "mid_kurt": 0.2025717962669069,
        "spread_mean": 16.228890818319947,
        "spread_median": 16.0,
        "spread_std": 2.510204275262342,
        "spread_pct_one_sided": 0.0786,
        "n_bid_levels_avg": 1.634,
        "n_ask_levels_avg": 1.6469,
        "depth_bid_mean": 30.2147,
        "depth_ask_mean": 30.3898
      }
    },
    "INTARIAN_PEPPER_ROOT": {
      "day_-1": {
        "n_ticks": 10000,
        "n_clean_ticks": 9987,
        "n_dirty_ticks": 13,
        "mid_mean": 11500.124411735256,
        "mid_std": 288.6534718731026,
        "mid_min": 10998.0,
        "mid_max": 12001.5,
        "mid_skew": -0.0007710620341374826,
        "mid_kurt": -1.1994626637065158,
        "spread_mean": 13.066731559593338,
        "spread_median": 13.0,
        "spread_std": 2.4599293087788907,
        "spread_pct_one_sided": 0.0754,
        "n_bid_levels_avg": 1.6243,
        "n_ask_levels_avg": 1.6139,
        "depth_bid_mean": 24.2197,
        "depth_ask_mean": 24.0308
      },
      "day_0": {
        "n_ticks": 10000,
        "n_clean_ticks": 9982,
        "n_dirty_ticks": 18,
        "mid_mean": 12499.866008815869,
        "mid_std": 288.60963774166333,
        "mid_min": 11996.0,
        "mid_max": 13008.0,
        "mid_skew": -0.00021397211820351175,
        "mid_kurt": -1.1995124392342806,
        "spread_mean": 14.121018418201517,
        "spread_median": 14.0,
        "spread_std": 2.6493287313833784,
        "spread_pct_one_sided": 0.077,
        "n_bid_levels_avg": 1.6149,
        "n_ask_levels_avg": 1.6196,
        "depth_bid_mean": 24.0781,
        "depth_ask_mean": 24.1427
      },
      "day_1": {
        "n_ticks": 10000,
        "n_clean_ticks": 9984,
        "n_dirty_ticks": 16,
        "mid_mean": 13500.057341746795,
        "mid_std": 288.74642315861286,
        "mid_min": 12995.0,
        "mid_max": 14003.0,
        "mid_skew": -0.0005393199592312984,
        "mid_kurt": -1.2009699605943,
        "spread_mean": 15.177011245674741,
        "spread_median": 15.0,
        "spread_std": 2.8328823686165965,
        "spread_pct_one_sided": 0.0752,
        "n_bid_levels_avg": 1.6275,
        "n_ask_levels_avg": 1.6211,
        "depth_bid_mean": 24.2861,
        "depth_ask_mean": 24.1877
      }
    }
  },
  "returns_stationarity": {
    "ASH_COATED_OSMIUM": {
      "day_-1": {
        "n_returns": 9984,
        "ret_mean": 0.0011017628205128205,
        "ret_std": 3.695151609979497,
        "ret_var": 13.654145420734071,
        "ret_skew": 0.04764401059951755,
        "ret_kurt": 3.188030644393244,
        "log_ret_mean": 1.1021486837248525e-07,
        "log_ret_std": 0.0003694892957503196,
        "adf_stat": -4.136068779612395,
        "adf_p": 0.005580065326405421,
        "kpss_stat": 0.7408251120411652,
        "kpss_p": 0.01,
        "ols_drift_per_tick": -5.301448066248532e-07,
        "ols_drift_per_day": -0.5300917921441907,
        "acf_ret_lag1to5": [
          -0.5063013490573901,
          0.01885588132764579,
          -0.005890499341840374,
          -0.008179137130439985,
          0.006537697267914347
        ],
        "acf_ret2_lag1to5": [
          0.39347668932672997,
          -0.006182176533338277,
          0.0014524742042210021,
          -0.008301945185381184,
          0.0023077557683215703
        ],
        "ljungbox_p_ret": 0.0,
        "ljungbox_p_ret2": 0.0,
        "arch_lm_stat": 1976.1186014191378,
        "arch_lm_p": 0.0
      },
      "day_0": {
        "n_returns": 9983,
        "ret_mean": 0.0005008514474606832,
        "ret_std": 3.685660416692845,
        "ret_var": 13.584092707176477,
        "ret_skew": -0.014992147841255597,
        "ret_kurt": 3.2598329700442834,
        "log_ret_mean": 5.005761410074227e-08,
        "log_ret_std": 0.000368500197326893,
        "adf_stat": -3.21860167311834,
        "adf_p": 0.08075840510083965,
        "kpss_stat": 0.7096075947059234,
        "kpss_p": 0.01,
        "ols_drift_per_tick": 1.5712065724697577e-06,
        "ols_drift_per_day": 1.5710494518125107,
        "acf_ret_lag1to5": [
          -0.5063730829038888,
          0.014130573186167662,
          -0.001948619271911493,
          9.954463512058695e-05,
          -0.003793982849060988
        ],
        "acf_ret2_lag1to5": [
          0.40753629217500675,
          -0.004494534904923274,
          -0.010730744986751087,
          -0.0045223763098360854,
          0.0006913252781693459
        ],
        "ljungbox_p_ret": 0.0,
        "ljungbox_p_ret2": 0.0,
        "arch_lm_stat": 2118.4971477846043,
        "arch_lm_p": 0.0
      },
      "day_1": {
        "n_returns": 9977,
        "ret_mean": -0.0015034579532925728,
        "ret_std": 3.685163868827998,
        "ret_var": 13.580432740115338,
        "ret_skew": 0.0014357199064428186,
        "ret_kurt": 3.0284414268738953,
        "log_ret_mean": -1.5033830660106162e-07,
        "log_ret_std": 0.0003684981732991259,
        "adf_stat": -4.454099981519746,
        "adf_p": 0.0017926400994758688,
        "kpss_stat": 0.16903249644325805,
        "kpss_p": 0.030806252963951623,
        "ols_drift_per_tick": -7.12576057368399e-06,
        "ols_drift_per_day": -7.125047997626622,
        "acf_ret_lag1to5": [
          -0.4905236904875768,
          -0.005042917111742414,
          -0.008710992148493643,
          0.028077097234142073,
          -0.040054315035422096
        ],
        "acf_ret2_lag1to5": [
          0.3826143850088318,
          -0.018318401651869372,
          -0.009095352181021636,
          -0.0024762057373928837,
          -0.008197236817876211
        ],
        "ljungbox_p_ret": 0.0,
        "ljungbox_p_ret2": 3.307941822854044e-309,
        "arch_lm_stat": 1858.5221080926221,
        "arch_lm_p": 0.0
      }
    },
    "INTARIAN_PEPPER_ROOT": {
      "day_-1": {
        "n_returns": 9986,
        "ret_mean": 0.09993991588223512,
        "ret_std": 3.1077560075975748,
        "ret_var": 9.658147402758816,
        "ret_skew": 0.054458879781380705,
        "ret_kurt": 2.981145001946076,
        "log_ret_mean": 8.695509224433837e-06,
        "log_ret_std": 0.00027031402674188124,
        "adf_stat": -99.94256944944699,
        "adf_p": 0.0,
        "kpss_stat": 0.4110002564648778,
        "kpss_p": 0.01,
        "ols_drift_per_tick": 0.000999995840890126,
        "ols_drift_per_day": 999.895841306037,