product,day,ticks,mid_mean,mid_std,mid_min,mid_max,mid_range,pnl_start,pnl_end,pnl_delta,pnl_max_dd
ASH_COATED_OSMIUM,-2,10000,9980.1732,423.8577620995152,0.0,10019.0,10019.0,0.0,0.0,0.0,0.0
ASH_COATED_OSMIUM,-1,10000,9983.83255,412.03889712109896,0.0,10019.0,10019.0,0.0,0.0,0.0,0.0
ASH_COATED_OSMIUM,0,10000,9987.60595,374.0256890525096,0.0,10023.0,10023.0,0.0,0.0,0.0,0.0
INTARIAN_PEPPER_ROOT,-2,10000,10483.1636,509.2753397448253,0.0,11003.0,11003.0,0.0,0.0,0.0,0.0
INTARIAN_PEPPER_ROOT,-1,10000,11480.48,554.666152116776,0.0,12006.0,12006.0,0.0,0.0,0.0,0.0
INTARIAN_PEPPER_ROOT,0,10000,12473.92265,640.8340241955277,0.0,13007.0,13007.0,0.0,0.0,0.0,0.0
