scenario,best_manual_pnl_proxy,median_manual_pnl_proxy,q95_manual_pnl_proxy,evaluated_allocations,research_pct,scale_pct,speed_pct,speed_multiplier_assumption,budget_used,manual_pnl_proxy
linear_rank_proxy,110065.31395662151,6882.8069434324425,73295.26127839425,176851,16,48,36,0.388,50000.0,110065.31395662151
optimistic_rank_proxy,204930.6237979752,33583.99680089311,150821.81830183708,176851,19,58,23,0.4836665218650176,50000.0,204930.6237979752
pessimistic_rank_proxy,65062.63303308071,-3013.1156280818723,37300.9142523066,176851,14,42,44,0.33349038524102015,50000.0,65062.63303308071
