cluster,n,spread_mean,depth_mean,rolling_vol_mean,abs_imbalance_mean,future_delta_mean,future_delta_abs_mean,product,decision_note
0,6620,17.300151057401813,50.15045317220544,3.6132279303324792,0.13245926334065203,0.11812688821752265,1.6302114803625378,ASH_COATED_OSMIUM,descriptive liquidity group
1,7636,16.104635935044527,73.62349397590361,3.618571128773221,0.08340703249587109,-0.3209140911471975,1.5341147197485594,ASH_COATED_OSMIUM,descriptive liquidity group
2,744,8.18010752688172,66.50806451612904,3.6787640570849676,0.47036131695216055,2.422715053763441,4.476478494623656,ASH_COATED_OSMIUM,possible defensive/execution regime
0,6351,14.853881278538813,40.61643835616438,3.2909865914124055,0.1023852197576209,-0.413478192410644,1.4992914501653283,INTARIAN_PEPPER_ROOT,descriptive liquidity group
1,6599,12.616760115168965,60.49901500227307,3.26719424249163,0.02724672924712985,0.09645400818305803,1.471359296863161,INTARIAN_PEPPER_ROOT,descriptive liquidity group
2,2050,16.619512195121953,46.046341463414635,3.3069081190253073,0.3271987305697678,1.5434146341463415,2.1507317073170733,INTARIAN_PEPPER_ROOT,possible defensive/execution regime
