day,timestamp,monotone_ok,convex_ok,monotone_breaks,convex_breaks
0,0,True,True,0,0
0,100,True,True,0,0
0,200,True,True,0,0
0,300,True,True,0,0
0,400,True,True,0,0
0,500,True,True,0,0
0,600,True,True,0,0
0,700,True,True,0,0
0,800,True,True,0,0
0,900,True,True,0,0
0,1000,True,True,0,0
0,1100,True,True,0,0
0,1200,True,True,0,0
0,1300,True,True,0,0
0,1400,True,True,0,0
0,1500,True,True,0,0
0,1600,True,True,0,0
0,1700,True,True,0,0
0,1800,True,True,0,0
0,1900,True,True,0,0
0,2000,True,True,0,0
0,2100,True,True,0,0
0,2200,True,True,0,0
0,2300,True,True,0,0
0,2400,True,True,0,0
0,2500,True,True,0,0
0,2600,True,True,0,0
0,2700,True,True,0,0
0,2800,True,True,0,0
0,2900,True,True,0,0
0,3000,True,True,0,0
0,3100,True,True,0,0
0,3200,True,True,0,0
0,3300,True,True,0,0
0,3400,True,True,0,0
0,3500,True,True,0,0
0,3600,True,True,0,0
0,3700,True,True,0,0
0,3800,True,True,0,0
0,3900,True,True,0,0
0,4000,True,True,0,0
0,4100,True,True,0,0
0,4200,True,True,0,0
0,4300,True,True,0,0
0,4400,True,True,0,0
0,4500,True,True,0,0
0,4600,True,True,0,0
0,4700,True,True,0,0
0,4800,True,True,0,0
0,4900,True,True,0,0
0,5000,True,True,0,0
0,5100,True,True,0,0
0,5200,True,True,0,0
0,5300,True,True,0,0
0,5400,True,True,0,0
0,5500,True,True,0,0
0,5600,True,True,0,0
0,5700,True,True,0,0
0,5800,True,True,0,0
0,5900,True,True,0,0
0,6000,True,True,0,0
0,6100,True,True,0,0
0,6200,True,True,0,0
0,6300,True,True,0,0
0,6400,True,True,0,0
0,6500,True,True,0,0
0,6600,True,True,0,0
0,6700,True,True,0,0
0,6800,True,True,0,0
0,6900,True,True,0,0
0,7000,True,True,0,0
0,7100,True,True,0,0
0,7200,True,True,0,0
0,7300,True,True,0,0
0,7400,True,True,0,0
0,7500,True,True,0,0
0,7600,True,True,0,0
0,7700,True,True,0,0
0,7800,True,True,0,0
0,7900,True,True,0,0
0,8000,True,True,0,0
0,8100,True,True,0,0
0,8200,True,True,0,0
0,8300,True,True,0,0
0,8400,True,True,0,0
0,8500,True,True,0,0
0,8600,True,True,0,0
0,8700,True,True,0,0
0,8800,True,True,0,0
0,8900,True,True,0,0
0,9000,True,True,0,0
0,9100,True,True,0,0
0,9200,True,True,0,0
0,9300,True,True,0,0
0,9400,True,True,0,0
0,9500,True,True,0,0
0,9600,True,True,0,0
0,9700,True,True,0,0
0,9800,True,True,0,0
0,9900,True,True,0,0
0,10000,True,True,0,0
0,10100,True,True,0,0
0,10200,True,True,0,0
0,10300,True,True,0,0
0,10400,True,True,0,0
0,10500,True,True,0,0
0,10600,True,True,0,0
0,10700,True,True,0,0
0,10800,True,True,0,0
0,10900,True,True,0,0
0,11000,True,True,0,0
0,11100,True,True,0,0
0,11200,True,True,0,0
0,11300,True,True,0,0
0,11400,True,True,0,0
0,11500,True,True,0,0
0,11600,True,True,0,0
0,11700,True,True,0,0
0,11800,True,True,0,0
0,11900,True,True,0,0
0,12000,True,True,0,0
0,12100,True,True,0,0
0,12200,True,True,0,0
0,12300,True,True,0,0
0,12400,True,True,0,0
0,12500,True,True,0,0
0,12600,True,True,0,0
0,12700,True,True,0,0
0,12800,True,True,0,0
0,12900,True,True,0,0
0,13000,True,True,0,0
0,13100,True,True,0,0
0,13200,True,True,0,0
0,13300,True,True,0,0
0,13400,True,True,0,0
0,13500,True,True,0,0
0,13600,True,True,0,0
0,13700,True,True,0,0
0,13800,True,True,0,0
0,13900,True,True,0,0
0,14000,True,True,0,0
0,14100,True,True,0,0
0,14200,True,True,0,0
0,14300,True,True,0,0
0,14400,True,True,0,0
0,14500,True,True,0,0
0,14600,True,True,0,0
0,14700,True,True,0,0
0,14800,True,True,0,0
0,14900,True,True,0,0
0,15000,True,True,0,0
0,15100,True,True,0,0
0,15200,True,True,0,0
0,15300,True,True,0,0
0,15400,True,True,0,0
0,15500,True,True,0,0
0,15600,True,True,0,0
0,15700,True,True,0,0
0,15800,True,True,0,0
0,15900,True,True,0,0
0,16000,True,True,0,0
0,16100,True,True,0,0
0,16200,True,True,0,0
0,16300,True,True,0,0
0,16400,True,True,0,0
0,16500,True,True,0,0
0,16600,True,True,0,0
0,16700,True,True,0,0
0,16800,True,True,0,0
0,16900,True,True,0,0
0,17000,True,True,0,0
0,17100,True,True,0,0
0,17200,True,True,0,0
0,17300,True,True,0,0
0,17400,True,True,0,0
0,17500,True,True,0,0
0,17600,True,True,0,0
0,17700,True,True,0,0
0,17800,True,True,0,0
0,17900,True,True,0,0
0,18000,True,True,0,0
0,18100,True,True,0,0
0,18200,True,True,0,0
0,18300,True,True,0,0
0,18400,True,True,0,0
0,18500,True,True,0,0
0,18600,True,True,0,0
0,18700,True,True,0,0
0,18800,True,True,0,0
0,18900,True,True,0,0
0,19000,True,True,0,0
0,19100,True,True,0,0
0,19200,True,True,0,0
0,19300,True,True,0,0
0,19400,True,True,0,0
0,19500,True,True,0,0
0,19600,True,True,0,0
0,19700,True,True,0,0
0,19800,True,True,0,0
0,19900,True,True,0,0
0,20000,True,True,0,0
0,20100,True,True,0,0
0,20200,True,True,0,0
0,20300,True,True,0,0
0,20400,True,True,0,0
0,20500,True,True,0,0
0,20600,True,True,0,0
0,20700,True,True,0,0
0,20800,True,True,0,0
0,20900,True,True,0,0
0,21000,True,True,0,0
0,21100,True,True,0,0
0,21200,True,True,0,0
0,21300,True,True,0,0
0,21400,True,True,0,0
0,21500,True,True,0,0
0,21600,True,True,0,0
0,21700,True,True,0,0
0,21800,True,True,0,0
0,21900,True,True,0,0
0,22000,True,True,0,0
0,22100,True,True,0,0
0,22200,True,True,0,0
0,22300,True,True,0,0
0,22400,True,True,0,0
0,22500,True,True,0,0
0,22600,True,True,0,0
0,22700,True,True,0,0
0,22800,True,True,0,0
0,22900,True,True,0,0
0,23000,True,True,0,0
0,23100,True,True,0,0
0,23200,True,True,0,0
0,23300,True,True,0,0
0,23400,True,True,0,0
0,23500,True,True,0,0
0,23600,True,True,0,0
0,23700,True,True,0,0
0,23800,True,True,0,0
0,23900,True,True,0,0
0,24000,True,True,0,0
0,24100,True,True,0,0
0,24200,True,True,0,0
0,24300,True,True,0,0
0,24400,True,True,0,0
0,24500,True,True,0,0
0,24600,True,True,0,0
0,24700,True,True,0,0
0,24800,True,True,0,0
0,24900,True,True,0,0
0,25000,True,True,0,0
0,25100,True,True,0,0
0,25200,True,True,0,0
0,25300,True,True,0,0
0,25400,True,True,0,0
0,25500,True,True,0,0
0,25600,True,True,0,0
0,25700,True,True,0,0
0,25800,True,True,0,0
0,25900,True,True,0,0
0,26000,True,True,0,0
0,26100,True,True,0,0
0,26200,True,True,0,0
0,26300,True,True,0,0
0,26400,True,True,0,0
0,26500,True,True,0,0
0,26600,True,True,0,0
0,26700,True,True,0,0
0,26800,True,True,0,0
0,26900,True,True,0,0
0,27000,True,True,0,0
0,27100,True,True,0,0
0,27200,True,True,0,0
0,27300,True,True,0,0
0,27400,True,True,0,0
0,27500,True,True,0,0
0,27600,True,True,0,0
0,27700,True,True,0,0
0,27800,True,True,0,0
0,27900,True,True,0,0
0,28000,True,True,0,0
0,28100,True,True,0,0
0,28200,True,True,0,0
0,28300,True,True,0,0
0,28400,True,True,0,0
0,28500,True,True,0,0
0,28600,True,True,0,0
0,28700,True,True,0,0
0,28800,True,True,0,0
0,28900,True,True,0,0
0,29000,True,True,0,0
0,29100,True,True,0,0
0,29200,True,True,0,0
0,29300,True,True,0,0
0,29400,True,True,0,0
0,29500,True,True,0,0
0,29600,True,True,0,0
0,29700,True,True,0,0
0,29800,True,True,0,0
0,29900,True,True,0,0
0,30000,True,True,0,0
0,30100,True,True,0,0
0,30200,True,True,0,0
0,30300,True,True,0,0
0,30400,True,True,0,0
0,30500,True,True,0,0
0,30600,True,True,0,0
0,30700,True,True,0,0
0,30800,True,True,0,0
0,30900,True,True,0,0
0,31000,True,True,0,0
0,31100,True,True,0,0
0,31200,True,True,0,0
0,31300,True,True,0,0
0,31400,True,True,0,0
0,31500,True,True,0,0
0,31600,True,True,0,0
0,31700,True,True,0,0
0,31800,True,True,0,0
0,31900,True,True,0,0
0,32000,True,True,0,0
0,32100,True,True,0,0
0,32200,True,True,0,0
0,32300,True,True,0,0
0,32400,True,True,0,0
0,32500,True,True,0,0
0,32600,True,True,0,0
0,32700,True,True,0,0
0,32800,True,True,0,0
0,32900,True,True,0,0
0,33000,True,True,0,0
0,33100,True,True,0,0
0,33200,True,True,0,0
0,33300,True,True,0,0
0,33400,True,True,0,0
0,33500,True,True,0,0
0,33600,True,True,0,0
0,33700,True,True,0,0
0,33800,True,True,0,0
0,33900,True,True,0,0
0,34000,True,True,0,0
0,34100,True,True,0,0
0,34200,True,True,0,0
0,34300,True,True,0,0
0,34400,True,True,0,0
0,34500,True,True,0,0
0,34600,True,True,0,0
0,34700,True,True,0,0
0,34800,True,True,0,0
0,34900,True,True,0,0
0,35000,True,True,0,0
0,35100,True,True,0,0
0,35200,True,True,0,0
0,35300,True,True,0,0
0,35400,True,True,0,0
0,35500,True,True,0,0
0,35600,True,True,0,0
0,35700,True,True,0,0
0,35800,True,True,0,0
0,35900,True,True,0,0
0,36000,True,True,0,0
0,36100,True,True,0,0
0,36200,True,True,0,0
0,36300,True,True,0,0
0,36400,True,True,0,0
0,36500,True,True,0,0
0,36600,True,True,0,0
0,36700,True,True,0,0
0,36800,True,True,0,0
0,36900,True,True,0,0
0,37000,True,True,0,0
0,37100,True,True,0,0
0,37200,True,True,0,0
0,37300,True,True,0,0
0,37400,True,True,0,0
0,37500,True,True,0,0
0,37600,True,True,0,0
0,37700,True,True,0,0
0,37800,True,True,0,0
0,37900,True,True,0,0
0,38000,True,True,0,0
0,38100,True,True,0,0
0,38200,True,True,0,0
0,38300,True,True,0,0
0,38400,True,True,0,0
0,38500,True,True,0,0
0,38600,True,True,0,0
0,38700,True,True,0,0
0,38800,True,True,0,0
0,38900,True,True,0,0
0,39000,True,True,0,0
0,39100,True,True,0,0
0,39200,True,True,0,0
0,39300,True,True,0,0
0,39400,True,True,0,0
0,39500,True,True,0,0
0,39600,True,True,0,0
0,39700,True,True,0,0
0,39800,True,True,0,0
0,39900,True,True,0,0
0,40000,True,True,0,0
0,40100,True,True,0,0
0,40200,True,True,0,0
0,40300,True,True,0,0
0,40400,True,True,0,0
0,40500,True,True,0,0
0,40600,True,True,0,0
0,40700,True,True,0,0
0,40800,True,True,0,0
0,40900,True,True,0,0
0,41000,True,True,0,0
0,41100,True,True,0,0
0,41200,True,True,0,0
0,41300,True,True,0,0
0,41400,True,True,0,0
0,41500,True,True,0,0
0,41600,True,True,0,0
0,41700,True,True,0,0
0,41800,True,True,0,0
0,41900,True,True,0,0
0,42000,True,True,0,0
0,42100,True,True,0,0
0,42200,True,True,0,0
0,42300,True,True,0,0
0,42400,True,True,0,0
0,42500,True,True,0,0
0,42600,True,True,0,0
0,42700,True,True,0,0
0,42800,True,True,0,0
0,42900,True,True,0,0
0,43000,True,True,0,0
0,43100,True,True,0,0
0,43200,True,True,0,0
0,43300,True,True,0,0
0,43400,True,True,0,0
0,43500,True,True,0,0
0,43600,True,True,0,0
0,43700,True,True,0,0
0,43800,True,True,0,0
0,43900,True,True,0,0
0,44000,True,True,0,0
0,44100,True,True,0,0
0,44200,True,True,0,0
0,44300,True,True,0,0
0,44400,True,True,0,0
0,44500,True,True,0,0
0,44600,True,True,0,0
0,44700,True,True,0,0
0,44800,True,True,0,0
0,44900,True,True,0,0
0,45000,True,True,0,0
0,45100,True,True,0,0
0,45200,True,True,0,0
0,45300,True,True,0,0
0,45400,True,True,0,0
0,45500,True,True,0,0
0,45600,True,True,0,0
0,45700,True,True,0,0
0,45800,True,True,0,0
0,45900,True,True,0,0
0,46000,True,True,0,0
0,46100,True,True,0,0
0,46200,True,True,0,0
0,46300,True,True,0,0
0,46400,True,True,0,0
0,46500,True,True,0,0
0,46600,True,True,0,0
0,46700,True,True,0,0
0,46800,True,True,0,0
0,46900,True,True,0,0
0,47000,True,True,0,0
0,47100,True,True,0,0
0,47200,True,True,0,0
0,47300,True,True,0,0
0,47400,True,True,0,0
0,47500,True,True,0,0
0,47600,True,True,0,0
0,47700,True,True,0,0
0,47800,True,True,0,0
0,47900,True,True,0,0
0,48000,True,True,0,0
0,48100,True,True,0,0
0,48200,True,True,0,0
0,48300,True,True,0,0
0,48400,True,True,0,0
0,48500,True,True,0,0
0,48600,True,True,0,0
0,48700,True,True,0,0
0,48800,True,True,0,0
0,48900,True,True,0,0
0,49000,True,True,0,0
0,49100,True,True,0,0
0,49200,True,True,0,0
0,49300,True,True,0,0
0,49400,True,True,0,0
0,49500,True,True,0,0
0,49600,True,True,0,0
0,49700,True,True,0,0
0,49800,True,True,0,0
0,49900,True,True,0,0
0,50000,True,True,0,0
0,50100,True,True,0,0
0,50200,True,True,0,0
0,50300,True,True,0,0
0,50400,True,True,0,0
0,50500,True,True,0,0
0,50600,True,True,0,0
0,50700,True,True,0,0
0,50800,True,True,0,0
0,50900,True,True,0,0
0,51000,True,True,0,0
0,51100,True,True,0,0
0,51200,True,True,0,0
0,51300,True,True,0,0
0,51400,True,True,0,0
0,51500,True,True,0,0
0,51600,True,True,0,0
0,51700,True,True,0,0
0,51800,True,True,0,0
0,51900,True,True,0,0
0,52000,True,True,0,0
0,52100,True,True,0,0
0,52200,True,True,0,0
0,52300,True,True,0,0
0,52400,True,True,0,0
0,52500,True,True,0,0
0,52600,True,True,0,0
0,52700,True,True,0,0
0,52800,True,True,0,0
0,52900,True,True,0,0
0,53000,True,True,0,0
0,53100,True,True,0,0
0,53200,True,True,0,0
0,53300,True,True,0,0
0,53400,True,True,0,0
0,53500,True,True,0,0
0,53600,True,True,0,0
0,53700,True,True,0,0
0,53800,True,True,0,0
0,53900,True,True,0,0
0,54000,True,True,0,0
0,54100,True,True,0,0
0,54200,True,True,0,0
0,54300,True,True,0,0
0,54400,True,True,0,0
0,54500,True,True,0,0
0,54600,True,True,0,0
0,54700,True,True,0,0
0,54800,True,True,0,0
0,54900,True,True,0,0
0,55000,True,True,0,0
0,55100,True,True,0,0
0,55200,True,True,0,0
0,55300,True,True,0,0
0,55400,True,True,0,0
0,55500,True,True,0,0
0,55600,True,True,0,0
0,55700,True,True,0,0
0,55800,True,True,0,0
0,55900,True,True,0,0
0,56000,True,True,0,0
0,56100,True,True,0,0
0,56200,True,True,0,0
0,56300,True,True,0,0
0,56400,True,True,0,0
0,56500,True,True,0,0
0,56600,True,True,0,0
0,56700,True,True,0,0
0,56800,True,True,0,0
0,56900,True,True,0,0
0,57000,True,True,0,0
0,57100,True,True,0,0
0,57200,True,True,0,0
0,57300,True,True,0,0
0,57400,True,True,0,0
0,57500,True,True,0,0
0,57600,True,True,0,0
0,57700,True,True,0,0
0,57800,True,True,0,0
0,57900,True,True,0,0
0,58000,True,True,0,0
0,58100,True,True,0,0
0,58200,True,True,0,0
0,58300,True,True,0,0
0,58400,True,True,0,0
0,58500,True,True,0,0
0,58600,True,True,0,0
0,58700,True,True,0,0
0,58800,True,True,0,0
0,58900,True,True,0,0
0,59000,True,True,0,0
0,59100,True,True,0,0
0,59200,True,True,0,0
0,59300,True,True,0,0
0,59400,True,True,0,0
0,59500,True,True,0,0
0,59600,True,True,0,0
0,59700,True,True,0,0
0,59800,True,True,0,0
0,59900,True,True,0,0
0,60000,True,True,0,0
0,60100,True,True,0,0
0,60200,True,True,0,0
0,60300,True,True,0,0
0,60400,True,True,0,0
0,60500,True,True,0,0
0,60600,True,True,0,0
0,60700,True,True,0,0
0,60800,True,True,0,0
0,60900,True,True,0,0
0,61000,True,True,0,0
0,61100,True,True,0,0
0,61200,True,True,0,0
0,61300,True,True,0,0
0,61400,True,True,0,0
0,61500,True,True,0,0
0,61600,True,True,0,0
0,61700,True,True,0,0
0,61800,True,True,0,0
0,61900,True,True,0,0
0,62000,True,True,0,0
0,62100,True,True,0,0
0,62200,True,True,0,0
0,62300,True,True,0,0
0,62400,True,True,0,0
0,62500,True,True,0,0
0,62600,True,True,0,0
0,62700,True,True,0,0
0,62800,True,True,0,0
0,62900,True,True,0,0
0,63000,True,True,0,0
0,63100,True,True,0,0
0,63200,True,True,0,0
0,63300,True,True,0,0
0,63400,True,True,0,0
0,63500,True,True,0,0
0,63600,True,True,0,0
0,63700,True,True,0,0
0,63800,True,True,0,0
0,63900,True,True,0,0
0,64000,True,True,0,0
0,64100,True,True,0,0
0,64200,True,True,0,0
0,64300,True,True,0,0
0,64400,True,True,0,0
0,64500,True,True,0,0
0,64600,True,True,0,0
0,64700,True,True,0,0
0,64800,True,True,0,0
0,64900,True,True,0,0
0,65000,True,True,0,0
0,65100,True,True,0,0
0,65200,True,True,0,0
0,65300,True,True,0,0
0,65400,True,True,0,0
0,65500,True,True,0,0
0,65600,True,True,0,0
0,65700,True,True,0,0
0,65800,True,True,0,0
0,65900,True,True,0,0
0,66000,True,True,0,0
0,66100,True,True,0,0
0,66200,True,True,0,0
0,66300,True,True,0,0
0,66400,True,True,0,0
0,66500,True,True,0,0
0,66600,True,True,0,0
0,66700,True,True,0,0
0,66800,True,True,0,0
0,66900,True,True,0,0
0,67000,True,True,0,0
0,67100,True,True,0,0
0,67200,True,True,0,0
0,67300,True,True,0,0
0,67400,True,True,0,0
0,67500,True,True,0,0
0,67600,True,True,0,0
0,67700,True,True,0,0
0,67800,True,True,0,0
0,67900,True,True,0,0
0,68000,True,True,0,0
0,68100,True,True,0,0
0,68200,True,True,0,0
0,68300,True,True,0,0
0,68400,True,True,0,0
0,68500,True,True,0,0
0,68600,True,True,0,0
0,68700,True,True,0,0
0,68800,True,True,0,0
0,68900,True,True,0,0
0,69000,True,True,0,0
0,69100,True,True,0,0
0,69200,True,True,0,0
0,69300,True,True,0,0
0,69400,True,True,0,0
0,69500,True,True,0,0
0,69600,True,True,0,0
0,69700,True,True,0,0
0,69800,True,True,0,0
0,69900,True,True,0,0
0,70000,True,True,0,0
0,70100,True,True,0,0
0,70200,True,True,0,0
0,70300,True,True,0,0
0,70400,True,True,0,0
0,70500,True,True,0,0
0,70600,True,True,0,0
0,70700,True,True,0,0
0,70800,True,True,0,0
0,70900,True,True,0,0
0,71000,True,True,0,0
0,71100,True,True,0,0
0,71200,True,True,0,0
0,71300,True,True,0,0
0,71400,True,True,0,0
0,71500,True,True,0,0
0,71600,True,True,0,0
0,71700,True,True,0,0
0,71800,True,True,0,0
0,71900,True,True,0,0
0,72000,True,True,0,0
0,72100,True,True,0,0
0,72200,True,True,0,0
0,72300,True,True,0,0
0,72400,True,True,0,0
0,72500,True,True,0,0
0,72600,True,True,0,0
0,72700,True,True,0,0
0,72800,True,True,0,0
0,72900,True,True,0,0
0,73000,True,True,0,0
0,73100,True,True,0,0
0,73200,True,True,0,0
0,73300,True,True,0,0
0,73400,True,True,0,0
0,73500,True,True,0,0
0,73600,True,True,0,0
0,73700,True,True,0,0
0,73800,True,True,0,0
0,73900,True,True,0,0
0,74000,True,True,0,0
0,74100,True,True,0,0
0,74200,True,True,0,0
0,74300,True,True,0,0
0,74400,True,True,0,0
0,74500,True,True,0,0
0,74600,True,True,0,0
0,74700,True,True,0,0
0,74800,True,True,0,0
0,74900,True,True,0,0
0,75000,True,True,0,0
0,75100,True,True,0,0
0,75200,True,True,0,0
0,75300,True,True,0,0
0,75400,True,True,0,0
0,75500,True,True,0,0
0,75600,True,True,0,0
0,75700,True,True,0,0
0,75800,True,True,0,0
0,75900,True,True,0,0
0,76000,True,True,0,0
0,76100,True,True,0,0
0,76200,True,True,0,0
0,76300,True,True,0,0
0,76400,True,True,0,0
0,76500,True,True,0,0
0,76600,True,True,0,0
0,76700,True,True,0,0
0,76800,True,True,0,0
0,76900,True,True,0,0
0,77000,True,True,0,0
0,77100,True,True,0,0
0,77200,True,True,0,0
0,77300,True,True,0,0
0,77400,True,True,0,0
0,77500,True,True,0,0
0,77600,True,True,0,0
0,77700,True,True,0,0
0,77800,True,True,0,0
0,77900,True,True,0,0
0,78000,True,True,0,0
0,78100,True,True,0,0
0,78200,True,True,0,0
0,78300,True,True,0,0
0,78400,True,True,0,0
0,78500,True,True,0,0
0,78600,True,True,0,0
0,78700,True,True,0,0
0,78800,True,True,0,0
0,78900,True,True,0,0
0,79000,True,True,0,0
0,79100,True,True,0,0
0,79200,True,True,0,0
0,79300,True,True,0,0
0,79400,True,True,0,0
0,79500,True,True,0,0
0,79600,True,True,0,0
0,79700,True,True,0,0
0,79800,True,True,0,0
0,79900,True,True,0,0
0,80000,True,True,0,0
0,80100,True,True,0,0
0,80200,True,True,0,0
0,80300,True,True,0,0
0,80400,True,True,0,0
0,80500,True,True,0,0
0,80600,True,True,0,0
0,80700,True,True,0,0
0,80800,True,True,0,0
0,80900,True,True,0,0
0,81000,True,True,0,0
0,81100,True,True,0,0
0,81200,True,True,0,0
0,81300,True,True,0,0
0,81400,True,True,0,0
0,81500,True,True,0,0
0,81600,True,True,0,0
0,81700,True,True,0,0
0,81800,True,True,0,0
0,81900,True,True,0,0
0,82000,True,True,0,0
0,82100,True,True,0,0
0,82200,True,True,0,0
0,82300,True,True,0,0
0,82400,True,True,0,0
0,82500,True,True,0,0
0,82600,True,True,0,0
0,82700,True,True,0,0
0,82800,True,True,0,0
0,82900,True,True,0,0
0,83000,True,True,0,0
0,83100,True,True,0,0
0,83200,True,True,0,0
0,83300,True,True,0,0
0,83400,True,True,0,0
0,83500,True,True,0,0
0,83600,True,True,0,0
0,83700,True,True,0,0
0,83800,True,True,0,0
0,83900,True,True,0,0
0,84000,True,True,0,0
0,84100,True,True,0,0
0,84200,True,True,0,0
0,84300,True,True,0,0
0,84400,True,True,0,0
0,84500,True,True,0,0
0,84600,True,True,0,0
0,84700,True,True,0,0
0,84800,True,True,0,0
0,84900,True,True,0,0
0,85000,True,True,0,0
0,85100,True,True,0,0
0,85200,True,True,0,0
0,85300,True,True,0,0
0,85400,True,True,0,0
0,85500,True,True,0,0
0,85600,True,True,0,0
0,85700,True,True,0,0
0,85800,True,True,0,0
0,85900,True,True,0,0
0,86000,True,True,0,0
0,86100,True,True,0,0
0,86200,True,True,0,0
0,86300,True,True,0,0
0,86400,True,True,0,0
0,86500,True,True,0,0
0,86600,True,True,0,0
0,86700,True,True,0,0
0,86800,True,True,0,0
0,86900,True,True,0,0
0,87000,True,True,0,0
0,87100,True,True,0,0
0,87200,True,True,0,0
0,87300,True,True,0,0
0,87400,True,True,0,0
0,87500,True,True,0,0
0,87600,True,True,0,0
0,87700,True,True,0,0
0,87800,True,True,0,0
0,87900,True,True,0,0
0,88000,True,True,0,0
0,88100,True,True,0,0
0,88200,True,True,0,0
0,88300,True,True,0,0
0,88400,True,True,0,0
0,88500,True,True,0,0
0,88600,True,True,0,0
0,88700,True,True,0,0
0,88800,True,True,0,0
0,88900,True,True,0,0
0,89000,True,True,0,0
0,89100,True,True,0,0
0,89200,True,True,0,0
0,89300,True,True,0,0
0,89400,True,True,0,0
0,89500,True,True,0,0
0,89600,True,True,0,0
0,89700,True,True,0,0
0,89800,True,True,0,0
0,89900,True,True,0,0
0,90000,True,True,0,0
0,90100,True,True,0,0
0,90200,True,True,0,0
0,90300,True,True,0,0
0,90400,True,True,0,0
0,90500,True,True,0,0
0,90600,True,True,0,0
0,90700,True,True,0,0
0,90800,True,True,0,0
0,90900,True,True,0,0
0,91000,True,True,0,0
0,91100,True,True,0,0
0,91200,True,True,0,0
0,91300,True,True,0,0
0,91400,True,True,0,0
0,91500,True,True,0,0
0,91600,True,True,0,0
0,91700,True,True,0,0
0,91800,True,True,0,0
0,91900,True,True,0,0
0,92000,True,True,0,0
0,92100,True,True,0,0
0,92200,True,True,0,0
0,92300,True,True,0,0
0,92400,True,True,0,0
0,92500,True,True,0,0
0,92600,True,True,0,0
0,92700,True,True,0,0
0,92800,True,True,0,0
0,92900,True,True,0,0
0,93000,True,True,0,0
0,93100,True,True,0,0
0,93200,True,True,0,0
0,93300,True,True,0,0
0,93400,True,True,0,0
0,93500,True,True,0,0
0,93600,True,True,0,0
0,93700,True,True,0,0
0,93800,True,True,0,0
0,93900,True,True,0,0
0,94000,True,True,0,0
0,94100,True,True,0,0
0,94200,True,True,0,0
0,94300,True,True,0,0
0,94400,True,True,0,0
0,94500,True,True,0,0
0,94600,True,True,0,0
0,94700,True,True,0,0
0,94800,True,True,0,0
0,94900,True,True,0,0
0,95000,True,True,0,0
0,95100,True,True,0,0
0,95200,True,True,0,0
0,95300,True,True,0,0
0,95400,True,True,0,0
0,95500,True,True,0,0
0,95600,True,True,0,0
0,95700,True,True,0,0
0,95800,True,True,0,0
0,95900,True,True,0,0
0,96000,True,True,0,0
0,96100,True,True,0,0
0,96200,True,True,0,0
0,96300,True,True,0,0
0,96400,True,True,0,0
0,96500,True,True,0,0
0,96600,True,True,0,0
0,96700,True,True,0,0
0,96800,True,True,0,0
0,96900,True,True,0,0
0,97000,True,True,0,0
0,97100,True,True,0,0
0,97200,True,True,0,0
0,97300,True,True,0,0
0,97400,True,True,0,0
0,97500,True,True,0,0
0,97600,True,True,0,0
0,97700,True,True,0,0
0,97800,True,True,0,0
0,97900,True,True,0,0
0,98000,True,True,0,0
0,98100,True,True,0,0
0,98200,True,True,0,0
0,98300,True,True,0,0
0,98400,True,True,0,0
0,98500,True,True,0,0
0,98600,True,True,0,0
0,98700,True,True,0,0
0,98800,True,True,0,0
0,98900,True,True,0,0
0,99000,True,True,0,0
0,99100,True,True,0,0
0,99200,True,True,0,0
0,99300,True,True,0,0
0,99400,True,True,0,0
0,99500,True,True,0,0
0,99600,True,True,0,0
0,99700,True,True,0,0
0,99800,True,True,0,0
0,99900,True,True,0,0
0,100000,True,True,0,0
0,100100,True,True,0,0
0,100200,True,True,0,0
0,100300,True,True,0,0
0,100400,True,True,0,0
0,100500,True,True,0,0
0,100600,True,True,0,0
0,100700,True,True,0,0
0,100800,True,True,0,0
0,100900,True,True,0,0
0,101000,True,True,0,0
0,101100,True,True,0,0
0,101200,True,True,0,0
0,101300,True,True,0,0
0,101400,True,True,0,0
0,101500,True,True,0,0
0,101600,True,True,0,0
0,101700,True,True,0,0
0,101800,True,True,0,0
0,101900,True,True,0,0
0,102000,True,True,0,0
0,102100,True,True,0,0
0,102200,True,True,0,0
0,102300,True,True,0,0
0,102400,True,True,0,0
0,102500,True,True,0,0
0,102600,True,True,0,0
0,102700,True,True,0,0
0,102800,True,True,0,0
0,102900,True,True,0,0
0,103000,True,True,0,0
0,103100,True,True,0,0
0,103200,True,True,0,0
0,103300,True,True,0,0
0,103400,True,True,0,0
0,103500,True,True,0,0
0,103600,True,True,0,0
0,103700,True,True,0,0
0,103800,True,True,0,0
0,103900,True,True,0,0
0,104000,True,True,0,0
0,104100,True,True,0,0
0,104200,True,True,0,0
0,104300,True,True,0,0
0,104400,True,True,0,0
0,104500,True,True,0,0
0,104600,True,True,0,0
0,104700,True,True,0,0
0,104800,True,True,0,0
0,104900,True,True,0,0
0,105000,True,True,0,0
0,105100,True,True,0,0
0,105200,True,True,0,0
0,105300,True,True,0,0
0,105400,True,True,0,0
0,105500,True,True,0,0
0,105600,True,True,0,0
0,105700,True,True,0,0
0,105800,True,True,0,0
0,105900,True,True,0,0
0,106000,True,True,0,0
0,106100,True,True,0,0
0,106200,True,True,0,0
0,106300,True,True,0,0
0,106400,True,True,0,0
0,106500,True,True,0,0
0,106600,True,True,0,0
0,106700,True,True,0,0
0,106800,True,True,0,0
0,106900,True,True,0,0
0,107000,True,True,0,0
0,107100,True,True,0,0
0,107200,True,True,0,0
0,107300,True,True,0,0
0,107400,True,True,0,0
0,107500,True,True,0,0
0,107600,True,True,0,0
0,107700,True,True,0,0
0,107800,True,True,0,0
0,107900,True,True,0,0
0,108000,True,True,0,0
0,108100,True,True,0,0
0,108200,True,True,0,0
0,108300,True,True,0,0
0,108400,True,True,0,0
0,108500,True,True,0,0
0,108600,True,True,0,0
0,108700,True,True,0,0
0,108800,True,True,0,0
0,108900,True,True,0,0
0,109000,True,True,0,0
0,109100,True,True,0,0
0,109200,True,True,0,0
0,109300,True,True,0,0
0,109400,True,True,0,0
0,109500,True,True,0,0
0,109600,True,True,0,0
0,109700,True,True,0,0
0,109800,True,True,0,0
0,109900,True,True,0,0
0,110000,True,True,0,0
0,110100,True,True,0,0
0,110200,True,True,0,0
0,110300,True,True,0,0
0,110400,True,True,0,0
0,110500,True,True,0,0
0,110600,True,True,0,0
0,110700,True,True,0,0
0,110800,True,True,0,0
0,110900,True,True,0,0
0,111000,True,True,0,0
0,111100,True,True,0,0
0,111200,True,True,0,0
0,111300,True,True,0,0
0,111400,True,True,0,0
0,111500,True,True,0,0
0,111600,True,True,0,0
0,111700,True,True,0,0
0,111800,True,True,0,0
0,111900,True,True,0,0
0,112000,True,True,0,0
0,112100,True,True,0,0
0,112200,True,True,0,0
0,112300,True,True,0,0
0,112400,True,True,0,0
0,112500,True,True,0,0
0,112600,True,True,0,0
0,112700,True,True,0,0
0,112800,True,True,0,0
0,112900,True,True,0,0
0,113000,True,True,0,0
0,113100,True,True,0,0
0,113200,True,True,0,0
0,113300,True,True,0,0
0,113400,True,True,0,0
0,113500,True,True,0,0
0,113600,True,True,0,0
0,113700,True,True,0,0
0,113800,True,True,0,0
0,113900,True,True,0,0
0,114000,True,True,0,0
0,114100,True,True,0,0
0,114200,True,True,0,0
0,114300,True,True,0,0
0,114400,True,True,0,0
0,114500,True,True,0,0
0,114600,True,True,0,0
0,114700,True,True,0,0
0,114800,True,True,0,0
0,114900,True,True,0,0
0,115000,True,True,0,0
0,115100,True,True,0,0
0,115200,True,True,0,0
0,115300,True,True,0,0
0,115400,True,True,0,0
0,115500,True,True,0,0
0,115600,True,True,0,0
0,115700,True,True,0,0
0,115800,True,True,0,0
0,115900,True,True,0,0
0,116000,True,True,0,0
0,116100,True,True,0,0
0,116200,True,True,0,0
0,116300,True,True,0,0
0,116400,True,True,0,0
0,116500,True,True,0,0
0,116600,True,True,0,0
0,116700,True,True,0,0
0,116800,True,True,0,0
0,116900,True,True,0,0
0,117000,True,True,0,0
0,117100,True,True,0,0
0,117200,True,True,0,0
0,117300,True,True,0,0
0,117400,True,True,0,0
0,117500,True,True,0,0
0,117600,True,True,0,0
0,117700,True,True,0,0
0,117800,True,True,0,0
0,117900,True,True,0,0
0,118000,True,True,0,0
0,118100,True,True,0,0
0,118200,True,True,0,0
0,118300,True,True,0,0
0,118400,True,True,0,0
0,118500,True,True,0,0
0,118600,True,True,0,0
0,118700,True,True,0,0
0,118800,True,True,0,0
0,118900,True,True,0,0
0,119000,True,True,0,0
0,119100,True,True,0,0
0,119200,True,True,0,0
0,119300,True,True,0,0
0,119400,True,True,0,0
0,119500,True,True,0,0
0,119600,True,True,0,0
0,119700,True,True,0,0
0,119800,True,True,0,0
0,119900,True,True,0,0
0,120000,True,True,0,0
0,120100,True,True,0,0
0,120200,True,True,0,0
0,120300,True,True,0,0
0,120400,True,True,0,0
0,120500,True,True,0,0
0,120600,True,True,0,0
0,120700,True,True,0,0
0,120800,True,True,0,0
0,120900,True,True,0,0
0,121000,True,True,0,0
0,121100,True,True,0,0
0,121200,True,True,0,0
0,121300,True,True,0,0
0,121400,True,True,0,0
0,121500,True,True,0,0
0,121600,True,True,0,0
0,121700,True,True,0,0
0,121800,True,True,0,0
0,121900,True,True,0,0
0,122000,True,True,0,0
0,122100,True,True,0,0
0,122200,True,True,0,0
0,122300,True,True,0,0
0,122400,True,True,0,0
0,122500,True,True,0,0
0,122600,True,True,0,0
0,122700,True,True,0,0
0,122800,True,True,0,0
0,122900,True,True,0,0
0,123000,True,True,0,0
0,123100,True,True,0,0
0,123200,True,True,0,0
0,123300,True,True,0,0
0,123400,True,True,0,0
0,123500,True,True,0,0
0,123600,True,True,0,0
0,123700,True,True,0,0
0,123800,True,True,0,0
0,123900,True,True,0,0
0,124000,True,True,0,0
0,124100,True,True,0,0
0,124200,True,True,0,0
0,124300,True,True,0,0
0,124400,True,True,0,0
0,124500,True,True,0,0
0,124600,True,True,0,0
0,124700,True,True,0,0
0,124800,True,True,0,0
0,124900,True,True,0,0
0,125000,True,True,0,0
0,125100,True,True,0,0
0,125200,True,True,0,0
0,125300,True,True,0,0
0,125400,True,True,0,0
0,125500,True,True,0,0
0,125600,True,True,0,0
0,125700,True,True,0,0
0,125800,True,True,0,0
0,125900,True,True,0,0
0,126000,True,True,0,0
0,126100,True,True,0,0
0,126200,True,True,0,0
0,126300,True,True,0,0
0,126400,True,True,0,0
0,126500,True,True,0,0
0,126600,True,True,0,0
0,126700,True,True,0,0
0,126800,True,True,0,0
0,126900,True,True,0,0
0,127000,True,True,0,0
0,127100,True,True,0,0
0,127200,True,True,0,0
0,127300,True,True,0,0
0,127400,True,True,0,0
0,127500,True,True,0,0
0,127600,True,True,0,0
0,127700,True,True,0,0
0,127800,True,True,0,0
0,127900,True,True,0,0
0,128000,True,True,0,0
0,128100,True,True,0,0
0,128200,True,True,0,0
0,128300,True,True,0,0
0,128400,True,True,0,0
0,128500,True,True,0,0
0,128600,True,True,0,0
0,128700,True,True,0,0
0,128800,True,True,0,0
0,128900,True,True,0,0
0,129000,True,True,0,0
0,129100,True,True,0,0
0,129200,True,True,0,0
0,129300,True,True,0,0
0,129400,True,True,0,0
0,129500,True,True,0,0
0,129600,True,True,0,0
0,129700,True,True,0,0
0,129800,True,True,0,0
0,129900,True,True,0,0
0,130000,True,True,0,0
0,130100,True,True,0,0
0,130200,True,True,0,0
0,130300,True,True,0,0
0,130400,True,True,0,0
0,130500,True,True,0,0
0,130600,True,True,0,0
0,130700,True,True,0,0
0,130800,True,True,0,0
0,130900,True,True,0,0
0,131000,True,True,0,0
0,131100,True,True,0,0
0,131200,True,True,0,0
0,131300,True,True,0,0
0,131400,True,True,0,0
0,131500,True,True,0,0
0,131600,True,True,0,0
0,131700,True,True,0,0
0,131800,True,True,0,0
0,131900,True,True,0,0
0,132000,True,True,0,0
0,132100,True,True,0,0
0,132200,True,True,0,0
0,132300,True,True,0,0
0,132400,True,True,0,0
0,132500,True,True,0,0
0,132600,True,True,0,0
0,132700,True,True,0,0
0,132800,True,True,0,0
0,132900,True,True,0,0
0,133000,True,True,0,0
0,133100,True,True,0,0
0,133200,True,True,0,0
0,133300,True,True,0,0
0,133400,True,True,0,0
0,133500,True,True,0,0
0,133600,True,True,0,0
0,133700,True,True,0,0
0,133800,True,True,0,0
0,133900,True,True,0,0
0,134000,True,True,0,0
0,134100,True,True,0,0
0,134200,True,True,0,0
0,134300,True,True,0,0
0,134400,True,True,0,0
0,134500,True,True,0,0
0,134600,True,True,0,0
0,134700,True,True,0,0
0,134800,True,True,0,0
0,134900,True,True,0,0
0,135000,True,True,0,0
0,135100,True,True,0,0
0,135200,True,True,0,0
0,135300,True,True,0,0
0,135400,True,True,0,0
0,135500,True,True,0,0
0,135600,True,True,0,0
0,135700,True,True,0,0
0,135800,True,True,0,0
0,135900,True,True,0,0
0,136000,True,True,0,0
0,136100,True,True,0,0
0,136200,True,True,0,0
0,136300,True,True,0,0
0,136400,True,True,0,0
0,136500,True,True,0,0
0,136600,True,True,0,0
0,136700,True,True,0,0
0,136800,True,True,0,0
0,136900,True,True,0,0
0,137000,True,True,0,0
0,137100,True,True,0,0
0,137200,True,True,0,0
0,137300,True,True,0,0
0,137400,True,True,0,0
0,137500,True,True,0,0
0,137600,True,True,0,0
0,137700,True,True,0,0
0,137800,True,True,0,0
0,137900,True,True,0,0
0,138000,True,True,0,0
0,138100,True,True,0,0
0,138200,True,True,0,0
0,138300,True,True,0,0
0,138400,True,True,0,0
0,138500,True,True,0,0
0,138600,True,True,0,0
0,138700,True,True,0,0
0,138800,True,True,0,0
0,138900,True,True,0,0
0,139000,True,True,0,0
0,139100,True,True,0,0
0,139200,True,True,0,0
0,139300,True,True,0,0
0,139400,True,True,0,0
0,139500,True,True,0,0
0,139600,True,True,0,0
0,139700,True,True,0,0
0,139800,True,True,0,0
0,139900,True,True,0,0
0,140000,True,True,0,0
0,140100,True,True,0,0
0,140200,True,True,0,0
0,140300,True,True,0,0
0,140400,True,True,0,0
0,140500,True,True,0,0
0,140600,True,True,0,0
0,140700,True,True,0,0
0,140800,True,True,0,0
0,140900,True,True,0,0
0,141000,True,True,0,0
0,141100,True,True,0,0
0,141200,True,True,0,0
0,141300,True,True,0,0
0,141400,True,True,0,0
0,141500,True,True,0,0
0,141600,True,True,0,0
0,141700,True,True,0,0
0,141800,True,True,0,0
0,141900,True,True,0,0
0,142000,True,True,0,0
0,142100,True,True,0,0
0,142200,True,True,0,0
0,142300,True,True,0,0
0,142400,True,True,0,0
0,142500,True,True,0,0
0,142600,True,True,0,0
0,142700,True,True,0,0
0,142800,True,True,0,0
0,142900,True,True,0,0
0,143000,True,True,0,0
0,143100,True,True,0,0
0,143200,True,True,0,0
0,143300,True,True,0,0
0,143400,True,True,0,0
0,143500,True,True,0,0
0,143600,True,True,0,0
0,143700,True,True,0,0
0,143800,True,True,0,0
0,143900,True,True,0,0
0,144000,True,True,0,0
0,144100,True,True,0,0
0,144200,True,True,0,0
0,144300,True,True,0,0
0,144400,True,True,0,0
0,144500,True,True,0,0
0,144600,True,True,0,0
0,144700,True,True,0,0
0,144800,True,True,0,0
0,144900,True,True,0,0
0,145000,True,True,0,0
0,145100,True,True,0,0
0,145200,True,True,0,0
0,145300,True,True,0,0
0,145400,True,True,0,0
0,145500,True,True,0,0
0,145600,True,True,0,0
0,145700,True,True,0,0
0,145800,True,True,0,0
0,145900,True,True,0,0
0,146000,True,True,0,0
0,146100,True,True,0,0
0,146200,True,True,0,0
0,146300,True,True,0,0
0,146400,True,True,0,0
0,146500,True,True,0,0
0,146600,True,True,0,0
0,146700,True,True,0,0
0,146800,True,True,0,0
0,146900,True,True,0,0
0,147000,True,True,0,0
0,147100,True,True,0,0
0,147200,True,True,0,0
0,147300,True,True,0,0
0,147400,True,True,0,0
0,147500,True,True,0,0
0,147600,True,True,0,0
0,147700,True,True,0,0
0,147800,True,True,0,0
0,147900,True,True,0,0
0,148000,True,True,0,0
0,148100,True,True,0,0
0,148200,True,True,0,0
0,148300,True,True,0,0
0,148400,True,True,0,0
0,148500,True,True,0,0
0,148600,True,True,0,0
0,148700,True,True,0,0
0,148800,True,True,0,0
0,148900,True,True,0,0
0,149000,True,True,0,0
0,149100,True,True,0,0
0,149200,True,True,0,0
0,149300,True,True,0,0
0,149400,True,True,0,0
0,149500,True,True,0,0
0,149600,True,True,0,0
0,149700,True,True,0,0
0,149800,True,True,0,0
0,149900,True,True,0,0
0,150000,True,True,0,0
0,150100,True,True,0,0
0,150200,True,True,0,0
0,150300,True,True,0,0
0,150400,True,True,0,0
0,150500,True,True,0,0
0,150600,True,True,0,0
0,150700,True,True,0,0
0,150800,True,True,0,0
0,150900,True,True,0,0
0,151000,True,True,0,0
0,151100,True,True,0,0
0,151200,True,True,0,0
0,151300,True,True,0,0
0,151400,True,True,0,0
0,151500,True,True,0,0
0,151600,True,True,0,0
0,151700,True,True,0,0
0,151800,True,True,0,0
0,151900,True,True,0,0
0,152000,True,True,0,0
0,152100,True,True,0,0
0,152200,True,True,0,0
0,152300,True,True,0,0
0,152400,True,True,0,0
0,152500,True,True,0,0
0,152600,True,True,0,0
0,152700,True,True,0,0
0,152800,True,True,0,0
0,152900,True,True,0,0
0,153000,True,True,0,0
0,153100,True,True,0,0
0,153200,True,True,0,0
0,153300,True,True,0,0
0,153400,True,True,0,0
0,153500,True,True,0,0
0,153600,True,True,0,0
0,153700,True,True,0,0
0,153800,True,True,0,0
0,153900,True,True,0,0
0,154000,True,True,0,0
0,154100,True,True,0,0
0,154200,True,True,0,0
0,154300,True,True,0,0
0,154400,True,True,0,0
0,154500,True,True,0,0
0,154600,True,True,0,0
0,154700,True,True,0,0
0,154800,True,True,0,0
0,154900,True,True,0,0
0,155000,True,True,0,0
0,155100,True,True,0,0
0,155200,True,True,0,0
0,155300,True,True,0,0
0,155400,True,True,0,0
0,155500,True,True,0,0
0,155600,True,True,0,0
0,155700,True,True,0,0
0,155800,True,True,0,0
0,155900,True,True,0,0
0,156000,True,True,0,0
0,156100,True,True,0,0
0,156200,True,True,0,0
0,156300,True,True,0,0
0,156400,True,True,0,0
0,156500,True,True,0,0
0,156600,True,True,0,0
0,156700,True,True,0,0
0,156800,True,True,0,0
0,156900,True,True,0,0
0,157000,True,True,0,0
0,157100,True,True,0,0
0,157200,True,True,0,0
0,157300,True,True,0,0
0,157400,True,True,0,0
0,157500,True,True,0,0
0,157600,True,True,0,0
0,157700,True,True,0,0
0,157800,True,True,0,0
0,157900,True,True,0,0
0,158000,True,True,0,0
0,158100,True,True,0,0
0,158200,True,True,0,0
0,158300,True,True,0,0
0,158400,True,True,0,0
0,158500,True,True,0,0
0,158600,True,True,0,0
0,158700,True,True,0,0
0,158800,True,True,0,0
0,158900,True,True,0,0
0,159000,True,True,0,0
0,159100,True,True,0,0
0,159200,True,True,0,0
0,159300,True,True,0,0
0,159400,True,True,0,0
0,159500,True,True,0,0
0,159600,True,True,0,0
0,159700,True,True,0,0
0,159800,True,True,0,0
0,159900,True,True,0,0
0,160000,True,True,0,0
0,160100,True,True,0,0
0,160200,True,True,0,0
0,160300,True,True,0,0
0,160400,True,True,0,0
0,160500,True,True,0,0
0,160600,True,True,0,0
0,160700,True,True,0,0
0,160800,True,True,0,0
0,160900,True,True,0,0
0,161000,True,True,0,0
0,161100,True,True,0,0
0,161200,True,True,0,0
0,161300,True,True,0,0
0,161400,True,True,0,0
0,161500,True,True,0,0
0,161600,True,True,0,0
0,161700,True,True,0,0
0,161800,True,True,0,0
0,161900,True,True,0,0
0,162000,True,True,0,0
0,162100,True,True,0,0
0,162200,True,True,0,0
0,162300,True,True,0,0
0,162400,True,True,0,0
0,162500,True,True,0,0
0,162600,True,True,0,0
0,162700,True,True,0,0
0,162800,True,True,0,0
0,162900,True,True,0,0
0,163000,True,True,0,0
0,163100,True,True,0,0
0,163200,True,True,0,0
0,163300,True,True,0,0
0,163400,True,True,0,0
0,163500,True,True,0,0
0,163600,True,True,0,0
0,163700,True,True,0,0
0,163800,True,True,0,0
0,163900,True,True,0,0
0,164000,True,True,0,0
0,164100,True,True,0,0
0,164200,True,True,0,0
0,164300,True,True,0,0
0,164400,True,True,0,0
0,164500,True,True,0,0
0,164600,True,True,0,0
0,164700,True,True,0,0
0,164800,True,True,0,0
0,164900,True,True,0,0
0,165000,True,True,0,0
0,165100,True,True,0,0
0,165200,True,True,0,0
0,165300,True,True,0,0
0,165400,True,True,0,0
0,165500,True,True,0,0
0,165600,True,True,0,0
0,165700,True,True,0,0
0,165800,True,True,0,0
0,165900,True,True,0,0
0,166000,True,True,0,0
0,166100,True,True,0,0
0,166200,True,True,0,0
0,166300,True,True,0,0
0,166400,True,True,0,0
0,166500,True,True,0,0
0,166600,True,True,0,0
0,166700,True,True,0,0
0,166800,True,True,0,0
0,166900,True,True,0,0
0,167000,True,True,0,0
0,167100,True,True,0,0
0,167200,True,True,0,0
0,167300,True,True,0,0
0,167400,True,True,0,0
0,167500,True,True,0,0
0,167600,True,True,0,0
0,167700,True,True,0,0
0,167800,True,True,0,0
0,167900,True,True,0,0
0,168000,True,True,0,0
0,168100,True,True,0,0
0,168200,True,True,0,0
0,168300,True,True,0,0
0,168400,True,True,0,0
0,168500,True,True,0,0
0,168600,True,True,0,0
0,168700,True,True,0,0
0,168800,True,True,0,0
0,168900,True,True,0,0
0,169000,True,True,0,0
0,169100,True,True,0,0
0,169200,True,True,0,0
0,169300,True,True,0,0
0,169400,True,True,0,0
0,169500,True,True,0,0
0,169600,True,True,0,0
0,169700,True,True,0,0
0,169800,True,True,0,0
0,169900,True,True,0,0
0,170000,True,True,0,0
0,170100,True,True,0,0
0,170200,True,True,0,0
0,170300,True,True,0,0
0,170400,True,True,0,0
0,170500,True,True,0,0
0,170600,True,True,0,0
0,170700,True,True,0,0
0,170800,True,True,0,0
0,170900,True,True,0,0
0,171000,True,True,0,0
0,171100,True,True,0,0
0,171200,True,True,0,0
0,171300,True,True,0,0
0,171400,True,True,0,0
0,171500,True,True,0,0
0,171600,True,True,0,0
0,171700,True,True,0,0
0,171800,True,True,0,0
0,171900,True,True,0,0
0,172000,True,True,0,0
0,172100,True,True,0,0
0,172200,True,True,0,0
0,172300,True,True,0,0
0,172400,True,True,0,0
0,172500,True,True,0,0
0,172600,True,True,0,0
0,172700,True,True,0,0
0,172800,True,True,0,0
0,172900,True,True,0,0
0,173000,True,True,0,0
0,173100,True,True,0,0
0,173200,True,True,0,0
0,173300,True,True,0,0
0,173400,True,True,0,0
0,173500,True,True,0,0
0,173600,True,True,0,0
0,173700,True,True,0,0
0,173800,True,True,0,0
0,173900,True,True,0,0
0,174000,True,True,0,0
0,174100,True,True,0,0
0,174200,True,True,0,0
0,174300,True,True,0,0
0,174400,True,True,0,0
0,174500,True,True,0,0
0,174600,True,True,0,0
0,174700,True,True,0,0
0,174800,True,True,0,0
0,174900,True,True,0,0
0,175000,True,True,0,0
0,175100,True,True,0,0
0,175200,True,True,0,0
0,175300,True,True,0,0
0,175400,True,True,0,0
0,175500,True,True,0,0
0,175600,True,True,0,0
0,175700,True,True,0,0
0,175800,True,True,0,0
0,175900,True,True,0,0
0,176000,True,True,0,0
0,176100,True,True,0,0
0,176200,True,True,0,0
0,176300,True,True,0,0
0,176400,True,True,0,0
0,176500,True,True,0,0
0,176600,True,True,0,0
0,176700,True,True,0,0
0,176800,True,True,0,0
0,176900,True,True,0,0
0,177000,True,True,0,0
0,177100,True,True,0,0
0,177200,True,True,0,0
0,177300,True,True,0,0
0,177400,True,True,0,0
0,177500,True,True,0,0
0,177600,True,True,0,0
0,177700,True,True,0,0
0,177800,True,True,0,0
0,177900,True,True,0,0
0,178000,True,True,0,0
0,178100,True,True,0,0
0,178200,True,True,0,0
0,178300,True,True,0,0
0,178400,True,True,0,0
0,178500,True,True,0,0
0,178600,True,True,0,0
0,178700,True,True,0,0
0,178800,True,True,0,0
0,178900,True,True,0,0
0,179000,True,True,0,0
0,179100,True,True,0,0
0,179200,True,True,0,0
0,179300,True,True,0,0
0,179400,True,True,0,0
0,179500,True,True,0,0
0,179600,True,True,0,0
0,179700,True,True,0,0
0,179800,True,True,0,0
0,179900,True,True,0,0
0,180000,True,True,0,0
0,180100,True,True,0,0
0,180200,True,True,0,0
0,180300,True,True,0,0
0,180400,True,True,0,0
0,180500,True,True,0,0
0,180600,True,True,0,0
0,180700,True,True,0,0
0,180800,True,True,0,0
0,180900,True,True,0,0
0,181000,True,True,0,0
0,181100,True,True,0,0
0,181200,True,True,0,0
0,181300,True,True,0,0
0,181400,True,True,0,0
0,181500,True,True,0,0
0,181600,True,True,0,0
0,181700,True,True,0,0
0,181800,True,True,0,0
0,181900,True,True,0,0
0,182000,True,True,0,0
0,182100,True,True,0,0
0,182200,True,True,0,0
0,182300,True,True,0,0
0,182400,True,True,0,0
0,182500,True,True,0,0
0,182600,True,True,0,0
0,182700,True,True,0,0
0,182800,True,True,0,0
0,182900,True,True,0,0
0,183000,True,True,0,0
0,183100,True,True,0,0
0,183200,True,True,0,0
0,183300,True,True,0,0
0,183400,True,True,0,0
0,183500,True,True,0,0
0,183600,True,True,0,0
0,183700,True,True,0,0
0,183800,True,True,0,0
0,183900,True,True,0,0
0,184000,True,True,0,0
0,184100,True,True,0,0
0,184200,True,True,0,0
0,184300,True,True,0,0
0,184400,True,True,0,0
0,184500,True,True,0,0
0,184600,True,True,0,0
0,184700,True,True,0,0
0,184800,True,True,0,0
0,184900,True,True,0,0
0,185000,True,True,0,0
0,185100,True,True,0,0
0,185200,True,True,0,0
0,185300,True,True,0,0
0,185400,True,True,0,0
0,185500,True,True,0,0
0,185600,True,True,0,0
0,185700,True,True,0,0
0,185800,True,True,0,0
0,185900,True,True,0,0
0,186000,True,True,0,0
0,186100,True,True,0,0
0,186200,True,True,0,0
0,186300,True,True,0,0
0,186400,True,True,0,0
0,186500,True,True,0,0
0,186600,True,True,0,0
0,186700,True,True,0,0
0,186800,True,True,0,0
0,186900,True,True,0,0
0,187000,True,True,0,0
0,187100,True,True,0,0
0,187200,True,True,0,0
0,187300,True,True,0,0
0,187400,True,True,0,0
0,187500,True,True,0,0
0,187600,True,True,0,0
0,187700,True,True,0,0
0,187800,True,True,0,0
0,187900,True,True,0,0
0,188000,True,True,0,0
0,188100,True,True,0,0
0,188200,True,True,0,0
0,188300,True,True,0,0
0,188400,True,True,0,0
0,188500,True,True,0,0
0,188600,True,True,0,0
0,188700,True,True,0,0
0,188800,True,True,0,0
0,188900,True,True,0,0
0,189000,True,True,0,0
0,189100,True,True,0,0
0,189200,True,True,0,0
0,189300,True,True,0,0
0,189400,True,True,0,0
0,189500,True,True,0,0
0,189600,True,True,0,0
0,189700,True,True,0,0
0,189800,True,True,0,0
0,189900,True,True,0,0
0,190000,True,True,0,0
0,190100,True,True,0,0
0,190200,True,True,0,0
0,190300,True,True,0,0
0,190400,True,True,0,0
0,190500,True,True,0,0
0,190600,True,True,0,0
0,190700,True,True,0,0
0,190800,True,True,0,0
0,190900,True,True,0,0
0,191000,True,True,0,0
0,191100,True,True,0,0
0,191200,True,True,0,0
0,191300,True,True,0,0
0,191400,True,True,0,0
0,191500,True,True,0,0
0,191600,True,True,0,0
0,191700,True,True,0,0
0,191800,True,True,0,0
0,191900,True,True,0,0
0,192000,True,True,0,0
0,192100,True,True,0,0
0,192200,True,True,0,0
0,192300,True,True,0,0
0,192400,True,True,0,0
0,192500,True,True,0,0
0,192600,True,True,0,0
0,192700,True,True,0,0
0,192800,True,True,0,0
0,192900,True,True,0,0
0,193000,True,True,0,0
0,193100,True,True,0,0
0,193200,True,True,0,0
0,193300,True,True,0,0
0,193400,True,True,0,0
0,193500,True,True,0,0
0,193600,True,True,0,0
0,193700,True,True,0,0
0,193800,True,True,0,0
0,193900,True,True,0,0
0,194000,True,True,0,0
0,194100,True,True,0,0
0,194200,True,True,0,0
0,194300,True,True,0,0
0,194400,True,True,0,0
0,194500,True,True,0,0
0,194600,True,True,0,0
0,194700,True,True,0,0
0,194800,True,True,0,0
0,194900,True,True,0,0
0,195000,True,True,0,0
0,195100,True,True,0,0
0,195200,True,True,0,0
0,195300,True,True,0,0
0,195400,True,True,0,0
0,195500,True,True,0,0
0,195600,True,True,0,0
0,195700,True,True,0,0
0,195800,True,True,0,0
0,195900,True,True,0,0
0,196000,True,True,0,0
0,196100,True,True,0,0
0,196200,True,True,0,0
0,196300,True,True,0,0
0,196400,True,True,0,0
0,196500,True,True,0,0
0,196600,True,True,0,0
0,196700,True,True,0,0
0,196800,True,True,0,0
0,196900,True,True,0,0
0,197000,True,True,0,0
0,197100,True,True,0,0
0,197200,True,True,0,0
0,197300,True,True,0,0
0,197400,True,True,0,0
0,197500,True,True,0,0
0,197600,True,True,0,0
0,197700,True,True,0,0
0,197800,True,True,0,0
0,197900,True,True,0,0
0,198000,True,True,0,0
0,198100,True,True,0,0
0,198200,True,True,0,0
0,198300,True,True,0,0
0,198400,True,True,0,0
0,198500,True,True,0,0
0,198600,True,True,0,0
0,198700,True,True,0,0
0,198800,True,True,0,0
0,198900,True,True,0,0
0,199000,True,True,0,0
0,199100,True,True,0,0
0,199200,True,True,0,0
0,199300,True,True,0,0
0,199400,True,True,0,0
0,199500,True,True,0,0
0,199600,True,True,0,0
0,199700,True,True,0,0
0,199800,True,True,0,0
0,199900,True,True,0,0
0,200000,True,True,0,0
0,200100,True,True,0,0
0,200200,True,True,0,0
0,200300,True,True,0,0
0,200400,True,True,0,0
0,200500,True,True,0,0
0,200600,True,True,0,0
0,200700,True,True,0,0
0,200800,True,True,0,0
0,200900,True,True,0,0
0,201000,True,True,0,0
0,201100,True,True,0,0
0,201200,True,True,0,0
0,201300,True,True,0,0
0,201400,True,True,0,0
0,201500,True,True,0,0
0,201600,True,True,0,0
0,201700,True,True,0,0
0,201800,True,True,0,0
0,201900,True,True,0,0
0,202000,True,True,0,0
0,202100,True,True,0,0
0,202200,True,True,0,0
0,202300,True,True,0,0
0,202400,True,True,0,0
0,202500,True,True,0,0
0,202600,True,True,0,0
0,202700,True,True,0,0
0,202800,True,True,0,0
0,202900,True,True,0,0
0,203000,True,True,0,0
0,203100,True,True,0,0
0,203200,True,True,0,0
0,203300,True,True,0,0
0,203400,True,True,0,0
0,203500,True,True,0,0
0,203600,True,True,0,0
0,203700,True,True,0,0
0,203800,True,True,0,0
0,203900,True,True,0,0
0,204000,True,True,0,0
0,204100,True,True,0,0
0,204200,True,True,0,0
0,204300,True,True,0,0
0,204400,True,True,0,0
0,204500,True,True,0,0
0,204600,True,True,0,0
0,204700,True,True,0,0
0,204800,True,True,0,0
0,204900,True,True,0,0
0,205000,True,True,0,0
0,205100,True,True,0,0
0,205200,True,True,0,0
0,205300,True,True,0,0
0,205400,True,True,0,0
0,205500,True,True,0,0
0,205600,True,True,0,0
0,205700,True,True,0,0
0,205800,True,True,0,0
0,205900,True,True,0,0
0,206000,True,True,0,0
0,206100,True,True,0,0
0,206200,True,True,0,0
0,206300,True,True,0,0
0,206400,True,True,0,0
0,206500,True,True,0,0
0,206600,True,True,0,0
0,206700,True,True,0,0
0,206800,True,True,0,0
0,206900,True,True,0,0
0,207000,True,True,0,0
0,207100,True,True,0,0
0,207200,True,True,0,0
0,207300,True,True,0,0
0,207400,True,True,0,0
0,207500,True,True,0,0
0,207600,True,True,0,0
0,207700,True,True,0,0
0,207800,True,True,0,0
0,207900,True,True,0,0
0,208000,True,True,0,0
0,208100,True,True,0,0
0,208200,True,True,0,0
0,208300,True,True,0,0
0,208400,True,True,0,0
0,208500,True,True,0,0
0,208600,True,True,0,0
0,208700,True,True,0,0
0,208800,True,True,0,0
0,208900,True,True,0,0
0,209000,True,True,0,0
0,209100,True,True,0,0
0,209200,True,True,0,0
0,209300,True,True,0,0
0,209400,True,True,0,0
0,209500,True,True,0,0
0,209600,True,True,0,0
0,209700,True,True,0,0
0,209800,True,True,0,0
0,209900,True,True,0,0
0,210000,True,True,0,0
0,210100,True,True,0,0
0,210200,True,True,0,0
0,210300,True,True,0,0
0,210400,True,True,0,0
0,210500,True,True,0,0
0,210600,True,True,0,0
0,210700,True,True,0,0
0,210800,True,True,0,0
0,210900,True,True,0,0
0,211000,True,True,0,0
0,211100,True,True,0,0
0,211200,True,True,0,0
0,211300,True,True,0,0
0,211400,True,True,0,0
0,211500,True,True,0,0
0,211600,True,True,0,0
0,211700,True,True,0,0
0,211800,True,True,0,0
0,211900,True,True,0,0
0,212000,True,True,0,0
0,212100,True,True,0,0
0,212200,True,True,0,0
0,212300,True,True,0,0
0,212400,True,True,0,0
0,212500,True,True,0,0
0,212600,True,True,0,0
0,212700,True,True,0,0
0,212800,True,True,0,0
0,212900,True,True,0,0
0,213000,True,True,0,0
0,213100,True,True,0,0
0,213200,True,True,0,0
0,213300,True,True,0,0
0,213400,True,True,0,0
0,213500,True,True,0,0
0,213600,True,True,0,0
0,213700,True,True,0,0
0,213800,True,True,0,0
0,213900,True,True,0,0
0,214000,True,True,0,0
0,214100,True,True,0,0
0,214200,True,True,0,0
0,214300,True,True,0,0
0,214400,True,True,0,0
0,214500,True,True,0,0
0,214600,True,True,0,0
0,214700,True,True,0,0
0,214800,True,True,0,0
0,214900,True,True,0,0
0,215000,True,True,0,0
0,215100,True,True,0,0
0,215200,True,True,0,0
0,215300,True,True,0,0
0,215400,True,True,0,0
0,215500,True,True,0,0
0,215600,True,True,0,0
0,215700,True,True,0,0
0,215800,True,True,0,0
0,215900,True,True,0,0
0,216000,True,True,0,0
0,216100,True,True,0,0
0,216200,True,True,0,0
0,216300,True,True,0,0
0,216400,True,True,0,0
0,216500,True,True,0,0
0,216600,True,True,0,0
0,216700,True,True,0,0
0,216800,True,True,0,0
0,216900,True,True,0,0
0,217000,True,True,0,0
0,217100,True,True,0,0
0,217200,True,True,0,0
0,217300,True,True,0,0
0,217400,True,True,0,0
0,217500,True,True,0,0
0,217600,True,True,0,0
0,217700,True,True,0,0
0,217800,True,True,0,0
0,217900,True,True,0,0
0,218000,True,True,0,0
0,218100,True,True,0,0
0,218200,True,True,0,0
0,218300,True,True,0,0
0,218400,True,True,0,0
0,218500,True,True,0,0
0,218600,True,True,0,0
0,218700,True,True,0,0
0,218800,True,True,0,0
0,218900,True,True,0,0
0,219000,True,True,0,0
0,219100,True,True,0,0
0,219200,True,True,0,0
0,219300,True,True,0,0
0,219400,True,True,0,0
0,219500,True,True,0,0
0,219600,True,True,0,0
0,219700,True,True,0,0
0,219800,True,True,0,0
0,219900,True,True,0,0
0,220000,True,True,0,0
0,220100,True,True,0,0
0,220200,True,True,0,0
0,220300,True,True,0,0
0,220400,True,True,0,0
0,220500,True,True,0,0
0,220600,True,True,0,0
0,220700,True,True,0,0
0,220800,True,True,0,0
0,220900,True,True,0,0
0,221000,True,True,0,0
0,221100,True,True,0,0
0,221200,True,True,0,0
0,221300,True,True,0,0
0,221400,True,True,0,0
0,221500,True,True,0,0
0,221600,True,True,0,0
0,221700,True,True,0,0
0,221800,True,True,0,0
0,221900,True,True,0,0
0,222000,True,True,0,0
0,222100,True,True,0,0
0,222200,True,True,0,0
0,222300,True,True,0,0
0,222400,True,True,0,0
0,222500,True,True,0,0
0,222600,True,True,0,0
0,222700,True,True,0,0
0,222800,True,True,0,0
0,222900,True,True,0,0
0,223000,True,True,0,0
0,223100,True,True,0,0
0,223200,True,True,0,0
0,223300,True,True,0,0
0,223400,True,True,0,0
0,223500,True,True,0,0
0,223600,True,True,0,0
0,223700,True,True,0,0
0,223800,True,True,0,0
0,223900,True,True,0,0
0,224000,True,True,0,0
0,224100,True,True,0,0
0,224200,True,True,0,0
0,224300,True,True,0,0
0,224400,True,True,0,0
0,224500,True,True,0,0
0,224600,True,True,0,0
0,224700,True,True,0,0
0,224800,True,True,0,0
0,224900,True,True,0,0
0,225000,True,True,0,0
0,225100,True,True,0,0
0,225200,True,True,0,0
0,225300,True,True,0,0
0,225400,True,True,0,0
0,225500,True,True,0,0
0,225600,True,True,0,0
0,225700,True,True,0,0
0,225800,True,True,0,0
0,225900,True,True,0,0
0,226000,True,True,0,0
0,226100,True,True,0,0
0,226200,True,True,0,0
0,226300,True,True,0,0
0,226400,True,True,0,0
0,226500,True,True,0,0
0,226600,True,True,0,0
0,226700,True,True,0,0
0,226800,True,True,0,0
0,226900,True,True,0,0
0,227000,True,True,0,0
0,227100,True,True,0,0
0,227200,True,True,0,0
0,227300,True,True,0,0
0,227400,True,True,0,0
0,227500,True,True,0,0
0,227600,True,True,0,0
0,227700,True,True,0,0
0,227800,True,True,0,0
0,227900,True,True,0,0
0,228000,True,True,0,0
0,228100,True,True,0,0
0,228200,True,True,0,0
0,228300,True,True,0,0
0,228400,True,True,0,0
0,228500,True,True,0,0
0,228600,True,True,0,0
0,228700,True,True,0,0
0,228800,True,True,0,0
0,228900,True,True,0,0
0,229000,True,True,0,0
0,229100,True,True,0,0
0,229200,True,True,0,0
0,229300,True,True,0,0
0,229400,True,True,0,0
0,229500,True,True,0,0
0,229600,True,True,0,0
0,229700,True,True,0,0
0,229800,True,True,0,0
0,229900,True,True,0,0
0,230000,True,True,0,0
0,230100,True,True,0,0
0,230200,True,True,0,0
0,230300,True,True,0,0
0,230400,True,True,0,0
0,230500,True,True,0,0
0,230600,True,True,0,0
0,230700,True,True,0,0
0,230800,True,True,0,0
0,230900,True,True,0,0
0,231000,True,True,0,0
0,231100,True,True,0,0
0,231200,True,True,0,0
0,231300,True,True,0,0
0,231400,True,True,0,0
0,231500,True,True,0,0
0,231600,True,True,0,0
0,231700,True,True,0,0
0,231800,True,True,0,0
0,231900,True,True,0,0
0,232000,True,True,0,0
0,232100,True,True,0,0
0,232200,True,True,0,0
0,232300,True,True,0,0
0,232400,True,True,0,0
0,232500,True,True,0,0
0,232600,True,True,0,0
0,232700,True,True,0,0
0,232800,True,True,0,0
0,232900,True,True,0,0
0,233000,True,True,0,0
0,233100,True,True,0,0
0,233200,True,True,0,0
0,233300,True,True,0,0
0,233400,True,True,0,0
0,233500,True,True,0,0
0,233600,True,True,0,0
0,233700,True,True,0,0
0,233800,True,True,0,0
0,233900,True,True,0,0
0,234000,True,True,0,0
0,234100,True,True,0,0
0,234200,True,True,0,0
0,234300,True,True,0,0
0,234400,True,True,0,0
0,234500,True,True,0,0
0,234600,True,True,0,0
0,234700,True,True,0,0
0,234800,True,True,0,0
0,234900,True,True,0,0
0,235000,True,True,0,0
0,235100,True,True,0,0
0,235200,True,True,0,0
0,235300,True,True,0,0
0,235400,True,True,0,0
0,235500,True,True,0,0
0,235600,True,True,0,0
0,235700,True,True,0,0
0,235800,True,True,0,0
0,235900,True,True,0,0
0,236000,True,True,0,0
0,236100,True,True,0,0
0,236200,True,True,0,0
0,236300,True,True,0,0
0,236400,True,True,0,0
0,236500,True,True,0,0
0,236600,True,True,0,0
0,236700,True,True,0,0
0,236800,True,True,0,0
0,236900,True,True,0,0
0,237000,True,True,0,0
0,237100,True,True,0,0
0,237200,True,True,0,0
0,237300,True,True,0,0
0,237400,True,True,0,0
0,237500,True,True,0,0
0,237600,True,True,0,0
0,237700,True,True,0,0
0,237800,True,True,0,0
0,237900,True,True,0,0
0,238000,True,True,0,0
0,238100,True,True,0,0
0,238200,True,True,0,0
0,238300,True,True,0,0
0,238400,True,True,0,0
0,238500,True,True,0,0
0,238600,True,True,0,0
0,238700,True,True,0,0
0,238800,True,True,0,0
0,238900,True,True,0,0
0,239000,True,True,0,0
0,239100,True,True,0,0
0,239200,True,True,0,0
0,239300,True,True,0,0
0,239400,True,True,0,0
0,239500,True,True,0,0
0,239600,True,True,0,0
0,239700,True,True,0,0
0,239800,True,True,0,0
0,239900,True,True,0,0
0,240000,True,True,0,0
0,240100,True,True,0,0
0,240200,True,True,0,0
0,240300,True,True,0,0
0,240400,True,True,0,0
0,240500,True,True,0,0
0,240600,True,True,0,0
0,240700,True,True,0,0
0,240800,True,True,0,0
0,240900,True,True,0,0
0,241000,True,True,0,0
0,241100,True,True,0,0
0,241200,True,True,0,0
0,241300,True,True,0,0
0,241400,True,True,0,0
0,241500,True,True,0,0
0,241600,True,True,0,0
0,241700,True,True,0,0
0,241800,True,True,0,0
0,241900,True,True,0,0
0,242000,True,True,0,0
0,242100,True,True,0,0
0,242200,True,True,0,0
0,242300,True,True,0,0
0,242400,True,True,0,0
0,242500,True,True,0,0
0,242600,True,True,0,0
0,242700,True,True,0,0
0,242800,True,True,0,0
0,242900,True,True,0,0
0,243000,True,True,0,0
0,243100,True,True,0,0
0,243200,True,True,0,0
0,243300,True,True,0,0
0,243400,True,True,0,0
0,243500,True,True,0,0
0,243600,True,True,0,0
0,243700,True,True,0,0
0,243800,True,True,0,0
0,243900,True,True,0,0
0,244000,True,True,0,0
0,244100,True,True,0,0
0,244200,True,True,0,0
0,244300,True,True,0,0
0,244400,True,True,0,0
0,244500,True,True,0,0
0,244600,True,True,0,0
0,244700,True,True,0,0
0,244800,True,True,0,0
0,244900,True,True,0,0
0,245000,True,True,0,0
0,245100,True,True,0,0
0,245200,True,True,0,0
0,245300,True,True,0,0
0,245400,True,True,0,0
0,245500,True,True,0,0
0,245600,True,True,0,0
0,245700,True,True,0,0
0,245800,True,True,0,0
0,245900,True,True,0,0
0,246000,True,True,0,0
0,246100,True,True,0,0
0,246200,True,True,0,0
0,246300,True,True,0,0
0,246400,True,True,0,0
0,246500,True,True,0,0
0,246600,True,True,0,0
0,246700,True,True,0,0
0,246800,True,True,0,0
0,246900,True,True,0,0
0,247000,True,True,0,0
0,247100,True,True,0,0
0,247200,True,True,0,0
0,247300,True,True,0,0
0,247400,True,True,0,0
0,247500,True,True,0,0
0,247600,True,True,0,0
0,247700,True,True,0,0
0,247800,True,True,0,0
0,247900,True,True,0,0
0,248000,True,True,0,0
0,248100,True,True,0,0
0,248200,True,True,0,0
0,248300,True,True,0,0
0,248400,True,True,0,0
0,248500,True,True,0,0
0,248600,True,True,0,0
0,248700,True,True,0,0
0,248800,True,True,0,0
0,248900,True,True,0,0
0,249000,True,True,0,0
0,249100,True,True,0,0
0,249200,True,True,0,0
0,249300,True,True,0,0
0,249400,True,True,0,0
0,249500,True,True,0,0
0,249600,True,True,0,0
0,249700,True,True,0,0
0,249800,True,True,0,0
0,249900,True,True,0,0
0,250000,True,True,0,0
0,250100,True,True,0,0
0,250200,True,True,0,0
0,250300,True,True,0,0
0,250400,True,True,0,0
0,250500,True,True,0,0
0,250600,True,True,0,0
0,250700,True,True,0,0
0,250800,True,True,0,0
0,250900,True,True,0,0
0,251000,True,True,0,0
0,251100,True,True,0,0
0,251200,True,True,0,0
0,251300,True,True,0,0
0,251400,True,True,0,0
0,251500,True,True,0,0
0,251600,True,True,0,0
0,251700,True,True,0,0
0,251800,True,True,0,0
0,251900,True,True,0,0
0,252000,True,True,0,0
0,252100,True,True,0,0
0,252200,True,True,0,0
0,252300,True,True,0,0
0,252400,True,True,0,0
0,252500,True,True,0,0
0,252600,True,True,0,0
0,252700,True,True,0,0
0,252800,True,True,0,0
0,252900,True,True,0,0
0,253000,True,True,0,0
0,253100,True,True,0,0
0,253200,True,True,0,0
0,253300,True,True,0,0
0,253400,True,True,0,0
0,253500,True,True,0,0
0,253600,True,True,0,0
0,253700,True,True,0,0
0,253800,True,True,0,0
0,253900,True,True,0,0
0,254000,True,True,0,0
0,254100,True,True,0,0
0,254200,True,True,0,0
0,254300,True,True,0,0
0,254400,True,True,0,0
0,254500,True,True,0,0
0,254600,True,True,0,0
0,254700,True,True,0,0
0,254800,True,True,0,0
0,254900,True,True,0,0
0,255000,True,True,0,0
0,255100,True,True,0,0
0,255200,True,True,0,0
0,255300,True,True,0,0
0,255400,True,True,0,0
0,255500,True,True,0,0
0,255600,True,True,0,0
0,255700,True,True,0,0
0,255800,True,True,0,0
0,255900,True,True,0,0
0,256000,True,True,0,0
0,256100,True,True,0,0
0,256200,True,True,0,0
0,256300,True,True,0,0
0,256400,True,True,0,0
0,256500,True,True,0,0
0,256600,True,True,0,0
0,256700,True,True,0,0
0,256800,True,True,0,0
0,256900,True,True,0,0
0,257000,True,True,0,0
0,257100,True,True,0,0
0,257200,True,True,0,0
0,257300,True,True,0,0
0,257400,True,True,0,0
0,257500,True,True,0,0
0,257600,True,True,0,0
0,257700,True,True,0,0
0,257800,True,True,0,0
0,257900,True,True,0,0
0,258000,True,True,0,0
0,258100,True,True,0,0
0,258200,True,True,0,0
0,258300,True,True,0,0
0,258400,True,True,0,0
0,258500,True,True,0,0
0,258600,True,True,0,0
0,258700,True,True,0,0
0,258800,True,True,0,0
0,258900,True,True,0,0
0,259000,True,True,0,0
0,259100,True,True,0,0
0,259200,True,True,0,0
0,259300,True,True,0,0
0,259400,True,True,0,0
0,259500,True,True,0,0
0,259600,True,True,0,0
0,259700,True,True,0,0
0,259800,True,True,0,0
0,259900,True,True,0,0
0,260000,True,True,0,0
0,260100,True,True,0,0
0,260200,True,True,0,0
0,260300,True,True,0,0
0,260400,True,True,0,0
0,260500,True,True,0,0
0,260600,True,True,0,0
0,260700,True,True,0,0
0,260800,True,True,0,0
0,260900,True,True,0,0
0,261000,True,True,0,0
0,261100,True,True,0,0
0,261200,True,True,0,0
0,261300,True,True,0,0
0,261400,True,True,0,0
0,261500,True,True,0,0
0,261600,True,True,0,0
0,261700,True,True,0,0
0,261800,True,True,0,0
0,261900,True,True,0,0
0,262000,True,True,0,0
0,262100,True,True,0,0
0,262200,True,True,0,0
0,262300,True,True,0,0
0,262400,True,True,0,0
0,262500,True,True,0,0
0,262600,True,True,0,0
0,262700,True,True,0,0
0,262800,True,True,0,0
0,262900,True,True,0,0
0,263000,True,True,0,0
0,263100,True,True,0,0
0,263200,True,True,0,0
0,263300,True,True,0,0
0,263400,True,True,0,0
0,263500,True,True,0,0
0,263600,True,True,0,0
0,263700,True,True,0,0
0,263800,True,True,0,0
0,263900,True,True,0,0
0,264000,True,True,0,0
0,264100,True,True,0,0
0,264200,True,True,0,0
0,264300,True,True,0,0
0,264400,True,True,0,0
0,264500,True,True,0,0
0,264600,True,True,0,0
0,264700,True,True,0,0
0,264800,True,True,0,0
0,264900,True,True,0,0
0,265000,True,True,0,0
0,265100,True,True,0,0
0,265200,True,True,0,0
0,265300,True,True,0,0
0,265400,True,True,0,0
0,265500,True,True,0,0
0,265600,True,True,0,0
0,265700,True,True,0,0
0,265800,True,True,0,0
0,265900,True,True,0,0
0,266000,True,True,0,0
0,266100,True,True,0,0
0,266200,True,True,0,0
0,266300,True,True,0,0
0,266400,True,True,0,0
0,266500,True,True,0,0
0,266600,True,True,0,0
0,266700,True,True,0,0
0,266800,True,True,0,0
0,266900,True,True,0,0
0,267000,True,True,0,0
0,267100,True,True,0,0
0,267200,True,True,0,0
0,267300,True,True,0,0
0,267400,True,True,0,0
0,267500,True,True,0,0
0,267600,True,True,0,0
0,267700,True,True,0,0
0,267800,True,True,0,0
0,267900,True,True,0,0
0,268000,True,True,0,0
0,268100,True,True,0,0
0,268200,True,True,0,0
0,268300,True,True,0,0
0,268400,True,True,0,0
0,268500,True,True,0,0
0,268600,True,True,0,0
0,268700,True,True,0,0
0,268800,True,True,0,0
0,268900,True,True,0,0
0,269000,True,True,0,0
0,269100,True,True,0,0
0,269200,True,True,0,0
0,269300,True,True,0,0
0,269400,True,True,0,0
0,269500,True,True,0,0
0,269600,True,True,0,0
0,269700,True,True,0,0
0,269800,True,True,0,0
0,269900,True,True,0,0
0,270000,True,True,0,0
0,270100,True,True,0,0
0,270200,True,True,0,0
0,270300,True,True,0,0
0,270400,True,True,0,0
0,270500,True,True,0,0
0,270600,True,True,0,0
0,270700,True,True,0,0
0,270800,True,True,0,0
0,270900,True,True,0,0
0,271000,True,True,0,0
0,271100,True,True,0,0
0,271200,True,True,0,0
0,271300,True,True,0,0
0,271400,True,True,0,0
0,271500,True,True,0,0
0,271600,True,True,0,0
0,271700,True,True,0,0
0,271800,True,True,0,0
0,271900,True,True,0,0
0,272000,True,True,0,0
0,272100,True,True,0,0
0,272200,True,True,0,0
0,272300,True,True,0,0
0,272400,True,True,0,0
0,272500,True,True,0,0
0,272600,True,True,0,0
0,272700,True,True,0,0
0,272800,True,True,0,0
0,272900,True,True,0,0
0,273000,True,True,0,0
0,273100,True,True,0,0
0,273200,True,True,0,0
0,273300,True,True,0,0
0,273400,True,True,0,0
0,273500,True,True,0,0
0,273600,True,True,0,0
0,273700,True,True,0,0
0,273800,True,True,0,0
0,273900,True,True,0,0
0,274000,True,True,0,0
0,274100,True,True,0,0
0,274200,True,True,0,0
0,274300,True,True,0,0
0,274400,True,True,0,0
0,274500,True,True,0,0
0,274600,True,True,0,0
0,274700,True,True,0,0
0,274800,True,True,0,0
0,274900,True,True,0,0
0,275000,True,True,0,0
0,275100,True,True,0,0
0,275200,True,True,0,0
0,275300,True,True,0,0
0,275400,True,True,0,0
0,275500,True,True,0,0
0,275600,True,True,0,0
0,275700,True,True,0,0
0,275800,True,True,0,0
0,275900,True,True,0,0
0,276000,True,True,0,0
0,276100,True,True,0,0
0,276200,True,True,0,0
0,276300,True,True,0,0
0,276400,True,True,0,0
0,276500,True,True,0,0
0,276600,True,True,0,0
0,276700,True,True,0,0
0,276800,True,True,0,0
0,276900,True,True,0,0
0,277000,True,True,0,0
0,277100,True,True,0,0
0,277200,True,True,0,0
0,277300,True,True,0,0
0,277400,True,True,0,0
0,277500,True,True,0,0
0,277600,True,True,0,0
0,277700,True,True,0,0
0,277800,True,True,0,0
0,277900,True,True,0,0
0,278000,True,True,0,0
0,278100,True,True,0,0
0,278200,True,True,0,0
0,278300,True,True,0,0
0,278400,True,True,0,0
0,278500,True,True,0,0
0,278600,True,True,0,0
0,278700,True,True,0,0
0,278800,True,True,0,0
0,278900,True,True,0,0
0,279000,True,True,0,0
0,279100,True,True,0,0
0,279200,True,True,0,0
0,279300,True,True,0,0
0,279400,True,True,0,0
0,279500,True,True,0,0
0,279600,True,True,0,0
0,279700,True,True,0,0
0,279800,True,True,0,0
0,279900,True,True,0,0
0,280000,True,True,0,0
0,280100,True,True,0,0
0,280200,True,True,0,0
0,280300,True,True,0,0
0,280400,True,True,0,0
0,280500,True,True,0,0
0,280600,True,True,0,0
0,280700,True,True,0,0
0,280800,True,True,0,0
0,280900,True,True,0,0
0,281000,True,True,0,0
0,281100,True,True,0,0
0,281200,True,True,0,0
0,281300,True,True,0,0
0,281400,True,True,0,0
0,281500,True,True,0,0
0,281600,True,True,0,0
0,281700,True,True,0,0
0,281800,True,True,0,0
0,281900,True,True,0,0
0,282000,True,True,0,0
0,282100,True,True,0,0
0,282200,True,True,0,0
0,282300,True,True,0,0
0,282400,True,True,0,0
0,282500,True,True,0,0
0,282600,True,True,0,0
0,282700,True,True,0,0
0,282800,True,True,0,0
0,282900,True,True,0,0
0,283000,True,True,0,0
0,283100,True,True,0,0
0,283200,True,True,0,0
0,283300,True,True,0,0
0,283400,True,True,0,0
0,283500,True,True,0,0
0,283600,True,True,0,0
0,283700,True,True,0,0
0,283800,True,True,0,0
0,283900,True,True,0,0
0,284000,True,True,0,0
0,284100,True,True,0,0
0,284200,True,True,0,0
0,284300,True,True,0,0
0,284400,True,True,0,0
0,284500,True,True,0,0
0,284600,True,True,0,0
0,284700,True,True,0,0
0,284800,True,True,0,0
0,284900,True,True,0,0
0,285000,True,True,0,0
0,285100,True,True,0,0
0,285200,True,True,0,0
0,285300,True,True,0,0
0,285400,True,True,0,0
0,285500,True,True,0,0
0,285600,True,True,0,0
0,285700,True,True,0,0
0,285800,True,True,0,0
0,285900,True,True,0,0
0,286000,True,True,0,0
0,286100,True,True,0,0
0,286200,True,True,0,0
0,286300,True,True,0,0
0,286400,True,True,0,0
0,286500,True,True,0,0
0,286600,True,True,0,0
0,286700,True,True,0,0
0,286800,True,True,0,0
0,286900,True,True,0,0
0,287000,True,True,0,0
0,287100,True,True,0,0
0,287200,True,True,0,0
0,287300,True,True,0,0
0,287400,True,True,0,0
0,287500,True,True,0,0
0,287600,True,True,0,0
0,287700,True,True,0,0
0,287800,True,True,0,0
0,287900,True,True,0,0
0,288000,True,True,0,0
0,288100,True,True,0,0
0,288200,True,True,0,0
0,288300,True,True,0,0
0,288400,True,True,0,0
0,288500,True,True,0,0
0,288600,True,True,0,0
0,288700,True,True,0,0
0,288800,True,True,0,0
0,288900,True,True,0,0
0,289000,True,True,0,0
0,289100,True,True,0,0
0,289200,True,True,0,0
0,289300,True,True,0,0
0,289400,True,True,0,0
0,289500,True,True,0,0
0,289600,True,True,0,0
0,289700,True,True,0,0
0,289800,True,True,0,0
0,289900,True,True,0,0
0,290000,True,True,0,0
0,290100,True,True,0,0
0,290200,True,True,0,0
0,290300,True,True,0,0
0,290400,True,True,0,0
0,290500,True,True,0,0
0,290600,True,True,0,0
0,290700,True,True,0,0
0,290800,True,True,0,0
0,290900,True,True,0,0
0,291000,True,True,0,0
0,291100,True,True,0,0
0,291200,True,True,0,0
0,291300,True,True,0,0
0,291400,True,True,0,0
0,291500,True,True,0,0
0,291600,True,True,0,0
0,291700,True,True,0,0
0,291800,True,True,0,0
0,291900,True,True,0,0
0,292000,True,True,0,0
0,292100,True,True,0,0
0,292200,True,True,0,0
0,292300,True,True,0,0
0,292400,True,True,0,0
0,292500,True,True,0,0
0,292600,True,True,0,0
0,292700,True,True,0,0
0,292800,True,True,0,0
0,292900,True,True,0,0
0,293000,True,True,0,0
0,293100,True,True,0,0
0,293200,True,True,0,0
0,293300,True,True,0,0
0,293400,True,True,0,0
0,293500,True,True,0,0
0,293600,True,True,0,0
0,293700,True,True,0,0
0,293800,True,True,0,0
0,293900,True,True,0,0
0,294000,True,True,0,0
0,294100,True,True,0,0
0,294200,True,True,0,0
0,294300,True,True,0,0
0,294400,True,True,0,0
0,294500,True,True,0,0
0,294600,True,True,0,0
0,294700,True,True,0,0
0,294800,True,True,0,0
0,294900,True,True,0,0
0,295000,True,True,0,0
0,295100,True,True,0,0
0,295200,True,True,0,0
0,295300,True,True,0,0
0,295400,True,True,0,0
0,295500,True,True,0,0
0,295600,True,True,0,0
0,295700,True,True,0,0
0,295800,True,True,0,0
0,295900,True,True,0,0
0,296000,True,True,0,0
0,296100,True,True,0,0
0,296200,True,True,0,0
0,296300,True,True,0,0
0,296400,True,True,0,0
0,296500,True,True,0,0
0,296600,True,True,0,0
0,296700,True,True,0,0
0,296800,True,True,0,0
0,296900,True,True,0,0
0,297000,True,True,0,0
0,297100,True,True,0,0
0,297200,True,True,0,0
0,297300,True,True,0,0
0,297400,True,True,0,0
0,297500,True,True,0,0
0,297600,True,True,0,0
0,297700,True,True,0,0
0,297800,True,True,0,0
0,297900,True,True,0,0
0,298000,True,True,0,0
0,298100,True,True,0,0
0,298200,True,True,0,0
0,298300,True,True,0,0
0,298400,True,True,0,0
0,298500,True,True,0,0
0,298600,True,True,0,0
0,298700,True,True,0,0
0,298800,True,True,0,0
0,298900,True,True,0,0
0,299000,True,True,0,0
0,299100,True,True,0,0
0,299200,True,True,0,0
0,299300,True,True,0,0
0,299400,True,True,0,0
0,299500,True,True,0,0
0,299600,True,True,0,0
0,299700,True,True,0,0
0,299800,True,True,0,0
0,299900,True,True,0,0
0,300000,True,True,0,0
0,300100,True,True,0,0
0,300200,True,True,0,0
0,300300,True,True,0,0
0,300400,True,True,0,0
0,300500,True,True,0,0
0,300600,True,True,0,0
0,300700,True,True,0,0
0,300800,True,True,0,0
0,300900,True,True,0,0
0,301000,True,True,0,0
0,301100,True,True,0,0
0,301200,True,True,0,0
0,301300,True,True,0,0
0,301400,True,True,0,0
0,301500,True,True,0,0
0,301600,True,True,0,0
0,301700,True,True,0,0
0,301800,True,True,0,0
0,301900,True,True,0,0
0,302000,True,True,0,0
0,302100,True,True,0,0
0,302200,True,True,0,0
0,302300,True,True,0,0
0,302400,True,True,0,0
0,302500,True,True,0,0
0,302600,True,True,0,0
0,302700,True,True,0,0
0,302800,True,True,0,0
0,302900,True,True,0,0
0,303000,True,True,0,0
0,303100,True,True,0,0
0,303200,True,True,0,0
0,303300,True,True,0,0
0,303400,True,True,0,0
0,303500,True,True,0,0
0,303600,True,True,0,0
0,303700,True,True,0,0
0,303800,True,True,0,0
0,303900,True,True,0,0
0,304000,True,True,0,0
0,304100,True,True,0,0
0,304200,True,True,0,0
0,304300,True,True,0,0
0,304400,True,True,0,0
0,304500,True,True,0,0
0,304600,True,True,0,0
0,304700,True,True,0,0
0,304800,True,True,0,0
0,304900,True,True,0,0
0,305000,True,True,0,0
0,305100,True,True,0,0
0,305200,True,True,0,0
0,305300,True,True,0,0
0,305400,True,True,0,0
0,305500,True,True,0,0
0,305600,True,True,0,0
0,305700,True,True,0,0
0,305800,True,True,0,0
0,305900,True,True,0,0
0,306000,True,True,0,0
0,306100,True,True,0,0
0,306200,True,True,0,0
0,306300,True,True,0,0
0,306400,True,True,0,0
0,306500,True,True,0,0
0,306600,True,True,0,0
0,306700,True,True,0,0
0,306800,True,True,0,0
0,306900,True,True,0,0
0,307000,True,True,0,0
0,307100,True,True,0,0
0,307200,True,True,0,0
0,307300,True,True,0,0
0,307400,True,True,0,0
0,307500,True,True,0,0
0,307600,True,True,0,0
0,307700,True,True,0,0
0,307800,True,True,0,0
0,307900,True,True,0,0
0,308000,True,True,0,0
0,308100,True,True,0,0
0,308200,True,True,0,0
0,308300,True,True,0,0
0,308400,True,True,0,0
0,308500,True,True,0,0
0,308600,True,True,0,0
0,308700,True,True,0,0
0,308800,True,True,0,0
0,308900,True,True,0,0
0,309000,True,True,0,0
0,309100,True,True,0,0
0,309200,True,True,0,0
0,309300,True,True,0,0
0,309400,True,True,0,0
0,309500,True,True,0,0
0,309600,True,True,0,0
0,309700,True,True,0,0
0,309800,True,True,0,0
0,309900,True,True,0,0
0,310000,True,True,0,0
0,310100,True,True,0,0
0,310200,True,True,0,0
0,310300,True,True,0,0
0,310400,True,True,0,0
0,310500,True,True,0,0
0,310600,True,True,0,0
0,310700,True,True,0,0
0,310800,True,True,0,0
0,310900,True,True,0,0
0,311000,True,True,0,0
0,311100,True,True,0,0
0,311200,True,True,0,0
0,311300,True,True,0,0
0,311400,True,True,0,0
0,311500,True,True,0,0
0,311600,True,True,0,0
0,311700,True,True,0,0
0,311800,True,True,0,0
0,311900,True,True,0,0
0,312000,True,True,0,0
0,312100,True,True,0,0
0,312200,True,True,0,0
0,312300,True,True,0,0
0,312400,True,True,0,0
0,312500,True,True,0,0
0,312600,True,True,0,0
0,312700,True,True,0,0
0,312800,True,True,0,0
0,312900,True,True,0,0
0,313000,True,True,0,0
0,313100,True,True,0,0
0,313200,True,True,0,0
0,313300,True,True,0,0
0,313400,True,True,0,0
0,313500,True,True,0,0
0,313600,True,True,0,0
0,313700,True,True,0,0
0,313800,True,True,0,0
0,313900,True,True,0,0
0,314000,True,True,0,0
0,314100,True,True,0,0
0,314200,True,True,0,0
0,314300,True,True,0,0
0,314400,True,True,0,0
0,314500,True,True,0,0
0,314600,True,True,0,0
0,314700,True,True,0,0
0,314800,True,True,0,0
0,314900,True,True,0,0
0,315000,True,True,0,0
0,315100,True,True,0,0
0,315200,True,True,0,0
0,315300,True,True,0,0
0,315400,True,True,0,0
0,315500,True,True,0,0
0,315600,True,True,0,0
0,315700,True,True,0,0
0,315800,True,True,0,0
0,315900,True,True,0,0
0,316000,True,True,0,0
0,316100,True,True,0,0
0,316200,True,True,0,0
0,316300,True,True,0,0
0,316400,True,True,0,0
0,316500,True,True,0,0
0,316600,True,True,0,0
0,316700,True,True,0,0
0,316800,True,True,0,0
0,316900,True,True,0,0
0,317000,True,True,0,0
0,317100,True,True,0,0
0,317200,True,True,0,0
0,317300,True,True,0,0
0,317400,True,True,0,0
0,317500,True,True,0,0
0,317600,True,True,0,0
0,317700,True,True,0,0
0,317800,True,True,0,0
0,317900,True,True,0,0
0,318000,True,True,0,0
0,318100,True,True,0,0
0,318200,True,True,0,0
0,318300,True,True,0,0
0,318400,True,True,0,0
0,318500,True,True,0,0
0,318600,True,True,0,0
0,318700,True,True,0,0
0,318800,True,True,0,0
0,318900,True,True,0,0
0,319000,True,True,0,0
0,319100,True,True,0,0
0,319200,True,True,0,0
0,319300,True,True,0,0
0,319400,True,True,0,0
0,319500,True,True,0,0
0,319600,True,True,0,0
0,319700,True,True,0,0
0,319800,True,True,0,0
0,319900,True,True,0,0
0,320000,True,True,0,0
0,320100,True,True,0,0
0,320200,True,True,0,0
0,320300,True,True,0,0
0,320400,True,True,0,0
0,320500,True,True,0,0
0,320600,True,True,0,0
0,320700,True,True,0,0
0,320800,True,True,0,0
0,320900,True,True,0,0
0,321000,True,True,0,0
0,321100,True,True,0,0
0,321200,True,True,0,0
0,321300,True,True,0,0
0,321400,True,True,0,0
0,321500,True,True,0,0
0,321600,True,True,0,0
0,321700,True,True,0,0
0,321800,True,True,0,0
0,321900,True,True,0,0
0,322000,True,True,0,0
0,322100,True,True,0,0
0,322200,True,True,0,0
0,322300,True,True,0,0
0,322400,True,True,0,0
0,322500,True,True,0,0
0,322600,True,True,0,0
0,322700,True,True,0,0
0,322800,True,True,0,0
0,322900,True,True,0,0
0,323000,True,True,0,0
0,323100,True,True,0,0
0,323200,True,True,0,0
0,323300,True,True,0,0
0,323400,True,True,0,0
0,323500,True,True,0,0
0,323600,True,True,0,0
0,323700,True,True,0,0
0,323800,True,True,0,0
0,323900,True,True,0,0
0,324000,True,True,0,0
0,324100,True,True,0,0
0,324200,True,True,0,0
0,324300,True,True,0,0
0,324400,True,True,0,0
0,324500,True,True,0,0
0,324600,True,True,0,0
0,324700,True,True,0,0
0,324800,True,True,0,0
0,324900,True,True,0,0
0,325000,True,True,0,0
0,325100,True,True,0,0
0,325200,True,True,0,0
0,325300,True,True,0,0
0,325400,True,True,0,0
0,325500,True,True,0,0
0,325600,True,True,0,0
0,325700,True,True,0,0
0,325800,True,True,0,0
0,325900,True,True,0,0
0,326000,True,True,0,0
0,326100,True,True,0,0
0,326200,True,True,0,0
0,326300,True,True,0,0
0,326400,True,True,0,0
0,326500,True,True,0,0
0,326600,True,True,0,0
0,326700,True,True,0,0
0,326800,True,True,0,0
0,326900,True,True,0,0
0,327000,True,True,0,0
0,327100,True,True,0,0
0,327200,True,True,0,0
0,327300,True,True,0,0
0,327400,True,True,0,0
0,327500,True,True,0,0
0,327600,True,True,0,0
0,327700,True,True,0,0
0,327800,True,True,0,0
0,327900,True,True,0,0
0,328000,True,True,0,0
0,328100,True,True,0,0
0,328200,True,True,0,0
0,328300,True,True,0,0
0,328400,True,True,0,0
0,328500,True,True,0,0
0,328600,True,True,0,0
0,328700,True,True,0,0
0,328800,True,True,0,0
0,328900,True,True,0,0
0,329000,True,True,0,0
0,329100,True,True,0,0
0,329200,True,True,0,0
0,329300,True,True,0,0
0,329400,True,True,0,0
0,329500,True,True,0,0
0,329600,True,True,0,0
0,329700,True,True,0,0
0,329800,True,True,0,0
0,329900,True,True,0,0
0,330000,True,True,0,0
0,330100,True,True,0,0
0,330200,True,True,0,0
0,330300,True,True,0,0
0,330400,True,True,0,0
0,330500,True,True,0,0
0,330600,True,True,0,0
0,330700,True,True,0,0
0,330800,True,True,0,0
0,330900,True,True,0,0
0,331000,True,True,0,0
0,331100,True,True,0,0
0,331200,True,True,0,0
0,331300,True,True,0,0
0,331400,True,True,0,0
0,331500,True,True,0,0
0,331600,True,True,0,0
0,331700,True,True,0,0
0,331800,True,True,0,0
0,331900,True,True,0,0
0,332000,True,True,0,0
0,332100,True,True,0,0
0,332200,True,True,0,0
0,332300,True,True,0,0
0,332400,True,True,0,0
0,332500,True,True,0,0
0,332600,True,True,0,0
0,332700,True,True,0,0
0,332800,True,True,0,0
0,332900,True,True,0,0
0,333000,True,True,0,0
0,333100,True,True,0,0
0,333200,True,True,0,0
0,333300,True,True,0,0
0,333400,True,True,0,0
0,333500,True,True,0,0
0,333600,True,True,0,0
0,333700,True,True,0,0
0,333800,True,True,0,0
0,333900,True,True,0,0
0,334000,True,True,0,0
0,334100,True,True,0,0
0,334200,True,True,0,0
0,334300,True,True,0,0
0,334400,True,True,0,0
0,334500,True,True,0,0
0,334600,True,True,0,0
0,334700,True,True,0,0
0,334800,True,True,0,0
0,334900,True,True,0,0
0,335000,True,True,0,0
0,335100,True,True,0,0
0,335200,True,True,0,0
0,335300,True,True,0,0
0,335400,True,True,0,0
0,335500,True,True,0,0
0,335600,True,True,0,0
0,335700,True,True,0,0
0,335800,True,True,0,0
0,335900,True,True,0,0
0,336000,True,True,0,0
0,336100,True,True,0,0
0,336200,True,True,0,0
0,336300,True,True,0,0
0,336400,True,True,0,0
0,336500,True,True,0,0
0,336600,True,True,0,0
0,336700,True,True,0,0
0,336800,True,True,0,0
0,336900,True,True,0,0
0,337000,True,True,0,0
0,337100,True,True,0,0
0,337200,True,True,0,0
0,337300,True,True,0,0
0,337400,True,True,0,0
0,337500,True,True,0,0
0,337600,True,True,0,0
0,337700,True,True,0,0
0,337800,True,True,0,0
0,337900,True,True,0,0
0,338000,True,True,0,0
0,338100,True,True,0,0
0,338200,True,True,0,0
0,338300,True,True,0,0
0,338400,True,True,0,0
0,338500,True,True,0,0
0,338600,True,True,0,0
0,338700,True,True,0,0
0,338800,True,True,0,0
0,338900,True,True,0,0
0,339000,True,True,0,0
0,339100,True,True,0,0
0,339200,True,True,0,0
0,339300,True,True,0,0
0,339400,True,True,0,0
0,339500,True,True,0,0
0,339600,True,True,0,0
0,339700,True,True,0,0
0,339800,True,True,0,0
0,339900,True,True,0,0
0,340000,True,True,0,0
0,340100,True,True,0,0
0,340200,True,True,0,0
0,340300,True,True,0,0
0,340400,True,True,0,0
0,340500,True,True,0,0
0,340600,True,True,0,0
0,340700,True,True,0,0
0,340800,True,True,0,0
0,340900,True,True,0,0
0,341000,True,True,0,0
0,341100,True,True,0,0
0,341200,True,True,0,0
0,341300,True,True,0,0
0,341400,True,True,0,0
0,341500,True,True,0,0
0,341600,True,True,0,0
0,341700,True,True,0,0
0,341800,True,True,0,0
0,341900,True,True,0,0
0,342000,True,True,0,0
0,342100,True,True,0,0
0,342200,True,True,0,0
0,342300,True,True,0,0
0,342400,True,True,0,0
0,342500,True,True,0,0
0,342600,True,True,0,0
0,342700,True,True,0,0
0,342800,True,True,0,0
0,342900,True,True,0,0
0,343000,True,True,0,0
0,343100,True,True,0,0
0,343200,True,True,0,0
0,343300,True,True,0,0
0,343400,True,True,0,0
0,343500,True,True,0,0
0,343600,True,True,0,0
0,343700,True,True,0,0
0,343800,True,True,0,0
0,343900,True,True,0,0
0,344000,True,True,0,0
0,344100,True,True,0,0
0,344200,True,True,0,0
0,344300,True,True,0,0
0,344400,True,True,0,0
0,344500,True,True,0,0
0,344600,True,True,0,0
0,344700,True,True,0,0
0,344800,True,True,0,0
0,344900,True,True,0,0
0,345000,True,True,0,0
0,345100,True,True,0,0
0,345200,True,True,0,0
0,345300,True,True,0,0
0,345400,True,True,0,0
0,345500,True,True,0,0
0,345600,True,True,0,0
0,345700,True,True,0,0
0,345800,True,True,0,0
0,345900,True,True,0,0
0,346000,True,True,0,0
0,346100,True,True,0,0
0,346200,True,True,0,0
0,346300,True,True,0,0
0,346400,True,True,0,0
0,346500,True,True,0,0
0,346600,True,True,0,0
0,346700,True,True,0,0
0,346800,True,True,0,0
0,346900,True,True,0,0
0,347000,True,True,0,0
0,347100,True,True,0,0
0,347200,True,True,0,0
0,347300,True,True,0,0
0,347400,True,True,0,0
0,347500,True,True,0,0
0,347600,True,True,0,0
0,347700,True,True,0,0
0,347800,True,True,0,0
0,347900,True,True,0,0
0,348000,True,True,0,0
0,348100,True,True,0,0
0,348200,True,True,0,0
0,348300,True,True,0,0
0,348400,True,True,0,0
0,348500,True,True,0,0
0,348600,True,True,0,0
0,348700,True,True,0,0
0,348800,True,True,0,0
0,348900,True,True,0,0
0,349000,True,True,0,0
0,349100,True,True,0,0
0,349200,True,True,0,0
0,349300,True,True,0,0
0,349400,True,True,0,0
0,349500,True,True,0,0
0,349600,True,True,0,0
0,349700,True,True,0,0
0,349800,True,True,0,0
0,349900,True,True,0,0
0,350000,True,True,0,0
0,350100,True,True,0,0
0,350200,True,True,0,0
0,350300,True,True,0,0
0,350400,True,True,0,0
0,350500,True,True,0,0
0,350600,True,True,0,0
0,350700,True,True,0,0
0,350800,True,True,0,0
0,350900,True,True,0,0
0,351000,True,True,0,0
0,351100,True,True,0,0
0,351200,True,True,0,0
0,351300,True,True,0,0
0,351400,True,True,0,0
0,351500,True,True,0,0
0,351600,True,True,0,0
0,351700,True,True,0,0
0,351800,True,True,0,0
0,351900,True,True,0,0
0,352000,True,True,0,0
0,352100,True,True,0,0
0,352200,True,True,0,0
0,352300,True,True,0,0
0,352400,True,True,0,0
0,352500,True,True,0,0
0,352600,True,True,0,0
0,352700,True,True,0,0
0,352800,True,True,0,0
0,352900,True,True,0,0
0,353000,True,True,0,0
0,353100,True,True,0,0
0,353200,True,True,0,0
0,353300,True,True,0,0
0,353400,True,True,0,0
0,353500,True,True,0,0
0,353600,True,True,0,0
0,353700,True,True,0,0
0,353800,True,True,0,0
0,353900,True,True,0,0
0,354000,True,True,0,0
0,354100,True,True,0,0
0,354200,True,True,0,0
0,354300,True,True,0,0
0,354400,True,True,0,0
0,354500,True,True,0,0
0,354600,True,True,0,0
0,354700,True,True,0,0
0,354800,True,True,0,0
0,354900,True,True,0,0
0,355000,True,True,0,0
0,355100,True,True,0,0
0,355200,True,True,0,0
0,355300,True,True,0,0
0,355400,True,True,0,0
0,355500,True,True,0,0
0,355600,True,True,0,0
0,355700,True,True,0,0
0,355800,True,True,0,0
0,355900,True,True,0,0
0,356000,True,True,0,0
0,356100,True,True,0,0
0,356200,True,True,0,0
0,356300,True,True,0,0
0,356400,True,True,0,0
0,356500,True,True,0,0
0,356600,True,True,0,0
0,356700,True,True,0,0
0,356800,True,True,0,0
0,356900,True,True,0,0
0,357000,True,True,0,0
0,357100,True,True,0,0
0,357200,True,True,0,0
0,357300,True,True,0,0
0,357400,True,True,0,0
0,357500,True,True,0,0
0,357600,True,True,0,0
0,357700,True,True,0,0
0,357800,True,True,0,0
0,357900,True,True,0,0
0,358000,True,True,0,0
0,358100,True,True,0,0
0,358200,True,True,0,0
0,358300,True,True,0,0
0,358400,True,True,0,0
0,358500,True,True,0,0
0,358600,True,True,0,0
0,358700,True,True,0,0
0,358800,True,True,0,0
0,358900,True,True,0,0
0,359000,True,True,0,0
0,359100,True,True,0,0
0,359200,True,True,0,0
0,359300,True,True,0,0
0,359400,True,True,0,0
0,359500,True,True,0,0
0,359600,True,True,0,0
0,359700,True,True,0,0
0,359800,True,True,0,0
0,359900,True,True,0,0
0,360000,True,True,0,0
0,360100,True,True,0,0
0,360200,True,True,0,0
0,360300,True,True,0,0
0,360400,True,True,0,0
0,360500,True,True,0,0
0,360600,True,True,0,0
0,360700,True,True,0,0
0,360800,True,True,0,0
0,360900,True,True,0,0
0,361000,True,True,0,0
0,361100,True,True,0,0
0,361200,True,True,0,0
0,361300,True,True,0,0
0,361400,True,True,0,0
0,361500,True,True,0,0
0,361600,True,True,0,0
0,361700,True,True,0,0
0,361800,True,True,0,0
0,361900,True,True,0,0
0,362000,True,True,0,0
0,362100,True,True,0,0
0,362200,True,True,0,0
0,362300,True,True,0,0
0,362400,True,True,0,0
0,362500,True,True,0,0
0,362600,True,True,0,0
0,362700,True,True,0,0
0,362800,True,True,0,0
0,362900,True,True,0,0
0,363000,True,True,0,0
0,363100,True,True,0,0
0,363200,True,True,0,0
0,363300,True,True,0,0
0,363400,True,True,0,0
0,363500,True,True,0,0
0,363600,True,True,0,0
0,363700,True,True,0,0
0,363800,True,True,0,0
0,363900,True,True,0,0
0,364000,True,True,0,0
0,364100,True,True,0,0
0,364200,True,True,0,0
0,364300,True,True,0,0
0,364400,True,True,0,0
0,364500,True,True,0,0
0,364600,True,True,0,0
0,364700,True,True,0,0
0,364800,True,True,0,0
0,364900,True,True,0,0
0,365000,True,True,0,0
0,365100,True,True,0,0
0,365200,True,True,0,0
0,365300,True,True,0,0
0,365400,True,True,0,0
0,365500,True,True,0,0
0,365600,True,True,0,0
0,365700,True,True,0,0
0,365800,True,True,0,0
0,365900,True,True,0,0
0,366000,True,True,0,0
0,366100,True,True,0,0
0,366200,True,True,0,0
0,366300,True,True,0,0
0,366400,True,True,0,0
0,366500,True,True,0,0
0,366600,True,True,0,0
0,366700,True,True,0,0
0,366800,True,True,0,0
0,366900,True,True,0,0
0,367000,True,True,0,0
0,367100,True,True,0,0
0,367200,True,True,0,0
0,367300,True,True,0,0
0,367400,True,True,0,0
0,367500,True,True,0,0
0,367600,True,True,0,0
0,367700,True,True,0,0
0,367800,True,True,0,0
0,367900,True,True,0,0
0,368000,True,True,0,0
0,368100,True,True,0,0
0,368200,True,True,0,0
0,368300,True,True,0,0
0,368400,True,True,0,0
0,368500,True,True,0,0
0,368600,True,True,0,0
0,368700,True,True,0,0
0,368800,True,True,0,0
0,368900,True,True,0,0
0,369000,True,True,0,0
0,369100,True,True,0,0
0,369200,True,True,0,0
0,369300,True,True,0,0
0,369400,True,True,0,0
0,369500,True,True,0,0
0,369600,True,True,0,0
0,369700,True,True,0,0
0,369800,True,True,0,0
0,369900,True,True,0,0
0,370000,True,True,0,0
0,370100,True,True,0,0
0,370200,True,True,0,0
0,370300,True,True,0,0
0,370400,True,True,0,0
0,370500,True,True,0,0
0,370600,True,True,0,0
0,370700,True,True,0,0
0,370800,True,True,0,0
0,370900,True,True,0,0
0,371000,True,True,0,0
0,371100,True,True,0,0
0,371200,True,True,0,0
0,371300,True,True,0,0
0,371400,True,True,0,0
0,371500,True,True,0,0
0,371600,True,True,0,0
0,371700,True,True,0,0
0,371800,True,True,0,0
0,371900,True,True,0,0
0,372000,True,True,0,0
0,372100,True,True,0,0
0,372200,True,True,0,0
0,372300,True,True,0,0
0,372400,True,True,0,0
0,372500,True,True,0,0
0,372600,True,True,0,0
0,372700,True,True,0,0
0,372800,True,True,0,0
0,372900,True,True,0,0
0,373000,True,True,0,0
0,373100,True,True,0,0
0,373200,True,True,0,0
0,373300,True,True,0,0
0,373400,True,True,0,0
0,373500,True,True,0,0
0,373600,True,True,0,0
0,373700,True,True,0,0
0,373800,True,True,0,0
0,373900,True,True,0,0
0,374000,True,True,0,0
0,374100,True,True,0,0
0,374200,True,True,0,0
0,374300,True,True,0,0
0,374400,True,True,0,0
0,374500,True,True,0,0
0,374600,True,True,0,0
0,374700,True,True,0,0
0,374800,True,True,0,0
0,374900,True,True,0,0
0,375000,True,True,0,0
0,375100,True,True,0,0
0,375200,True,True,0,0
0,375300,True,True,0,0
0,375400,True,True,0,0
0,375500,True,True,0,0
0,375600,True,True,0,0
0,375700,True,True,0,0
0,375800,True,True,0,0
0,375900,True,True,0,0
0,376000,True,True,0,0
0,376100,True,True,0,0
0,376200,True,True,0,0
0,376300,True,True,0,0
0,376400,True,True,0,0
0,376500,True,True,0,0
0,376600,True,True,0,0
0,376700,True,True,0,0
0,376800,True,True,0,0
0,376900,True,True,0,0
0,377000,True,True,0,0
0,377100,True,True,0,0
0,377200,True,True,0,0
0,377300,True,True,0,0
0,377400,True,True,0,0
0,377500,True,True,0,0
0,377600,True,True,0,0
0,377700,True,True,0,0
0,377800,True,True,0,0
0,377900,True,True,0,0
0,378000,True,True,0,0
0,378100,True,True,0,0
0,378200,True,True,0,0
0,378300,True,True,0,0
0,378400,True,True,0,0
0,378500,True,True,0,0
0,378600,True,True,0,0
0,378700,True,True,0,0
0,378800,True,True,0,0
0,378900,True,True,0,0
0,379000,True,True,0,0
0,379100,True,True,0,0
0,379200,True,True,0,0
0,379300,True,True,0,0
0,379400,True,True,0,0
0,379500,True,True,0,0
0,379600,True,True,0,0
0,379700,True,True,0,0
0,379800,True,True,0,0
0,379900,True,True,0,0
0,380000,True,True,0,0
0,380100,True,True,0,0
0,380200,True,True,0,0
0,380300,True,True,0,0
0,380400,True,True,0,0
0,380500,True,True,0,0
0,380600,True,True,0,0
0,380700,True,True,0,0
0,380800,True,True,0,0
0,380900,True,True,0,0
0,381000,True,True,0,0
0,381100,True,True,0,0
0,381200,True,True,0,0
0,381300,True,True,0,0
0,381400,True,True,0,0
0,381500,True,True,0,0
0,381600,True,True,0,0
0,381700,True,True,0,0
0,381800,True,True,0,0
0,381900,True,True,0,0
0,382000,True,True,0,0
0,382100,True,True,0,0
0,382200,True,True,0,0
0,382300,True,True,0,0
0,382400,True,True,0,0
0,382500,True,True,0,0
0,382600,True,True,0,0
0,382700,True,True,0,0
0,382800,True,True,0,0
0,382900,True,True,0,0
0,383000,True,True,0,0
0,383100,True,True,0,0
0,383200,True,True,0,0
0,383300,True,True,0,0
0,383400,True,True,0,0
0,383500,True,True,0,0
0,383600,True,True,0,0
0,383700,True,True,0,0
0,383800,True,True,0,0
0,383900,True,True,0,0
0,384000,True,True,0,0
0,384100,True,True,0,0
0,384200,True,True,0,0
0,384300,True,True,0,0
0,384400,True,True,0,0
0,384500,True,True,0,0
0,384600,True,True,0,0
0,384700,True,True,0,0
0,384800,True,True,0,0
0,384900,True,True,0,0
0,385000,True,True,0,0
0,385100,True,True,0,0
0,385200,True,True,0,0
0,385300,True,True,0,0
0,385400,True,True,0,0
0,385500,True,True,0,0
0,385600,True,True,0,0
0,385700,True,True,0,0
0,385800,True,True,0,0
0,385900,True,True,0,0
0,386000,True,True,0,0
0,386100,True,True,0,0
0,386200,True,True,0,0
0,386300,True,True,0,0
0,386400,True,True,0,0
0,386500,True,True,0,0
0,386600,True,True,0,0
0,386700,True,True,0,0
0,386800,True,True,0,0
0,386900,True,True,0,0
0,387000,True,True,0,0
0,387100,True,True,0,0
0,387200,True,True,0,0
0,387300,True,True,0,0
0,387400,True,True,0,0
0,387500,True,True,0,0
0,387600,True,True,0,0
0,387700,True,True,0,0
0,387800,True,True,0,0
0,387900,True,True,0,0
0,388000,True,True,0,0
0,388100,True,True,0,0
0,388200,True,True,0,0
0,388300,True,True,0,0
0,388400,True,True,0,0
0,388500,True,True,0,0
0,388600,True,True,0,0
0,388700,True,True,0,0
0,388800,True,True,0,0
0,388900,True,True,0,0
0,389000,True,True,0,0
0,389100,True,True,0,0
0,389200,True,True,0,0
0,389300,True,True,0,0
0,389400,True,True,0,0
0,389500,True,True,0,0
0,389600,True,True,0,0
0,389700,True,True,0,0
0,389800,True,True,0,0
0,389900,True,True,0,0
0,390000,True,True,0,0
0,390100,True,True,0,0
0,390200,True,True,0,0
0,390300,True,True,0,0
0,390400,True,True,0,0
0,390500,True,True,0,0
0,390600,True,True,0,0
0,390700,True,True,0,0
0,390800,True,True,0,0
0,390900,True,True,0,0
0,391000,True,True,0,0
0,391100,True,True,0,0
0,391200,True,True,0,0
0,391300,True,True,0,0
0,391400,True,True,0,0
0,391500,True,True,0,0
0,391600,True,True,0,0
0,391700,True,True,0,0
0,391800,True,True,0,0
0,391900,True,True,0,0
0,392000,True,True,0,0
0,392100,True,True,0,0
0,392200,True,True,0,0
0,392300,True,True,0,0
0,392400,True,True,0,0
0,392500,True,True,0,0
0,392600,True,True,0,0
0,392700,True,True,0,0
0,392800,True,True,0,0
0,392900,True,True,0,0
0,393000,True,True,0,0
0,393100,True,True,0,0
0,393200,True,True,0,0
0,393300,True,True,0,0
0,393400,True,True,0,0
0,393500,True,True,0,0
0,393600,True,True,0,0
0,393700,True,True,0,0
0,393800,True,True,0,0
0,393900,True,True,0,0
0,394000,True,True,0,0
0,394100,True,True,0,0
0,394200,True,True,0,0
0,394300,True,True,0,0
0,394400,True,True,0,0
0,394500,True,True,0,0
0,394600,True,True,0,0
0,394700,True,True,0,0
0,394800,True,True,0,0
0,394900,True,True,0,0
0,395000,True,True,0,0
0,395100,True,True,0,0
0,395200,True,True,0,0
0,395300,True,True,0,0
0,395400,True,True,0,0
0,395500,True,True,0,0
0,395600,True,True,0,0
0,395700,True,True,0,0
0,395800,True,True,0,0
0,395900,True,True,0,0
0,396000,True,True,0,0
0,396100,True,True,0,0
0,396200,True,True,0,0
0,396300,True,True,0,0
0,396400,True,True,0,0
0,396500,True,True,0,0
0,396600,True,True,0,0
0,396700,True,True,0,0
0,396800,True,True,0,0
0,396900,True,True,0,0
0,397000,True,True,0,0
0,397100,True,True,0,0
0,397200,True,True,0,0
0,397300,True,True,0,0
0,397400,True,True,0,0
0,397500,True,True,0,0
0,397600,True,True,0,0
0,397700,True,True,0,0
0,397800,True,True,0,0
0,397900,True,True,0,0
0,398000,True,True,0,0
0,398100,True,True,0,0
0,398200,True,True,0,0
0,398300,True,True,0,0
0,398400,True,True,0,0
0,398500,True,True,0,0
0,398600,True,True,0,0
0,398700,True,True,0,0
0,398800,True,True,0,0
0,398900,True,True,0,0
0,399000,True,True,0,0
0,399100,True,True,0,0
0,399200,True,True,0,0
0,399300,True,True,0,0
0,399400,True,True,0,0
0,399500,True,True,0,0
0,399600,True,True,0,0
0,399700,True,True,0,0
0,399800,True,True,0,0
0,399900,True,True,0,0
0,400000,True,True,0,0
0,400100,True,True,0,0
0,400200,True,True,0,0
0,400300,True,True,0,0
0,400400,True,True,0,0
0,400500,True,True,0,0
0,400600,True,True,0,0
0,400700,True,True,0,0
0,400800,True,True,0,0
0,400900,True,True,0,0
0,401000,True,True,0,0
0,401100,True,True,0,0
0,401200,True,True,0,0
0,401300,True,True,0,0
0,401400,True,True,0,0
0,401500,True,True,0,0
0,401600,True,True,0,0
0,401700,True,True,0,0
0,401800,True,True,0,0
0,401900,True,True,0,0
0,402000,True,True,0,0
0,402100,True,True,0,0
0,402200,True,True,0,0
0,402300,True,True,0,0
0,402400,True,True,0,0
0,402500,True,True,0,0
0,402600,True,True,0,0
0,402700,True,True,0,0
0,402800,True,True,0,0
0,402900,True,True,0,0
0,403000,True,True,0,0
0,403100,True,True,0,0
0,403200,True,True,0,0
0,403300,True,True,0,0
0,403400,True,True,0,0
0,403500,True,True,0,0
0,403600,True,True,0,0
0,403700,True,True,0,0
0,403800,True,True,0,0
0,403900,True,True,0,0
0,404000,True,True,0,0
0,404100,True,True,0,0
0,404200,True,True,0,0
0,404300,True,True,0,0
0,404400,True,True,0,0
0,404500,True,True,0,0
0,404600,True,True,0,0
0,404700,True,True,0,0
0,404800,True,True,0,0
0,404900,True,True,0,0
0,405000,True,True,0,0
0,405100,True,True,0,0
0,405200,True,True,0,0
0,405300,True,True,0,0
0,405400,True,True,0,0
0,405500,True,True,0,0
0,405600,True,True,0,0
0,405700,True,True,0,0
0,405800,True,True,0,0
0,405900,True,True,0,0
0,406000,True,True,0,0
0,406100,True,True,0,0
0,406200,True,True,0,0
0,406300,True,True,0,0
0,406400,True,True,0,0
0,406500,True,True,0,0
0,406600,True,True,0,0
0,406700,True,True,0,0
0,406800,True,True,0,0
0,406900,True,True,0,0
0,407000,True,True,0,0
0,407100,True,True,0,0
0,407200,True,True,0,0
0,407300,True,True,0,0
0,407400,True,True,0,0
0,407500,True,True,0,0
0,407600,True,True,0,0
0,407700,True,True,0,0
0,407800,True,True,0,0
0,407900,True,True,0,0
0,408000,True,True,0,0
0,408100,True,True,0,0
0,408200,True,True,0,0
0,408300,True,True,0,0
0,408400,True,True,0,0
0,408500,True,True,0,0
0,408600,True,True,0,0
0,408700,True,True,0,0
0,408800,True,True,0,0
0,408900,True,True,0,0
0,409000,True,True,0,0
0,409100,True,True,0,0
0,409200,True,True,0,0
0,409300,True,True,0,0
0,409400,True,True,0,0
0,409500,True,True,0,0
0,409600,True,True,0,0
0,409700,True,True,0,0
0,409800,True,True,0,0
0,409900,True,True,0,0
0,410000,True,True,0,0
0,410100,True,True,0,0
0,410200,True,True,0,0
0,410300,True,True,0,0
0,410400,True,True,0,0
0,410500,True,True,0,0
0,410600,True,True,0,0
0,410700,True,True,0,0
0,410800,True,True,0,0
0,410900,True,True,0,0
0,411000,True,True,0,0
0,411100,True,True,0,0
0,411200,True,True,0,0
0,411300,True,True,0,0
0,411400,True,True,0,0
0,411500,True,True,0,0
0,411600,True,True,0,0
0,411700,True,True,0,0
0,411800,True,True,0,0
0,411900,True,True,0,0
0,412000,True,True,0,0
0,412100,True,True,0,0
0,412200,True,True,0,0
0,412300,True,True,0,0
0,412400,True,True,0,0
0,412500,True,True,0,0
0,412600,True,True,0,0
0,412700,True,True,0,0
0,412800,True,True,0,0
0,412900,True,True,0,0
0,413000,True,True,0,0
0,413100,True,True,0,0
0,413200,True,True,0,0
0,413300,True,True,0,0
0,413400,True,True,0,0
0,413500,True,True,0,0
0,413600,True,True,0,0
0,413700,True,True,0,0
0,413800,True,True,0,0
0,413900,True,True,0,0
0,414000,True,True,0,0
0,414100,True,True,0,0
0,414200,True,True,0,0
0,414300,True,True,0,0
0,414400,True,True,0,0
0,414500,True,True,0,0
0,414600,True,True,0,0
0,414700,True,True,0,0
0,414800,True,True,0,0
0,414900,True,True,0,0
0,415000,True,True,0,0
0,415100,True,True,0,0
0,415200,True,True,0,0
0,415300,True,True,0,0
0,415400,True,True,0,0
0,415500,True,True,0,0
0,415600,True,True,0,0
0,415700,True,True,0,0
0,415800,True,True,0,0
0,415900,True,True,0,0
0,416000,True,True,0,0
0,416100,True,True,0,0
0,416200,True,True,0,0
0,416300,True,True,0,0
0,416400,True,True,0,0
0,416500,True,True,0,0
0,416600,True,True,0,0
0,416700,True,True,0,0
0,416800,True,True,0,0
0,416900,True,True,0,0
0,417000,True,True,0,0
0,417100,True,True,0,0
0,417200,True,True,0,0
0,417300,True,True,0,0
0,417400,True,True,0,0
0,417500,True,True,0,0
0,417600,True,True,0,0
0,417700,True,True,0,0
0,417800,True,True,0,0
0,417900,True,True,0,0
0,418000,True,True,0,0
0,418100,True,True,0,0
0,418200,True,True,0,0
0,418300,True,True,0,0
0,418400,True,True,0,0
0,418500,True,True,0,0
0,418600,True,True,0,0
0,418700,True,True,0,0
0,418800,True,True,0,0
0,418900,True,True,0,0
0,419000,True,True,0,0
0,419100,True,True,0,0
0,419200,True,True,0,0
0,419300,True,True,0,0
0,419400,True,True,0,0
0,419500,True,True,0,0
0,419600,True,True,0,0
0,419700,True,True,0,0
0,419800,True,True,0,0
0,419900,True,True,0,0
0,420000,True,True,0,0
0,420100,True,True,0,0
0,420200,True,True,0,0
0,420300,True,True,0,0
0,420400,True,True,0,0
0,420500,True,True,0,0
0,420600,True,True,0,0
0,420700,True,True,0,0
0,420800,True,True,0,0
0,420900,True,True,0,0
0,421000,True,True,0,0
0,421100,True,True,0,0
0,421200,True,True,0,0
0,421300,True,True,0,0
0,421400,True,True,0,0
0,421500,True,True,0,0
0,421600,True,True,0,0
0,421700,True,True,0,0
0,421800,True,True,0,0
0,421900,True,True,0,0
0,422000,True,True,0,0
0,422100,True,True,0,0
0,422200,True,True,0,0
0,422300,True,True,0,0
0,422400,True,True,0,0
0,422500,True,True,0,0
0,422600,True,True,0,0
0,422700,True,True,0,0
0,422800,True,True,0,0
0,422900,True,True,0,0
0,423000,True,True,0,0
0,423100,True,True,0,0
0,423200,True,True,0,0
0,423300,True,True,0,0
0,423400,True,True,0,0
0,423500,True,True,0,0
0,423600,True,True,0,0
0,423700,True,True,0,0
0,423800,True,True,0,0
0,423900,True,True,0,0
0,424000,True,True,0,0
0,424100,True,True,0,0
0,424200,True,True,0,0
0,424300,True,True,0,0
0,424400,True,True,0,0
0,424500,True,True,0,0
0,424600,True,True,0,0
0,424700,True,True,0,0
0,424800,True,True,0,0
0,424900,True,True,0,0
0,425000,True,True,0,0
0,425100,True,True,0,0
0,425200,True,True,0,0
0,425300,True,True,0,0
0,425400,True,True,0,0
0,425500,True,True,0,0
0,425600,True,True,0,0
0,425700,True,True,0,0
0,425800,True,True,0,0
0,425900,True,True,0,0
0,426000,True,True,0,0
0,426100,True,True,0,0
0,426200,True,True,0,0
0,426300,True,True,0,0
0,426400,True,True,0,0
0,426500,True,True,0,0
0,426600,True,True,0,0
0,426700,True,True,0,0
0,426800,True,True,0,0
0,426900,True,True,0,0
0,427000,True,True,0,0
0,427100,True,True,0,0
0,427200,True,True,0,0
0,427300,True,True,0,0
0,427400,True,True,0,0
0,427500,True,True,0,0
0,427600,True,True,0,0
0,427700,True,True,0,0
0,427800,True,True,0,0
0,427900,True,True,0,0
0,428000,True,True,0,0
0,428100,True,True,0,0
0,428200,True,True,0,0
0,428300,True,True,0,0
0,428400,True,True,0,0
0,428500,True,True,0,0
0,428600,True,True,0,0
0,428700,True,True,0,0
0,428800,True,True,0,0
0,428900,True,True,0,0
0,429000,True,True,0,0
0,429100,True,True,0,0
0,429200,True,True,0,0
0,429300,True,True,0,0
0,429400,True,True,0,0
0,429500,True,True,0,0
0,429600,True,True,0,0
0,429700,True,True,0,0
0,429800,True,True,0,0
0,429900,True,True,0,0
0,430000,True,True,0,0
0,430100,True,True,0,0
0,430200,True,True,0,0
0,430300,True,True,0,0
0,430400,True,True,0,0
0,430500,True,True,0,0
0,430600,True,True,0,0
0,430700,True,True,0,0
0,430800,True,True,0,0
0,430900,True,True,0,0
0,431000,True,True,0,0
0,431100,True,True,0,0
0,431200,True,True,0,0
0,431300,True,True,0,0
0,431400,True,True,0,0
0,431500,True,True,0,0
0,431600,True,True,0,0
0,431700,True,True,0,0
0,431800,True,True,0,0
0,431900,True,True,0,0
0,432000,True,True,0,0
0,432100,True,True,0,0
0,432200,True,True,0,0
0,432300,True,True,0,0
0,432400,True,True,0,0
0,432500,True,True,0,0
0,432600,True,True,0,0
0,432700,True,True,0,0
0,432800,True,True,0,0
0,432900,True,True,0,0
0,433000,True,True,0,0
0,433100,True,True,0,0
0,433200,True,True,0,0
0,433300,True,True,0,0
0,433400,True,True,0,0
0,433500,True,True,0,0
0,433600,True,True,0,0
0,433700,True,True,0,0
0,433800,True,True,0,0
0,433900,True,True,0,0
0,434000,True,True,0,0
0,434100,True,True,0,0
0,434200,True,True,0,0
0,434300,True,True,0,0
0,434400,True,True,0,0
0,434500,True,True,0,0
0,434600,True,True,0,0
0,434700,True,True,0,0
0,434800,True,True,0,0
0,434900,True,True,0,0
0,435000,True,True,0,0
0,435100,True,True,0,0
0,435200,True,True,0,0
0,435300,True,True,0,0
0,435400,True,True,0,0
0,435500,True,True,0,0
0,435600,True,True,0,0
0,435700,True,True,0,0
0,435800,True,True,0,0
0,435900,True,True,0,0
0,436000,True,True,0,0
0,436100,True,True,0,0
0,436200,True,True,0,0
0,436300,True,True,0,0
0,436400,True,True,0,0
0,436500,True,True,0,0
0,436600,True,True,0,0
0,436700,True,True,0,0
0,436800,True,True,0,0
0,436900,True,True,0,0
0,437000,True,True,0,0
0,437100,True,True,0,0
0,437200,True,True,0,0
0,437300,True,True,0,0
0,437400,True,True,0,0
0,437500,True,True,0,0
0,437600,True,True,0,0
0,437700,True,True,0,0
0,437800,True,True,0,0
0,437900,True,True,0,0
0,438000,True,True,0,0
0,438100,True,True,0,0
0,438200,True,True,0,0
0,438300,True,True,0,0
0,438400,True,True,0,0
0,438500,True,True,0,0
0,438600,True,True,0,0
0,438700,True,True,0,0
0,438800,True,True,0,0
0,438900,True,True,0,0
0,439000,True,True,0,0
0,439100,True,True,0,0
0,439200,True,True,0,0
0,439300,True,True,0,0
0,439400,True,True,0,0
0,439500,True,True,0,0
0,439600,True,True,0,0
0,439700,True,True,0,0
0,439800,True,True,0,0
0,439900,True,True,0,0
0,440000,True,True,0,0
0,440100,True,True,0,0
0,440200,True,True,0,0
0,440300,True,True,0,0
0,440400,True,True,0,0
0,440500,True,True,0,0
0,440600,True,True,0,0
0,440700,True,True,0,0
0,440800,True,True,0,0
0,440900,True,True,0,0
0,441000,True,True,0,0
0,441100,True,True,0,0
0,441200,True,True,0,0
0,441300,True,True,0,0
0,441400,True,True,0,0
0,441500,True,True,0,0
0,441600,True,True,0,0
0,441700,True,True,0,0
0,441800,True,True,0,0
0,441900,True,True,0,0
0,442000,True,True,0,0
0,442100,True,True,0,0
0,442200,True,True,0,0
0,442300,True,True,0,0
0,442400,True,True,0,0
0,442500,True,True,0,0
0,442600,True,True,0,0
0,442700,True,True,0,0
0,442800,True,True,0,0
0,442900,True,True,0,0
0,443000,True,True,0,0
0,443100,True,True,0,0
0,443200,True,True,0,0
0,443300,True,True,0,0
0,443400,True,True,0,0
0,443500,True,True,0,0
0,443600,True,True,0,0
0,443700,True,True,0,0
0,443800,True,True,0,0
0,443900,True,True,0,0
0,444000,True,True,0,0
0,444100,True,True,0,0
0,444200,True,True,0,0
0,444300,True,True,0,0
0,444400,True,True,0,0
0,444500,True,True,0,0
0,444600,True,True,0,0
0,444700,True,True,0,0
0,444800,True,True,0,0
0,444900,True,True,0,0
0,445000,True,True,0,0
0,445100,True,True,0,0
0,445200,True,True,0,0
0,445300,True,True,0,0
0,445400,True,True,0,0
0,445500,True,True,0,0
0,445600,True,True,0,0
0,445700,True,True,0,0
0,445800,True,True,0,0
0,445900,True,True,0,0
0,446000,True,True,0,0
0,446100,True,True,0,0
0,446200,True,True,0,0
0,446300,True,True,0,0
0,446400,True,True,0,0
0,446500,True,True,0,0
0,446600,True,True,0,0
0,446700,True,True,0,0
0,446800,True,True,0,0
0,446900,True,True,0,0
0,447000,True,True,0,0
0,447100,True,True,0,0
0,447200,True,True,0,0
0,447300,True,True,0,0
0,447400,True,True,0,0
0,447500,True,True,0,0
0,447600,True,True,0,0
0,447700,True,True,0,0
0,447800,True,True,0,0
0,447900,True,True,0,0
0,448000,True,True,0,0
0,448100,True,True,0,0
0,448200,True,True,0,0
0,448300,True,True,0,0
0,448400,True,True,0,0
0,448500,True,True,0,0
0,448600,True,True,0,0
0,448700,True,True,0,0
0,448800,True,True,0,0
0,448900,True,True,0,0
0,449000,True,True,0,0
0,449100,True,True,0,0
0,449200,True,True,0,0
0,449300,True,True,0,0
0,449400,True,True,0,0
0,449500,True,True,0,0
0,449600,True,True,0,0
0,449700,True,True,0,0
0,449800,True,True,0,0
0,449900,True,True,0,0
0,450000,True,True,0,0
0,450100,True,True,0,0
0,450200,True,True,0,0
0,450300,True,True,0,0
0,450400,True,True,0,0
0,450500,True,True,0,0
0,450600,True,True,0,0
0,450700,True,True,0,0
0,450800,True,True,0,0
0,450900,True,True,0,0
0,451000,True,True,0,0
0,451100,True,True,0,0
0,451200,True,True,0,0
0,451300,True,True,0,0
0,451400,True,True,0,0
0,451500,True,True,0,0
0,451600,True,True,0,0
0,451700,True,True,0,0
0,451800,True,True,0,0
0,451900,True,True,0,0
0,452000,True,True,0,0
0,452100,True,True,0,0
0,452200,True,True,0,0
0,452300,True,True,0,0
0,452400,True,True,0,0
0,452500,True,True,0,0
0,452600,True,True,0,0
0,452700,True,True,0,0
0,452800,True,True,0,0
0,452900,True,True,0,0
0,453000,True,True,0,0
0,453100,True,True,0,0
0,453200,True,True,0,0
0,453300,True,True,0,0
0,453400,True,True,0,0
0,453500,True,True,0,0
0,453600,True,True,0,0
0,453700,True,True,0,0
0,453800,True,True,0,0
0,453900,True,True,0,0
0,454000,True,True,0,0
0,454100,True,True,0,0
0,454200,True,True,0,0
0,454300,True,True,0,0
0,454400,True,True,0,0
0,454500,True,True,0,0
0,454600,True,True,0,0
0,454700,True,True,0,0
0,454800,True,True,0,0
0,454900,True,True,0,0
0,455000,True,True,0,0
0,455100,True,True,0,0
0,455200,True,True,0,0
0,455300,True,True,0,0
0,455400,True,True,0,0
0,455500,True,True,0,0
0,455600,True,True,0,0
0,455700,True,True,0,0
0,455800,True,True,0,0
0,455900,True,True,0,0
0,456000,True,True,0,0
0,456100,True,True,0,0
0,456200,True,True,0,0
0,456300,True,True,0,0
0,456400,True,True,0,0
0,456500,True,True,0,0
0,456600,True,True,0,0
0,456700,True,True,0,0
0,456800,True,True,0,0
0,456900,True,True,0,0
0,457000,True,True,0,0
0,457100,True,True,0,0
0,457200,True,True,0,0
0,457300,True,True,0,0
0,457400,True,True,0,0
0,457500,True,True,0,0
0,457600,True,True,0,0
0,457700,True,True,0,0
0,457800,True,True,0,0
0,457900,True,True,0,0
0,458000,True,True,0,0
0,458100,True,True,0,0
0,458200,True,True,0,0
0,458300,True,True,0,0
0,458400,True,True,0,0
0,458500,True,True,0,0
0,458600,True,True,0,0
0,458700,True,True,0,0
0,458800,True,True,0,0
0,458900,True,True,0,0
0,459000,True,True,0,0
0,459100,True,True,0,0
0,459200,True,True,0,0
0,459300,True,True,0,0
0,459400,True,True,0,0
0,459500,True,True,0,0
0,459600,True,True,0,0
0,459700,True,True,0,0
0,459800,True,True,0,0
0,459900,True,True,0,0
0,460000,True,True,0,0
0,460100,True,True,0,0
0,460200,True,True,0,0
0,460300,True,True,0,0
0,460400,True,True,0,0
0,460500,True,True,0,0
0,460600,True,True,0,0
0,460700,True,True,0,0
0,460800,True,True,0,0
0,460900,True,True,0,0
0,461000,True,True,0,0
0,461100,True,True,0,0
0,461200,True,True,0,0
0,461300,True,True,0,0
0,461400,True,True,0,0
0,461500,True,True,0,0
0,461600,True,True,0,0
0,461700,True,True,0,0
0,461800,True,True,0,0
0,461900,True,True,0,0
0,462000,True,True,0,0
0,462100,True,True,0,0
0,462200,True,True,0,0
0,462300,True,True,0,0
0,462400,True,True,0,0
0,462500,True,True,0,0
0,462600,True,True,0,0
0,462700,True,True,0,0
0,462800,True,True,0,0
0,462900,True,True,0,0
0,463000,True,True,0,0
0,463100,True,True,0,0
0,463200,True,True,0,0
0,463300,True,True,0,0
0,463400,True,True,0,0
0,463500,True,True,0,0
0,463600,True,True,0,0
0,463700,True,True,0,0
0,463800,True,True,0,0
0,463900,True,True,0,0
0,464000,True,True,0,0
0,464100,True,True,0,0
0,464200,True,True,0,0
0,464300,True,True,0,0
0,464400,True,True,0,0
0,464500,True,True,0,0
0,464600,True,True,0,0
0,464700,True,True,0,0
0,464800,True,True,0,0
0,464900,True,True,0,0
0,465000,True,True,0,0
0,465100,True,True,0,0
0,465200,True,True,0,0
0,465300,True,True,0,0
0,465400,True,True,0,0
0,465500,True,True,0,0
0,465600,True,True,0,0
0,465700,True,True,0,0
0,465800,True,True,0,0
0,465900,True,True,0,0
0,466000,True,True,0,0
0,466100,True,True,0,0
0,466200,True,True,0,0
0,466300,True,True,0,0
0,466400,True,True,0,0
0,466500,True,True,0,0
0,466600,True,True,0,0
0,466700,True,True,0,0
0,466800,True,True,0,0
0,466900,True,True,0,0
0,467000,True,True,0,0
0,467100,True,True,0,0
0,467200,True,True,0,0
0,467300,True,True,0,0
0,467400,True,True,0,0
0,467500,True,True,0,0
0,467600,True,True,0,0
0,467700,True,True,0,0
0,467800,True,True,0,0
0,467900,True,True,0,0
0,468000,True,True,0,0
0,468100,True,True,0,0
0,468200,True,True,0,0
0,468300,True,True,0,0
0,468400,True,True,0,0
0,468500,True,True,0,0
0,468600,True,True,0,0
0,468700,True,True,0,0
0,468800,True,True,0,0
0,468900,True,True,0,0
0,469000,True,True,0,0
0,469100,True,True,0,0
0,469200,True,True,0,0
0,469300,True,True,0,0
0,469400,True,True,0,0
0,469500,True,True,0,0
0,469600,True,True,0,0
0,469700,True,True,0,0
0,469800,True,True,0,0
0,469900,True,True,0,0
0,470000,True,True,0,0
0,470100,True,True,0,0
0,470200,True,True,0,0
0,470300,True,True,0,0
0,470400,True,True,0,0
0,470500,True,True,0,0
0,470600,True,True,0,0
0,470700,True,True,0,0
0,470800,True,True,0,0
0,470900,True,True,0,0
0,471000,True,True,0,0
0,471100,True,True,0,0
0,471200,True,True,0,0
0,471300,True,True,0,0
0,471400,True,True,0,0
0,471500,True,True,0,0
0,471600,True,True,0,0
0,471700,True,True,0,0
0,471800,True,True,0,0
0,471900,True,True,0,0
0,472000,True,True,0,0
0,472100,True,True,0,0
0,472200,True,True,0,0
0,472300,True,True,0,0
0,472400,True,True,0,0
0,472500,True,True,0,0
0,472600,True,True,0,0
0,472700,True,True,0,0
0,472800,True,True,0,0
0,472900,True,True,0,0
0,473000,True,True,0,0
0,473100,True,True,0,0
0,473200,True,True,0,0
0,473300,True,True,0,0
0,473400,True,True,0,0
0,473500,True,True,0,0
0,473600,True,True,0,0
0,473700,True,True,0,0
0,473800,True,True,0,0
0,473900,True,True,0,0
0,474000,True,True,0,0
0,474100,True,True,0,0
0,474200,True,True,0,0
0,474300,True,True,0,0
0,474400,True,True,0,0
0,474500,True,True,0,0
0,474600,True,True,0,0
0,474700,True,True,0,0
0,474800,True,True,0,0
0,474900,True,True,0,0
0,475000,True,True,0,0
0,475100,True,True,0,0
0,475200,True,True,0,0
0,475300,True,True,0,0
0,475400,True,True,0,0
0,475500,True,True,0,0
0,475600,True,True,0,0
0,475700,True,True,0,0
0,475800,True,True,0,0
0,475900,True,True,0,0
0,476000,True,True,0,0
0,476100,True,True,0,0
0,476200,True,True,0,0
0,476300,True,True,0,0
0,476400,True,True,0,0
0,476500,True,True,0,0
0,476600,True,True,0,0
0,476700,True,True,0,0
0,476800,True,True,0,0
0,476900,True,True,0,0
0,477000,True,True,0,0
0,477100,True,True,0,0
0,477200,True,True,0,0
0,477300,True,True,0,0
0,477400,True,True,0,0
0,477500,True,True,0,0
0,477600,True,True,0,0
0,477700,True,True,0,0
0,477800,True,True,0,0
0,477900,True,True,0,0
0,478000,True,True,0,0
0,478100,True,True,0,0
0,478200,True,True,0,0
0,478300,True,True,0,0
0,478400,True,True,0,0
0,478500,True,True,0,0
0,478600,True,True,0,0
0,478700,True,True,0,0
0,478800,True,True,0,0
0,478900,True,True,0,0
0,479000,True,True,0,0
0,479100,True,True,0,0
0,479200,True,True,0,0
0,479300,True,True,0,0
0,479400,True,True,0,0
0,479500,True,True,0,0
0,479600,True,True,0,0
0,479700,True,True,0,0
0,479800,True,True,0,0
0,479900,True,True,0,0
0,480000,True,True,0,0
0,480100,True,True,0,0
0,480200,True,True,0,0
0,480300,True,True,0,0
0,480400,True,True,0,0
0,480500,True,True,0,0
0,480600,True,True,0,0
0,480700,True,True,0,0
0,480800,True,True,0,0
0,480900,True,True,0,0
0,481000,True,True,0,0
0,481100,True,True,0,0
0,481200,True,True,0,0
0,481300,True,True,0,0
0,481400,True,True,0,0
0,481500,True,True,0,0
0,481600,True,True,0,0
0,481700,True,True,0,0
0,481800,True,True,0,0
0,481900,True,True,0,0
0,482000,True,True,0,0
0,482100,True,True,0,0
0,482200,True,True,0,0
0,482300,True,True,0,0
0,482400,True,True,0,0
0,482500,True,True,0,0
0,482600,True,True,0,0
0,482700,True,True,0,0
0,482800,True,True,0,0
0,482900,True,True,0,0
0,483000,True,True,0,0
0,483100,True,True,0,0
0,483200,True,True,0,0
0,483300,True,True,0,0
0,483400,True,True,0,0
0,483500,True,True,0,0
0,483600,True,True,0,0
0,483700,True,True,0,0
0,483800,True,True,0,0
0,483900,True,True,0,0
0,484000,True,True,0,0
0,484100,True,True,0,0
0,484200,True,True,0,0
0,484300,True,True,0,0
0,484400,True,True,0,0
0,484500,True,True,0,0
0,484600,True,True,0,0
0,484700,True,True,0,0
0,484800,True,True,0,0
0,484900,True,True,0,0
0,485000,True,True,0,0
0,485100,True,True,0,0
0,485200,True,True,0,0
0,485300,True,True,0,0
0,485400,True,True,0,0
0,485500,True,True,0,0
0,485600,True,True,0,0
0,485700,True,True,0,0
0,485800,True,True,0,0
0,485900,True,True,0,0
0,486000,True,True,0,0
0,486100,True,True,0,0
0,486200,True,True,0,0
0,486300,True,True,0,0
0,486400,True,True,0,0
0,486500,True,True,0,0
0,486600,True,True,0,0
0,486700,True,True,0,0
0,486800,True,True,0,0
0,486900,True,True,0,0
0,487000,True,True,0,0
0,487100,True,True,0,0
0,487200,True,True,0,0
0,487300,True,True,0,0
0,487400,True,True,0,0
0,487500,True,True,0,0
0,487600,True,True,0,0
0,487700,True,True,0,0
0,487800,True,True,0,0
0,487900,True,True,0,0
0,488000,True,True,0,0
0,488100,True,True,0,0
0,488200,True,True,0,0
0,488300,True,True,0,0
0,488400,True,True,0,0
0,488500,True,True,0,0
0,488600,True,True,0,0
0,488700,True,True,0,0
0,488800,True,True,0,0
0,488900,True,True,0,0
0,489000,True,True,0,0
0,489100,True,True,0,0
0,489200,True,True,0,0
0,489300,True,True,0,0
0,489400,True,True,0,0
0,489500,True,True,0,0
0,489600,True,True,0,0
0,489700,True,True,0,0
0,489800,True,True,0,0
0,489900,True,True,0,0
0,490000,True,True,0,0
0,490100,True,True,0,0
0,490200,True,True,0,0
0,490300,True,True,0,0
0,490400,True,True,0,0
0,490500,True,True,0,0
0,490600,True,True,0,0
0,490700,True,True,0,0
0,490800,True,True,0,0
0,490900,True,True,0,0
0,491000,True,True,0,0
0,491100,True,True,0,0
0,491200,True,True,0,0
0,491300,True,True,0,0
0,491400,True,True,0,0
0,491500,True,True,0,0
0,491600,True,True,0,0
0,491700,True,True,0,0
0,491800,True,True,0,0
0,491900,True,True,0,0
0,492000,True,True,0,0
0,492100,True,True,0,0
0,492200,True,True,0,0
0,492300,True,True,0,0
0,492400,True,True,0,0
0,492500,True,True,0,0
0,492600,True,True,0,0
0,492700,True,True,0,0
0,492800,True,True,0,0
0,492900,True,True,0,0
0,493000,True,True,0,0
0,493100,True,True,0,0
0,493200,True,True,0,0
0,493300,True,True,0,0
0,493400,True,True,0,0
0,493500,True,True,0,0
0,493600,True,True,0,0
0,493700,True,True,0,0
0,493800,True,True,0,0
0,493900,True,True,0,0
0,494000,True,True,0,0
0,494100,True,True,0,0
0,494200,True,True,0,0
0,494300,True,True,0,0
0,494400,True,True,0,0
0,494500,True,True,0,0
0,494600,True,True,0,0
0,494700,True,True,0,0
0,494800,True,True,0,0
0,494900,True,True,0,0
0,495000,True,True,0,0
0,495100,True,True,0,0
0,495200,True,True,0,0
0,495300,True,True,0,0
0,495400,True,True,0,0
0,495500,True,True,0,0
0,495600,True,True,0,0
0,495700,True,True,0,0
0,495800,True,True,0,0
0,495900,True,True,0,0
0,496000,True,True,0,0
0,496100,True,True,0,0
0,496200,True,True,0,0
0,496300,True,True,0,0
0,496400,True,True,0,0
0,496500,True,True,0,0
0,496600,True,True,0,0
0,496700,True,True,0,0
0,496800,True,True,0,0
0,496900,True,True,0,0
0,497000,True,True,0,0
0,497100,True,True,0,0
0,497200,True,True,0,0
0,497300,True,True,0,0
0,497400,True,True,0,0
0,497500,True,True,0,0
0,497600,True,True,0,0
0,497700,True,True,0,0
0,497800,True,True,0,0
0,497900,True,True,0,0
0,498000,True,True,0,0
0,498100,True,True,0,0
0,498200,True,True,0,0
0,498300,True,True,0,0
0,498400,True,True,0,0
0,498500,True,True,0,0
0,498600,True,True,0,0
0,498700,True,True,0,0
0,498800,True,True,0,0
0,498900,True,True,0,0
0,499000,True,True,0,0
0,499100,True,True,0,0
0,499200,True,True,0,0
0,499300,True,True,0,0
0,499400,True,True,0,0
0,499500,True,True,0,0
0,499600,True,True,0,0
0,499700,True,True,0,0
0,499800,True,True,0,0
0,499900,True,True,0,0
0,500000,True,True,0,0
0,500100,True,True,0,0
0,500200,True,True,0,0
0,500300,True,True,0,0
0,500400,True,True,0,0
0,500500,True,True,0,0
0,500600,True,True,0,0
0,500700,True,True,0,0
0,500800,True,True,0,0
0,500900,True,True,0,0
0,501000,True,True,0,0
0,501100,True,True,0,0
0,501200,True,True,0,0
0,501300,True,True,0,0
0,501400,True,True,0,0
0,501500,True,True,0,0
0,501600,True,True,0,0
0,501700,True,True,0,0
0,501800,True,True,0,0
0,501900,True,True,0,0
0,502000,True,True,0,0
0,502100,True,True,0,0
0,502200,True,True,0,0
0,502300,True,True,0,0
0,502400,True,True,0,0
0,502500,True,True,0,0
0,502600,True,True,0,0
0,502700,True,True,0,0
0,502800,True,True,0,0
0,502900,True,True,0,0
0,503000,True,True,0,0
0,503100,True,True,0,0
0,503200,True,True,0,0
0,503300,True,True,0,0
0,503400,True,True,0,0
0,503500,True,True,0,0
0,503600,True,True,0,0
0,503700,True,True,0,0
0,503800,True,True,0,0
0,503900,True,True,0,0
0,504000,True,True,0,0
0,504100,True,True,0,0
0,504200,True,True,0,0
0,504300,True,True,0,0
0,504400,True,True,0,0
0,504500,True,True,0,0
0,504600,True,True,0,0
0,504700,True,True,0,0
0,504800,True,True,0,0
0,504900,True,True,0,0
0,505000,True,True,0,0
0,505100,True,True,0,0
0,505200,True,True,0,0
0,505300,True,True,0,0
0,505400,True,True,0,0
0,505500,True,True,0,0
0,505600,True,True,0,0
0,505700,True,True,0,0
0,505800,True,True,0,0
0,505900,True,True,0,0
0,506000,True,True,0,0
0,506100,True,True,0,0
0,506200,True,True,0,0
0,506300,True,True,0,0
0,506400,True,True,0,0
0,506500,True,True,0,0
0,506600,True,True,0,0
0,506700,True,True,0,0
0,506800,True,True,0,0
0,506900,True,True,0,0
0,507000,True,True,0,0
0,507100,True,True,0,0
0,507200,True,True,0,0
0,507300,True,True,0,0
0,507400,True,True,0,0
0,507500,True,True,0,0
0,507600,True,True,0,0
0,507700,True,True,0,0
0,507800,True,True,0,0
0,507900,True,True,0,0
0,508000,True,True,0,0
0,508100,True,True,0,0
0,508200,True,True,0,0
0,508300,True,True,0,0
0,508400,True,True,0,0
0,508500,True,True,0,0
0,508600,True,True,0,0
0,508700,True,True,0,0
0,508800,True,True,0,0
0,508900,True,True,0,0
0,509000,True,True,0,0
0,509100,True,True,0,0
0,509200,True,True,0,0
0,509300,True,True,0,0
0,509400,True,True,0,0
0,509500,True,True,0,0
0,509600,True,True,0,0
0,509700,True,True,0,0
0,509800,True,True,0,0
0,509900,True,True,0,0
0,510000,True,True,0,0
0,510100,True,True,0,0
0,510200,True,True,0,0
0,510300,True,True,0,0
0,510400,True,True,0,0
0,510500,True,True,0,0
0,510600,True,True,0,0
0,510700,True,True,0,0
0,510800,True,True,0,0
0,510900,True,True,0,0
0,511000,True,True,0,0
0,511100,True,True,0,0
0,511200,True,True,0,0
0,511300,True,True,0,0
0,511400,True,True,0,0
0,511500,True,True,0,0
0,511600,True,True,0,0
0,511700,True,True,0,0
0,511800,True,True,0,0
0,511900,True,True,0,0
0,512000,True,True,0,0
0,512100,True,True,0,0
0,512200,True,True,0,0
0,512300,True,True,0,0
0,512400,True,True,0,0
0,512500,True,True,0,0
0,512600,True,True,0,0
0,512700,True,True,0,0
0,512800,True,True,0,0
0,512900,True,True,0,0
0,513000,True,True,0,0
0,513100,True,True,0,0
0,513200,True,True,0,0
0,513300,True,True,0,0
0,513400,True,True,0,0
0,513500,True,True,0,0
0,513600,True,True,0,0
0,513700,True,True,0,0
0,513800,True,True,0,0
0,513900,True,True,0,0
0,514000,True,True,0,0
0,514100,True,True,0,0
0,514200,True,True,0,0
0,514300,True,True,0,0
0,514400,True,True,0,0
0,514500,True,True,0,0
0,514600,True,True,0,0
0,514700,True,True,0,0
0,514800,True,True,0,0
0,514900,True,True,0,0
0,515000,True,True,0,0
0,515100,True,True,0,0
0,515200,True,True,0,0
0,515300,True,True,0,0
0,515400,True,True,0,0
0,515500,True,True,0,0
0,515600,True,True,0,0
0,515700,True,True,0,0
0,515800,True,True,0,0
0,515900,True,True,0,0
0,516000,True,True,0,0
0,516100,True,True,0,0
0,516200,True,True,0,0
0,516300,True,True,0,0
0,516400,True,True,0,0
0,516500,True,True,0,0
0,516600,True,True,0,0
0,516700,True,True,0,0
0,516800,True,True,0,0
0,516900,True,True,0,0
0,517000,True,True,0,0
0,517100,True,True,0,0
0,517200,True,True,0,0
0,517300,True,True,0,0
0,517400,True,True,0,0
0,517500,True,True,0,0
0,517600,True,True,0,0
0,517700,True,True,0,0
0,517800,True,True,0,0
0,517900,True,True,0,0
0,518000,True,True,0,0
0,518100,True,True,0,0
0,518200,True,True,0,0
0,518300,True,True,0,0
0,518400,True,True,0,0
0,518500,True,True,0,0
0,518600,True,True,0,0
0,518700,True,True,0,0
0,518800,True,True,0,0
0,518900,True,True,0,0
0,519000,True,True,0,0
0,519100,True,True,0,0
0,519200,True,True,0,0
0,519300,True,True,0,0
0,519400,True,True,0,0
0,519500,True,True,0,0
0,519600,True,True,0,0
0,519700,True,True,0,0
0,519800,True,True,0,0
0,519900,True,True,0,0
0,520000,True,True,0,0
0,520100,True,True,0,0
0,520200,True,True,0,0
0,520300,True,True,0,0
0,520400,True,True,0,0
0,520500,True,True,0,0
0,520600,True,True,0,0
0,520700,True,True,0,0
0,520800,True,True,0,0
0,520900,True,True,0,0
0,521000,True,True,0,0
0,521100,True,True,0,0
0,521200,True,True,0,0
0,521300,True,True,0,0
0,521400,True,True,0,0
0,521500,True,True,0,0
0,521600,True,True,0,0
0,521700,True,True,0,0
0,521800,True,True,0,0
0,521900,True,True,0,0
0,522000,True,True,0,0
0,522100,True,True,0,0
0,522200,True,True,0,0
0,522300,True,True,0,0
0,522400,True,True,0,0
0,522500,True,True,0,0
0,522600,True,True,0,0
0,522700,True,True,0,0
0,522800,True,True,0,0
0,522900,True,True,0,0
0,523000,True,True,0,0
0,523100,True,True,0,0
0,523200,True,True,0,0
0,523300,True,True,0,0
0,523400,True,True,0,0
0,523500,True,True,0,0
0,523600,True,True,0,0
0,523700,True,True,0,0
0,523800,True,True,0,0
0,523900,True,True,0,0
0,524000,True,True,0,0
0,524100,True,True,0,0
0,524200,True,True,0,0
0,524300,True,True,0,0
0,524400,True,True,0,0
0,524500,True,True,0,0
0,524600,True,True,0,0
0,524700,True,True,0,0
0,524800,True,True,0,0
0,524900,True,True,0,0
0,525000,True,True,0,0
0,525100,True,True,0,0
0,525200,True,True,0,0
0,525300,True,True,0,0
0,525400,True,True,0,0
0,525500,True,True,0,0
0,525600,True,True,0,0
0,525700,True,True,0,0
0,525800,True,True,0,0
0,525900,True,True,0,0
0,526000,True,True,0,0
0,526100,True,True,0,0
0,526200,True,True,0,0
0,526300,True,True,0,0
0,526400,True,True,0,0
0,526500,True,True,0,0
0,526600,True,True,0,0
0,526700,True,True,0,0
0,526800,True,True,0,0
0,526900,True,True,0,0
0,527000,True,True,0,0
0,527100,True,True,0,0
0,527200,True,True,0,0
0,527300,True,True,0,0
0,527400,True,True,0,0
0,527500,True,True,0,0
0,527600,True,True,0,0
0,527700,True,True,0,0
0,527800,True,True,0,0
0,527900,True,True,0,0
0,528000,True,True,0,0
0,528100,True,True,0,0
0,528200,True,True,0,0
0,528300,True,True,0,0
0,528400,True,True,0,0
0,528500,True,True,0,0
0,528600,True,True,0,0
0,528700,True,True,0,0
0,528800,True,True,0,0
0,528900,True,True,0,0
0,529000,True,True,0,0
0,529100,True,True,0,0
0,529200,True,True,0,0
0,529300,True,True,0,0
0,529400,True,True,0,0
0,529500,True,True,0,0
0,529600,True,True,0,0
0,529700,True,True,0,0
0,529800,True,True,0,0
0,529900,True,True,0,0
0,530000,True,True,0,0
0,530100,True,True,0,0
0,530200,True,True,0,0
0,530300,True,True,0,0
0,530400,True,True,0,0
0,530500,True,True,0,0
0,530600,True,True,0,0
0,530700,True,True,0,0
0,530800,True,True,0,0
0,530900,True,True,0,0
0,531000,True,True,0,0
0,531100,True,True,0,0
0,531200,True,True,0,0
0,531300,True,True,0,0
0,531400,True,True,0,0
0,531500,True,True,0,0
0,531600,True,True,0,0
0,531700,True,True,0,0
0,531800,True,True,0,0
0,531900,True,True,0,0
0,532000,True,True,0,0
0,532100,True,True,0,0
0,532200,True,True,0,0
0,532300,True,True,0,0
0,532400,True,True,0,0
0,532500,True,True,0,0
0,532600,True,True,0,0
0,532700,True,True,0,0
0,532800,True,True,0,0
0,532900,True,True,0,0
0,533000,True,True,0,0
0,533100,True,True,0,0
0,533200,True,True,0,0
0,533300,True,True,0,0
0,533400,True,True,0,0
0,533500,True,True,0,0
0,533600,True,True,0,0
0,533700,True,True,0,0
0,533800,True,True,0,0
0,533900,True,True,0,0
0,534000,True,True,0,0
0,534100,True,True,0,0
0,534200,True,True,0,0
0,534300,True,True,0,0
0,534400,True,True,0,0
0,534500,True,True,0,0
0,534600,True,True,0,0
0,534700,True,True,0,0
0,534800,True,True,0,0
0,534900,True,True,0,0
0,535000,True,True,0,0
0,535100,True,True,0,0
0,535200,True,True,0,0
0,535300,True,True,0,0
0,535400,True,True,0,0
0,535500,True,True,0,0
0,535600,True,True,0,0
0,535700,True,True,0,0
0,535800,True,True,0,0
0,535900,True,True,0,0
0,536000,True,True,0,0
0,536100,True,True,0,0
0,536200,True,True,0,0
0,536300,True,True,0,0
0,536400,True,True,0,0
0,536500,True,True,0,0
0,536600,True,True,0,0
0,536700,True,True,0,0
0,536800,True,True,0,0
0,536900,True,True,0,0
0,537000,True,True,0,0
0,537100,True,True,0,0
0,537200,True,True,0,0
0,537300,True,True,0,0
0,537400,True,True,0,0
0,537500,True,True,0,0
0,537600,True,True,0,0
0,537700,True,True,0,0
0,537800,True,True,0,0
0,537900,True,True,0,0
0,538000,True,True,0,0
0,538100,True,True,0,0
0,538200,True,True,0,0
0,538300,True,True,0,0
0,538400,True,True,0,0
0,538500,True,True,0,0
0,538600,True,True,0,0
0,538700,True,True,0,0
0,538800,True,True,0,0
0,538900,True,True,0,0
0,539000,True,True,0,0
0,539100,True,True,0,0
0,539200,True,True,0,0
0,539300,True,True,0,0
0,539400,True,True,0,0
0,539500,True,True,0,0
0,539600,True,True,0,0
0,539700,True,True,0,0
0,539800,True,True,0,0
0,539900,True,True,0,0
0,540000,True,True,0,0
0,540100,True,True,0,0
0,540200,True,True,0,0
0,540300,True,True,0,0
0,540400,True,True,0,0
0,540500,True,True,0,0
0,540600,True,True,0,0
0,540700,True,True,0,0
0,540800,True,True,0,0
0,540900,True,True,0,0
0,541000,True,True,0,0
0,541100,True,True,0,0
0,541200,True,True,0,0
0,541300,True,True,0,0
0,541400,True,True,0,0
0,541500,True,True,0,0
0,541600,True,True,0,0
0,541700,True,True,0,0
0,541800,True,True,0,0
0,541900,True,True,0,0
0,542000,True,True,0,0
0,542100,True,True,0,0
0,542200,True,True,0,0
0,542300,True,True,0,0
0,542400,True,True,0,0
0,542500,True,True,0,0
0,542600,True,True,0,0
0,542700,True,True,0,0
0,542800,True,True,0,0
0,542900,True,True,0,0
0,543000,True,True,0,0
0,543100,True,True,0,0
0,543200,True,True,0,0
0,543300,True,True,0,0
0,543400,True,True,0,0
0,543500,True,True,0,0
0,543600,True,True,0,0
0,543700,True,True,0,0
0,543800,True,True,0,0
0,543900,True,True,0,0
0,544000,True,True,0,0
0,544100,True,True,0,0
0,544200,True,True,0,0
0,544300,True,True,0,0
0,544400,True,True,0,0
0,544500,True,True,0,0
0,544600,True,True,0,0
0,544700,True,True,0,0
0,544800,True,True,0,0
0,544900,True,True,0,0
0,545000,True,True,0,0
0,545100,True,True,0,0
0,545200,True,True,0,0
0,545300,True,True,0,0
0,545400,True,True,0,0
0,545500,True,True,0,0
0,545600,True,True,0,0
0,545700,True,True,0,0
0,545800,True,True,0,0
0,545900,True,True,0,0
0,546000,True,True,0,0
0,546100,True,True,0,0
0,546200,True,True,0,0
0,546300,True,True,0,0
0,546400,True,True,0,0
0,546500,True,True,0,0
0,546600,True,True,0,0
0,546700,True,True,0,0
0,546800,True,True,0,0
0,546900,True,True,0,0
0,547000,True,True,0,0
0,547100,True,True,0,0
0,547200,True,True,0,0
0,547300,True,True,0,0
0,547400,True,True,0,0
0,547500,True,True,0,0
0,547600,True,True,0,0
0,547700,True,True,0,0
0,547800,True,True,0,0
0,547900,True,True,0,0
0,548000,True,True,0,0
0,548100,True,True,0,0
0,548200,True,True,0,0
0,548300,True,True,0,0
0,548400,True,True,0,0
0,548500,True,True,0,0
0,548600,True,True,0,0
0,548700,True,True,0,0
0,548800,True,True,0,0
0,548900,True,True,0,0
0,549000,True,True,0,0
0,549100,True,True,0,0
0,549200,True,True,0,0
0,549300,True,True,0,0
0,549400,True,True,0,0
0,549500,True,True,0,0
0,549600,True,True,0,0
0,549700,True,True,0,0
0,549800,True,True,0,0
0,549900,True,True,0,0
0,550000,True,True,0,0
0,550100,True,True,0,0
0,550200,True,True,0,0
0,550300,True,True,0,0
0,550400,True,True,0,0
0,550500,True,True,0,0
0,550600,True,True,0,0
0,550700,True,True,0,0
0,550800,True,True,0,0
0,550900,True,True,0,0
0,551000,True,True,0,0
0,551100,True,True,0,0
0,551200,True,True,0,0
0,551300,True,True,0,0
0,551400,True,True,0,0
0,551500,True,True,0,0
0,551600,True,True,0,0
0,551700,True,True,0,0
0,551800,True,True,0,0
0,551900,True,True,0,0
0,552000,True,True,0,0
0,552100,True,True,0,0
0,552200,True,True,0,0
0,552300,True,True,0,0
0,552400,True,True,0,0
0,552500,True,True,0,0
0,552600,True,True,0,0
0,552700,True,True,0,0
0,552800,True,True,0,0
0,552900,True,True,0,0
0,553000,True,True,0,0
0,553100,True,True,0,0
0,553200,True,True,0,0
0,553300,True,True,0,0
0,553400,True,True,0,0
0,553500,True,True,0,0
0,553600,True,True,0,0
0,553700,True,True,0,0
0,553800,True,True,0,0
0,553900,True,True,0,0
0,554000,True,True,0,0
0,554100,True,True,0,0
0,554200,True,True,0,0
0,554300,True,True,0,0
0,554400,True,True,0,0
0,554500,True,True,0,0
0,554600,True,True,0,0
0,554700,True,True,0,0
0,554800,True,True,0,0
0,554900,True,True,0,0
0,555000,True,True,0,0
0,555100,True,True,0,0
0,555200,True,True,0,0
0,555300,True,True,0,0
0,555400,True,True,0,0
0,555500,True,True,0,0
0,555600,True,True,0,0
0,555700,True,True,0,0
0,555800,True,True,0,0
0,555900,True,True,0,0
0,556000,True,True,0,0
0,556100,True,True,0,0
0,556200,True,True,0,0
0,556300,True,True,0,0
0,556400,True,True,0,0
0,556500,True,True,0,0
0,556600,True,True,0,0
0,556700,True,True,0,0
0,556800,True,True,0,0
0,556900,True,True,0,0
0,557000,True,True,0,0
0,557100,True,True,0,0
0,557200,True,True,0,0
0,557300,True,True,0,0
0,557400,True,True,0,0
0,557500,True,True,0,0
0,557600,True,True,0,0
0,557700,True,True,0,0
0,557800,True,True,0,0
0,557900,True,True,0,0
0,558000,True,True,0,0
0,558100,True,True,0,0
0,558200,True,True,0,0
0,558300,True,True,0,0
0,558400,True,True,0,0
0,558500,True,True,0,0
0,558600,True,True,0,0
0,558700,True,True,0,0
0,558800,True,True,0,0
0,558900,True,True,0,0
0,559000,True,True,0,0
0,559100,True,True,0,0
0,559200,True,True,0,0
0,559300,True,True,0,0
0,559400,True,True,0,0
0,559500,True,True,0,0
0,559600,True,True,0,0
0,559700,True,True,0,0
0,559800,True,True,0,0
0,559900,True,True,0,0
0,560000,True,True,0,0
0,560100,True,True,0,0
0,560200,True,True,0,0
0,560300,True,True,0,0
0,560400,True,True,0,0
0,560500,True,True,0,0
0,560600,True,True,0,0
0,560700,True,True,0,0
0,560800,True,True,0,0
0,560900,True,True,0,0
0,561000,True,True,0,0
0,561100,True,True,0,0
0,561200,True,True,0,0
0,561300,True,True,0,0
0,561400,True,True,0,0
0,561500,True,True,0,0
0,561600,True,True,0,0
0,561700,True,True,0,0
0,561800,True,True,0,0
0,561900,True,True,0,0
0,562000,True,True,0,0
0,562100,True,True,0,0
0,562200,True,True,0,0
0,562300,True,True,0,0
0,562400,True,True,0,0
0,562500,True,True,0,0
0,562600,True,True,0,0
0,562700,True,True,0,0
0,562800,True,True,0,0
0,562900,True,True,0,0
0,563000,True,True,0,0
0,563100,True,True,0,0
0,563200,True,True,0,0
0,563300,True,True,0,0
0,563400,True,True,0,0
0,563500,True,True,0,0
0,563600,True,True,0,0
0,563700,True,True,0,0
0,563800,True,True,0,0
0,563900,True,True,0,0
0,564000,True,True,0,0
0,564100,True,True,0,0
0,564200,True,True,0,0
0,564300,True,True,0,0
0,564400,True,True,0,0
0,564500,True,True,0,0
0,564600,True,True,0,0
0,564700,True,True,0,0
0,564800,True,True,0,0
0,564900,True,True,0,0
0,565000,True,True,0,0
0,565100,True,True,0,0
0,565200,True,True,0,0
0,565300,True,True,0,0
0,565400,True,True,0,0
0,565500,True,True,0,0
0,565600,True,True,0,0
0,565700,True,True,0,0
0,565800,True,True,0,0
0,565900,True,True,0,0
0,566000,True,True,0,0
0,566100,True,True,0,0
0,566200,True,True,0,0
0,566300,True,True,0,0
0,566400,True,True,0,0
0,566500,True,True,0,0
0,566600,True,True,0,0
0,566700,True,True,0,0
0,566800,True,True,0,0
0,566900,True,True,0,0
0,567000,True,True,0,0
0,567100,True,True,0,0
0,567200,True,True,0,0
0,567300,True,True,0,0
0,567400,True,True,0,0
0,567500,True,True,0,0
0,567600,True,True,0,0
0,567700,True,True,0,0
0,567800,True,True,0,0
0,567900,True,True,0,0
0,568000,True,True,0,0
0,568100,True,True,0,0
0,568200,True,True,0,0
0,568300,True,True,0,0
0,568400,True,True,0,0
0,568500,True,True,0,0
0,568600,True,True,0,0
0,568700,True,True,0,0
0,568800,True,True,0,0
0,568900,True,True,0,0
0,569000,True,True,0,0
0,569100,True,True,0,0
0,569200,True,True,0,0
0,569300,True,True,0,0
0,569400,True,True,0,0
0,569500,True,True,0,0
0,569600,True,True,0,0
0,569700,True,True,0,0
0,569800,True,True,0,0
0,569900,True,True,0,0
0,570000,True,True,0,0
0,570100,True,True,0,0
0,570200,True,True,0,0
0,570300,True,True,0,0
0,570400,True,True,0,0
0,570500,True,True,0,0
0,570600,True,True,0,0
0,570700,True,True,0,0
0,570800,True,True,0,0
0,570900,True,True,0,0
0,571000,True,True,0,0
0,571100,True,True,0,0
0,571200,True,True,0,0
0,571300,True,True,0,0
0,571400,True,True,0,0
0,571500,True,True,0,0
0,571600,True,True,0,0
0,571700,True,True,0,0
0,571800,True,True,0,0
0,571900,True,True,0,0
0,572000,True,True,0,0
0,572100,True,True,0,0
0,572200,True,True,0,0
0,572300,True,True,0,0
0,572400,True,True,0,0
0,572500,True,True,0,0
0,572600,True,True,0,0
0,572700,True,True,0,0
0,572800,True,True,0,0
0,572900,True,True,0,0
0,573000,True,True,0,0
0,573100,True,True,0,0
0,573200,True,True,0,0
0,573300,True,True,0,0
0,573400,True,True,0,0
0,573500,True,True,0,0
0,573600,True,True,0,0
0,573700,True,True,0,0
0,573800,True,True,0,0
0,573900,True,True,0,0
0,574000,True,True,0,0
0,574100,True,True,0,0
0,574200,True,True,0,0
0,574300,True,True,0,0
0,574400,True,True,0,0
0,574500,True,True,0,0
0,574600,True,True,0,0
0,574700,True,True,0,0
0,574800,True,True,0,0
0,574900,True,True,0,0
0,575000,True,True,0,0
0,575100,True,True,0,0
0,575200,True,True,0,0
0,575300,True,True,0,0
0,575400,True,True,0,0
0,575500,True,True,0,0
0,575600,True,True,0,0
0,575700,True,True,0,0
0,575800,True,True,0,0
0,575900,True,True,0,0
0,576000,True,True,0,0
0,576100,True,True,0,0
0,576200,True,True,0,0
0,576300,True,True,0,0
0,576400,True,True,0,0
0,576500,True,True,0,0
0,576600,True,True,0,0
0,576700,True,True,0,0
0,576800,True,True,0,0
0,576900,True,True,0,0
0,577000,True,True,0,0
0,577100,True,True,0,0
0,577200,True,True,0,0
0,577300,True,True,0,0
0,577400,True,True,0,0
0,577500,True,True,0,0
0,577600,True,True,0,0
0,577700,True,True,0,0
0,577800,True,True,0,0
0,577900,True,True,0,0
0,578000,True,True,0,0
0,578100,True,True,0,0
0,578200,True,True,0,0
0,578300,True,True,0,0
0,578400,True,True,0,0
0,578500,True,True,0,0
0,578600,True,True,0,0
0,578700,True,True,0,0
0,578800,True,True,0,0
0,578900,True,True,0,0
0,579000,True,True,0,0
0,579100,True,True,0,0
0,579200,True,True,0,0
0,579300,True,True,0,0
0,579400,True,True,0,0
0,579500,True,True,0,0
0,579600,True,True,0,0
0,579700,True,True,0,0
0,579800,True,True,0,0
0,579900,True,True,0,0
0,580000,True,True,0,0
0,580100,True,True,0,0
0,580200,True,True,0,0
0,580300,True,True,0,0
0,580400,True,True,0,0
0,580500,True,True,0,0
0,580600,True,True,0,0
0,580700,True,True,0,0
0,580800,True,True,0,0
0,580900,True,True,0,0
0,581000,True,True,0,0
0,581100,True,True,0,0
0,581200,True,True,0,0
0,581300,True,True,0,0
0,581400,True,True,0,0
0,581500,True,True,0,0
0,581600,True,True,0,0
0,581700,True,True,0,0
0,581800,True,True,0,0
0,581900,True,True,0,0
0,582000,True,True,0,0
0,582100,True,True,0,0
0,582200,True,True,0,0
0,582300,True,True,0,0
0,582400,True,True,0,0
0,582500,True,True,0,0
0,582600,True,True,0,0
0,582700,True,True,0,0
0,582800,True,True,0,0
0,582900,True,True,0,0
0,583000,True,True,0,0
0,583100,True,True,0,0
0,583200,True,True,0,0
0,583300,True,True,0,0
0,583400,True,True,0,0
0,583500,True,True,0,0
0,583600,True,True,0,0
0,583700,True,True,0,0
0,583800,True,True,0,0
0,583900,True,True,0,0
0,584000,True,True,0,0
0,584100,True,True,0,0
0,584200,True,True,0,0
0,584300,True,True,0,0
0,584400,True,True,0,0
0,584500,True,True,0,0
0,584600,True,True,0,0
0,584700,True,True,0,0
0,584800,True,True,0,0
0,584900,True,True,0,0
0,585000,True,True,0,0
0,585100,True,True,0,0
0,585200,True,True,0,0
0,585300,True,True,0,0
0,585400,True,True,0,0
0,585500,True,True,0,0
0,585600,True,True,0,0
0,585700,True,True,0,0
0,585800,True,True,0,0
0,585900,True,True,0,0
0,586000,True,True,0,0
0,586100,True,True,0,0
0,586200,True,True,0,0
0,586300,True,True,0,0
0,586400,True,True,0,0
0,586500,True,True,0,0
0,586600,True,True,0,0
0,586700,True,True,0,0
0,586800,True,True,0,0
0,586900,True,True,0,0
0,587000,True,True,0,0
0,587100,True,True,0,0
0,587200,True,True,0,0
0,587300,True,True,0,0
0,587400,True,True,0,0
0,587500,True,True,0,0
0,587600,True,True,0,0
0,587700,True,True,0,0
0,587800,True,True,0,0
0,587900,True,True,0,0
0,588000,True,True,0,0
0,588100,True,True,0,0
0,588200,True,True,0,0
0,588300,True,True,0,0
0,588400,True,True,0,0
0,588500,True,True,0,0
0,588600,True,True,0,0
0,588700,True,True,0,0
0,588800,True,True,0,0
0,588900,True,True,0,0
0,589000,True,True,0,0
0,589100,True,True,0,0
0,589200,True,True,0,0
0,589300,True,True,0,0
0,589400,True,True,0,0
0,589500,True,True,0,0
0,589600,True,True,0,0
0,589700,True,True,0,0
0,589800,True,True,0,0
0,589900,True,True,0,0
0,590000,True,True,0,0
0,590100,True,True,0,0
0,590200,True,True,0,0
0,590300,True,True,0,0
0,590400,True,True,0,0
0,590500,True,True,0,0
0,590600,True,True,0,0
0,590700,True,True,0,0
0,590800,True,True,0,0
0,590900,True,True,0,0
0,591000,True,True,0,0
0,591100,True,True,0,0
0,591200,True,True,0,0
0,591300,True,True,0,0
0,591400,True,True,0,0
0,591500,True,True,0,0
0,591600,True,True,0,0
0,591700,True,True,0,0
0,591800,True,True,0,0
0,591900,True,True,0,0
0,592000,True,True,0,0
0,592100,True,True,0,0
0,592200,True,True,0,0
0,592300,True,True,0,0
0,592400,True,True,0,0
0,592500,True,True,0,0
0,592600,True,True,0,0
0,592700,True,True,0,0
0,592800,True,True,0,0
0,592900,True,True,0,0
0,593000,True,True,0,0
0,593100,True,True,0,0
0,593200,True,True,0,0
0,593300,True,True,0,0
0,593400,True,True,0,0
0,593500,True,True,0,0
0,593600,True,True,0,0
0,593700,True,True,0,0
0,593800,True,True,0,0
0,593900,True,True,0,0
0,594000,True,True,0,0
0,594100,True,True,0,0
0,594200,True,True,0,0
0,594300,True,True,0,0
0,594400,True,True,0,0
0,594500,True,True,0,0
0,594600,True,True,0,0
0,594700,True,True,0,0
0,594800,True,True,0,0
0,594900,True,True,0,0
0,595000,True,True,0,0
0,595100,True,True,0,0
0,595200,True,True,0,0
0,595300,True,True,0,0
0,595400,True,True,0,0
0,595500,True,True,0,0
0,595600,True,True,0,0
0,595700,True,True,0,0
0,595800,True,True,0,0
0,595900,True,True,0,0
0,596000,True,True,0,0
0,596100,True,True,0,0
0,596200,True,True,0,0
0,596300,True,True,0,0
0,596400,True,True,0,0
0,596500,True,True,0,0
0,596600,True,True,0,0
0,596700,True,True,0,0
0,596800,True,True,0,0
0,596900,True,True,0,0
0,597000,True,True,0,0
0,597100,True,True,0,0
0,597200,True,True,0,0
0,597300,True,True,0,0
0,597400,True,True,0,0
0,597500,True,True,0,0
0,597600,True,True,0,0
0,597700,True,True,0,0
0,597800,True,True,0,0
0,597900,True,True,0,0
0,598000,True,True,0,0
0,598100,True,True,0,0
0,598200,True,True,0,0
0,598300,True,True,0,0
0,598400,True,True,0,0
0,598500,True,True,0,0
0,598600,True,True,0,0
0,598700,True,True,0,0
0,598800,True,True,0,0
0,598900,True,True,0,0
0,599000,True,True,0,0
0,599100,True,True,0,0
0,599200,True,True,0,0
0,599300,True,True,0,0
0,599400,True,True,0,0
0,599500,True,True,0,0
0,599600,True,True,0,0
0,599700,True,True,0,0
0,599800,True,True,0,0
0,599900,True,True,0,0
0,600000,True,True,0,0
0,600100,True,True,0,0
0,600200,True,True,0,0
0,600300,True,True,0,0
0,600400,True,True,0,0
0,600500,True,True,0,0
0,600600,True,True,0,0
0,600700,True,True,0,0
0,600800,True,True,0,0
0,600900,True,True,0,0
0,601000,True,True,0,0
0,601100,True,True,0,0
0,601200,True,True,0,0
0,601300,True,True,0,0
0,601400,True,True,0,0
0,601500,True,True,0,0
0,601600,True,True,0,0
0,601700,True,True,0,0
0,601800,True,True,0,0
0,601900,True,True,0,0
0,602000,True,True,0,0
0,602100,True,True,0,0
0,602200,True,True,0,0
0,602300,True,True,0,0
0,602400,True,True,0,0
0,602500,True,True,0,0
0,602600,True,True,0,0
0,602700,True,True,0,0
0,602800,True,True,0,0
0,602900,True,True,0,0
0,603000,True,True,0,0
0,603100,True,True,0,0
0,603200,True,True,0,0
0,603300,True,True,0,0
0,603400,True,True,0,0
0,603500,True,True,0,0
0,603600,True,True,0,0
0,603700,True,True,0,0
0,603800,True,True,0,0
0,603900,True,True,0,0
0,604000,True,True,0,0
0,604100,True,True,0,0
0,604200,True,True,0,0
0,604300,True,True,0,0
0,604400,True,True,0,0
0,604500,True,True,0,0
0,604600,True,True,0,0
0,604700,True,True,0,0
0,604800,True,True,0,0
0,604900,True,True,0,0
0,605000,True,True,0,0
0,605100,True,True,0,0
0,605200,True,True,0,0
0,605300,True,True,0,0
0,605400,True,True,0,0
0,605500,True,True,0,0
0,605600,True,True,0,0
0,605700,True,True,0,0
0,605800,True,True,0,0
0,605900,True,True,0,0
0,606000,True,True,0,0
0,606100,True,True,0,0
0,606200,True,True,0,0
0,606300,True,True,0,0
0,606400,True,True,0,0
0,606500,True,True,0,0
0,606600,True,True,0,0
0,606700,True,True,0,0
0,606800,True,True,0,0
0,606900,True,True,0,0
0,607000,True,True,0,0
0,607100,True,True,0,0
0,607200,True,True,0,0
0,607300,True,True,0,0
0,607400,True,True,0,0
0,607500,True,True,0,0
0,607600,True,True,0,0
0,607700,True,True,0,0
0,607800,True,True,0,0
0,607900,True,True,0,0
0,608000,True,True,0,0
0,608100,True,True,0,0
0,608200,True,True,0,0
0,608300,True,True,0,0
0,608400,True,True,0,0
0,608500,True,True,0,0
0,608600,True,True,0,0
0,608700,True,True,0,0
0,608800,True,True,0,0
0,608900,True,True,0,0
0,609000,True,True,0,0
0,609100,True,True,0,0
0,609200,True,True,0,0
0,609300,True,True,0,0
0,609400,True,True,0,0
0,609500,True,True,0,0
0,609600,True,True,0,0
0,609700,True,True,0,0
0,609800,True,True,0,0
0,609900,True,True,0,0
0,610000,True,True,0,0
0,610100,True,True,0,0
0,610200,True,True,0,0
0,610300,True,True,0,0
0,610400,True,True,0,0
0,610500,True,True,0,0
0,610600,True,True,0,0
0,610700,True,True,0,0
0,610800,True,True,0,0
0,610900,True,True,0,0
0,611000,True,True,0,0
0,611100,True,True,0,0
0,611200,True,True,0,0
0,611300,True,True,0,0
0,611400,True,True,0,0
0,611500,True,True,0,0
0,611600,True,True,0,0
0,611700,True,True,0,0
0,611800,True,True,0,0
0,611900,True,True,0,0
0,612000,True,True,0,0
0,612100,True,True,0,0
0,612200,True,True,0,0
0,612300,True,True,0,0
0,612400,True,True,0,0
0,612500,True,True,0,0
0,612600,True,True,0,0
0,612700,True,True,0,0
0,612800,True,True,0,0
0,612900,True,True,0,0
0,613000,True,True,0,0
0,613100,True,True,0,0
0,613200,True,True,0,0
0,613300,True,True,0,0
0,613400,True,True,0,0
0,613500,True,True,0,0
0,613600,True,True,0,0
0,613700,True,True,0,0
0,613800,True,True,0,0
0,613900,True,True,0,0
0,614000,True,True,0,0
0,614100,True,True,0,0
0,614200,True,True,0,0
0,614300,True,True,0,0
0,614400,True,True,0,0
0,614500,True,True,0,0
0,614600,True,True,0,0
0,614700,True,True,0,0
0,614800,True,True,0,0
0,614900,True,True,0,0
0,615000,True,True,0,0
0,615100,True,True,0,0
0,615200,True,True,0,0
0,615300,True,True,0,0
0,615400,True,True,0,0
0,615500,True,True,0,0
0,615600,True,True,0,0
0,615700,True,True,0,0
0,615800,True,True,0,0
0,615900,True,True,0,0
0,616000,True,True,0,0
0,616100,True,True,0,0
0,616200,True,True,0,0
0,616300,True,True,0,0
0,616400,True,True,0,0
0,616500,True,True,0,0
0,616600,True,True,0,0
0,616700,True,True,0,0
0,616800,True,True,0,0
0,616900,True,True,0,0
0,617000,True,True,0,0
0,617100,True,True,0,0
0,617200,True,True,0,0
0,617300,True,True,0,0
0,617400,True,True,0,0
0,617500,True,True,0,0
0,617600,True,True,0,0
0,617700,True,True,0,0
0,617800,True,True,0,0
0,617900,True,True,0,0
0,618000,True,True,0,0
0,618100,True,True,0,0
0,618200,True,True,0,0
0,618300,True,True,0,0
0,618400,True,True,0,0
0,618500,True,True,0,0
0,618600,True,True,0,0
0,618700,True,True,0,0
0,618800,True,True,0,0
0,618900,True,True,0,0
0,619000,True,True,0,0
0,619100,True,True,0,0
0,619200,True,True,0,0
0,619300,True,True,0,0
0,619400,True,True,0,0
0,619500,True,True,0,0
0,619600,True,True,0,0
0,619700,True,True,0,0
0,619800,True,True,0,0
0,619900,True,True,0,0
0,620000,True,True,0,0
0,620100,True,True,0,0
0,620200,True,True,0,0
0,620300,True,True,0,0
0,620400,True,True,0,0
0,620500,True,True,0,0
0,620600,True,True,0,0
0,620700,True,True,0,0
0,620800,True,True,0,0
0,620900,True,True,0,0
0,621000,True,True,0,0
0,621100,True,True,0,0
0,621200,True,True,0,0
0,621300,True,True,0,0
0,621400,True,True,0,0
0,621500,True,True,0,0
0,621600,True,True,0,0
0,621700,True,True,0,0
0,621800,True,True,0,0
0,621900,True,True,0,0
0,622000,True,True,0,0
0,622100,True,True,0,0
0,622200,True,True,0,0
0,622300,True,True,0,0
0,622400,True,True,0,0
0,622500,True,True,0,0
0,622600,True,True,0,0
0,622700,True,True,0,0
0,622800,True,True,0,0
0,622900,True,True,0,0
0,623000,True,True,0,0
0,623100,True,True,0,0
0,623200,True,True,0,0
0,623300,True,True,0,0
0,623400,True,True,0,0
0,623500,True,True,0,0
0,623600,True,True,0,0
0,623700,True,True,0,0
0,623800,True,True,0,0
0,623900,True,True,0,0
0,624000,True,True,0,0
0,624100,True,True,0,0
0,624200,True,True,0,0
0,624300,True,True,0,0
0,624400,True,True,0,0
0,624500,True,True,0,0
0,624600,True,True,0,0
0,624700,True,True,0,0
0,624800,True,True,0,0
0,624900,True,True,0,0
0,625000,True,True,0,0
0,625100,True,True,0,0
0,625200,True,True,0,0
0,625300,True,True,0,0
0,625400,True,True,0,0
0,625500,True,True,0,0
0,625600,True,True,0,0
0,625700,True,True,0,0
0,625800,True,True,0,0
0,625900,True,True,0,0
0,626000,True,True,0,0
0,626100,True,True,0,0
0,626200,True,True,0,0
0,626300,True,True,0,0
0,626400,True,True,0,0
0,626500,True,True,0,0
0,626600,True,True,0,0
0,626700,True,True,0,0
0,626800,True,True,0,0
0,626900,True,True,0,0
0,627000,True,True,0,0
0,627100,True,True,0,0
0,627200,True,True,0,0
0,627300,True,True,0,0
0,627400,True,True,0,0
0,627500,True,True,0,0
0,627600,True,True,0,0
0,627700,True,True,0,0
0,627800,True,True,0,0
0,627900,True,True,0,0
0,628000,True,True,0,0
0,628100,True,True,0,0
0,628200,True,True,0,0
0,628300,True,True,0,0
0,628400,True,True,0,0
0,628500,True,True,0,0
0,628600,True,True,0,0
0,628700,True,True,0,0
0,628800,True,True,0,0
0,628900,True,True,0,0
0,629000,True,True,0,0
0,629100,True,True,0,0
0,629200,True,True,0,0
0,629300,True,True,0,0
0,629400,True,True,0,0
0,629500,True,True,0,0
0,629600,True,True,0,0
0,629700,True,True,0,0
0,629800,True,True,0,0
0,629900,True,True,0,0
0,630000,True,True,0,0
0,630100,True,True,0,0
0,630200,True,True,0,0
0,630300,True,True,0,0
0,630400,True,True,0,0
0,630500,True,True,0,0
0,630600,True,True,0,0
0,630700,True,True,0,0
0,630800,True,True,0,0
0,630900,True,True,0,0
0,631000,True,True,0,0
0,631100,True,True,0,0
0,631200,True,True,0,0
0,631300,True,True,0,0
0,631400,True,True,0,0
0,631500,True,True,0,0
0,631600,True,True,0,0
0,631700,True,True,0,0
0,631800,True,True,0,0
0,631900,True,True,0,0
0,632000,True,True,0,0
0,632100,True,True,0,0
0,632200,True,True,0,0
0,632300,True,True,0,0
0,632400,True,True,0,0
0,632500,True,True,0,0
0,632600,True,True,0,0
0,632700,True,True,0,0
0,632800,True,True,0,0
0,632900,True,True,0,0
0,633000,True,True,0,0
0,633100,True,True,0,0
0,633200,True,True,0,0
0,633300,True,True,0,0
0,633400,True,True,0,0
0,633500,True,True,0,0
0,633600,True,True,0,0
0,633700,True,True,0,0
0,633800,True,True,0,0
0,633900,True,True,0,0
0,634000,True,True,0,0
0,634100,True,True,0,0
0,634200,True,True,0,0
0,634300,True,True,0,0
0,634400,True,True,0,0
0,634500,True,True,0,0
0,634600,True,True,0,0
0,634700,True,True,0,0
0,634800,True,True,0,0
0,634900,True,True,0,0
0,635000,True,True,0,0
0,635100,True,True,0,0
0,635200,True,True,0,0
0,635300,True,True,0,0
0,635400,True,True,0,0
0,635500,True,True,0,0
0,635600,True,True,0,0
0,635700,True,True,0,0
0,635800,True,True,0,0
0,635900,True,True,0,0
0,636000,True,True,0,0
0,636100,True,True,0,0
0,636200,True,True,0,0
0,636300,True,True,0,0
0,636400,True,True,0,0
0,636500,True,True,0,0
0,636600,True,True,0,0
0,636700,True,True,0,0
0,636800,True,True,0,0
0,636900,True,True,0,0
0,637000,True,True,0,0
0,637100,True,True,0,0
0,637200,True,True,0,0
0,637300,True,True,0,0
0,637400,True,True,0,0
0,637500,True,True,0,0
0,637600,True,True,0,0
0,637700,True,True,0,0
0,637800,True,True,0,0
0,637900,True,True,0,0
0,638000,True,True,0,0
0,638100,True,True,0,0
0,638200,True,True,0,0
0,638300,True,True,0,0
0,638400,True,True,0,0
0,638500,True,True,0,0
0,638600,True,True,0,0
0,638700,True,True,0,0
0,638800,True,True,0,0
0,638900,True,True,0,0
0,639000,True,True,0,0
0,639100,True,True,0,0
0,639200,True,True,0,0
0,639300,True,True,0,0
0,639400,True,True,0,0
0,639500,True,True,0,0
0,639600,True,True,0,0
0,639700,True,True,0,0
0,639800,True,True,0,0
0,639900,True,True,0,0
0,640000,True,True,0,0
0,640100,True,True,0,0
0,640200,True,True,0,0
0,640300,True,True,0,0
0,640400,True,True,0,0
0,640500,True,True,0,0
0,640600,True,True,0,0
0,640700,True,True,0,0
0,640800,True,True,0,0
0,640900,True,True,0,0
0,641000,True,True,0,0
0,641100,True,True,0,0
0,641200,True,True,0,0
0,641300,True,True,0,0
0,641400,True,True,0,0
0,641500,True,True,0,0
0,641600,True,True,0,0
0,641700,True,True,0,0
0,641800,True,True,0,0
0,641900,True,True,0,0
0,642000,True,True,0,0
0,642100,True,True,0,0
0,642200,True,True,0,0
0,642300,True,True,0,0
0,642400,True,True,0,0
0,642500,True,True,0,0
0,642600,True,True,0,0
0,642700,True,True,0,0
0,642800,True,True,0,0
0,642900,True,True,0,0
0,643000,True,True,0,0
0,643100,True,True,0,0
0,643200,True,True,0,0
0,643300,True,True,0,0
0,643400,True,True,0,0
0,643500,True,True,0,0
0,643600,True,True,0,0
0,643700,True,True,0,0
0,643800,True,True,0,0
0,643900,True,True,0,0
0,644000,True,True,0,0
0,644100,True,True,0,0
0,644200,True,True,0,0
0,644300,True,True,0,0
0,644400,True,True,0,0
0,644500,True,True,0,0
0,644600,True,True,0,0
0,644700,True,True,0,0
0,644800,True,True,0,0
0,644900,True,True,0,0
0,645000,True,True,0,0
0,645100,True,True,0,0
0,645200,True,True,0,0
0,645300,True,True,0,0
0,645400,True,True,0,0
0,645500,True,True,0,0
0,645600,True,True,0,0
0,645700,True,True,0,0
0,645800,True,True,0,0
0,645900,True,True,0,0
0,646000,True,True,0,0
0,646100,True,True,0,0
0,646200,True,True,0,0
0,646300,True,True,0,0
0,646400,True,True,0,0
0,646500,True,True,0,0
0,646600,True,True,0,0
0,646700,True,True,0,0
0,646800,True,True,0,0
0,646900,True,True,0,0
0,647000,True,True,0,0
0,647100,True,True,0,0
0,647200,True,True,0,0
0,647300,True,True,0,0
0,647400,True,True,0,0
0,647500,True,True,0,0
0,647600,True,True,0,0
0,647700,True,True,0,0
0,647800,True,True,0,0
0,647900,True,True,0,0
0,648000,True,True,0,0
0,648100,True,True,0,0
0,648200,True,True,0,0
0,648300,True,True,0,0
0,648400,True,True,0,0
0,648500,True,True,0,0
0,648600,True,True,0,0
0,648700,True,True,0,0
0,648800,True,True,0,0
0,648900,True,True,0,0
0,649000,True,True,0,0
0,649100,True,True,0,0
0,649200,True,True,0,0
0,649300,True,True,0,0
0,649400,True,True,0,0
0,649500,True,True,0,0
0,649600,True,True,0,0
0,649700,True,True,0,0
0,649800,True,True,0,0
0,649900,True,True,0,0
0,650000,True,True,0,0
0,650100,True,True,0,0
0,650200,True,True,0,0
0,650300,True,True,0,0
0,650400,True,True,0,0
0,650500,True,True,0,0
0,650600,True,True,0,0
0,650700,True,True,0,0
0,650800,True,True,0,0
0,650900,True,True,0,0
0,651000,True,True,0,0
0,651100,True,True,0,0
0,651200,True,True,0,0
0,651300,True,True,0,0
0,651400,True,True,0,0
0,651500,True,True,0,0
0,651600,True,True,0,0
0,651700,True,True,0,0
0,651800,True,True,0,0
0,651900,True,True,0,0
0,652000,True,True,0,0
0,652100,True,True,0,0
0,652200,True,True,0,0
0,652300,True,True,0,0
0,652400,True,True,0,0
0,652500,True,True,0,0
0,652600,True,True,0,0
0,652700,True,True,0,0
0,652800,True,True,0,0
0,652900,True,True,0,0
0,653000,True,True,0,0
0,653100,True,True,0,0
0,653200,True,True,0,0
0,653300,True,True,0,0
0,653400,True,True,0,0
0,653500,True,True,0,0
0,653600,True,True,0,0
0,653700,True,True,0,0
0,653800,True,True,0,0
0,653900,True,True,0,0
0,654000,True,True,0,0
0,654100,True,True,0,0
0,654200,True,True,0,0
0,654300,True,True,0,0
0,654400,True,True,0,0
0,654500,True,True,0,0
0,654600,True,True,0,0
0,654700,True,True,0,0
0,654800,True,True,0,0
0,654900,True,True,0,0
0,655000,True,True,0,0
0,655100,True,True,0,0
0,655200,True,True,0,0
0,655300,True,True,0,0
0,655400,True,True,0,0
0,655500,True,True,0,0
0,655600,True,True,0,0
0,655700,True,True,0,0
0,655800,True,True,0,0
0,655900,True,True,0,0
0,656000,True,True,0,0
0,656100,True,True,0,0
0,656200,True,True,0,0
0,656300,True,True,0,0
0,656400,True,True,0,0
0,656500,True,True,0,0
0,656600,True,True,0,0
0,656700,True,True,0,0
0,656800,True,True,0,0
0,656900,True,True,0,0
0,657000,True,True,0,0
0,657100,True,True,0,0
0,657200,True,True,0,0
0,657300,True,True,0,0
0,657400,True,True,0,0
0,657500,True,True,0,0
0,657600,True,True,0,0
0,657700,True,True,0,0
0,657800,True,True,0,0
0,657900,True,True,0,0
0,658000,True,True,0,0
0,658100,True,True,0,0
0,658200,True,True,0,0
0,658300,True,True,0,0
0,658400,True,True,0,0
0,658500,True,True,0,0
0,658600,True,True,0,0
0,658700,True,True,0,0
0,658800,True,True,0,0
0,658900,True,True,0,0
0,659000,True,True,0,0
0,659100,True,True,0,0
0,659200,True,True,0,0
0,659300,True,True,0,0
0,659400,True,True,0,0
0,659500,True,True,0,0
0,659600,True,True,0,0
0,659700,True,True,0,0
0,659800,True,True,0,0
0,659900,True,True,0,0
0,660000,True,True,0,0
0,660100,True,True,0,0
0,660200,True,True,0,0
0,660300,True,True,0,0
0,660400,True,True,0,0
0,660500,True,True,0,0
0,660600,True,True,0,0
0,660700,True,True,0,0
0,660800,True,True,0,0
0,660900,True,True,0,0
0,661000,True,True,0,0
0,661100,True,True,0,0
0,661200,True,True,0,0
0,661300,True,True,0,0
0,661400,True,True,0,0
0,661500,True,True,0,0
0,661600,True,True,0,0
0,661700,True,True,0,0
0,661800,True,True,0,0
0,661900,True,True,0,0
0,662000,True,True,0,0
0,662100,True,True,0,0
0,662200,True,True,0,0
0,662300,True,True,0,0
0,662400,True,True,0,0
0,662500,True,True,0,0
0,662600,True,True,0,0
0,662700,True,True,0,0
0,662800,True,True,0,0
0,662900,True,True,0,0
0,663000,True,True,0,0
0,663100,True,True,0,0
0,663200,True,True,0,0
0,663300,True,True,0,0
0,663400,True,True,0,0
0,663500,True,True,0,0
0,663600,True,True,0,0
0,663700,True,True,0,0
0,663800,True,True,0,0
0,663900,True,True,0,0
0,664000,True,True,0,0
0,664100,True,True,0,0
0,664200,True,True,0,0
0,664300,True,True,0,0
0,664400,True,True,0,0
0,664500,True,True,0,0
0,664600,True,True,0,0
0,664700,True,True,0,0
0,664800,True,True,0,0
0,664900,True,True,0,0
0,665000,True,True,0,0
0,665100,True,True,0,0
0,665200,True,True,0,0
0,665300,True,True,0,0
0,665400,True,True,0,0
0,665500,True,True,0,0
0,665600,True,True,0,0
0,665700,True,True,0,0
0,665800,True,True,0,0
0,665900,True,True,0,0
0,666000,True,True,0,0
0,666100,True,True,0,0
0,666200,True,True,0,0
0,666300,True,True,0,0
0,666400,True,True,0,0
0,666500,True,True,0,0
0,666600,True,True,0,0
0,666700,True,True,0,0
0,666800,True,True,0,0
0,666900,True,True,0,0
0,667000,True,True,0,0
0,667100,True,True,0,0
0,667200,True,True,0,0
0,667300,True,True,0,0
0,667400,True,True,0,0
0,667500,True,True,0,0
0,667600,True,True,0,0
0,667700,True,True,0,0
0,667800,True,True,0,0
0,667900,True,True,0,0
0,668000,True,True,0,0
0,668100,True,True,0,0
0,668200,True,True,0,0
0,668300,True,True,0,0
0,668400,True,True,0,0
0,668500,True,True,0,0
0,668600,True,True,0,0
0,668700,True,True,0,0
0,668800,True,True,0,0
0,668900,True,True,0,0
0,669000,True,True,0,0
0,669100,True,True,0,0
0,669200,True,True,0,0
0,669300,True,True,0,0
0,669400,True,True,0,0
0,669500,True,True,0,0
0,669600,True,True,0,0
0,669700,True,True,0,0
0,669800,True,True,0,0
0,669900,True,True,0,0
0,670000,True,True,0,0
0,670100,True,True,0,0
0,670200,True,True,0,0
0,670300,True,True,0,0
0,670400,True,True,0,0
0,670500,True,True,0,0
0,670600,True,True,0,0
0,670700,True,True,0,0
0,670800,True,True,0,0
0,670900,True,True,0,0
0,671000,True,True,0,0
0,671100,True,True,0,0
0,671200,True,True,0,0
0,671300,True,True,0,0
0,671400,True,True,0,0
0,671500,True,True,0,0
0,671600,True,True,0,0
0,671700,True,True,0,0
0,671800,True,True,0,0
0,671900,True,True,0,0
0,672000,True,True,0,0
0,672100,True,True,0,0
0,672200,True,True,0,0
0,672300,True,True,0,0
0,672400,True,True,0,0
0,672500,True,True,0,0
0,672600,True,True,0,0
0,672700,True,True,0,0
0,672800,True,True,0,0
0,672900,True,True,0,0
0,673000,True,True,0,0
0,673100,True,True,0,0
0,673200,True,True,0,0
0,673300,True,True,0,0
0,673400,True,True,0,0
0,673500,True,True,0,0
0,673600,True,True,0,0
0,673700,True,True,0,0
0,673800,True,True,0,0
0,673900,True,True,0,0
0,674000,True,True,0,0
0,674100,True,True,0,0
0,674200,True,True,0,0
0,674300,True,True,0,0
0,674400,True,True,0,0
0,674500,True,True,0,0
0,674600,True,True,0,0
0,674700,True,True,0,0
0,674800,True,True,0,0
0,674900,True,True,0,0
0,675000,True,True,0,0
0,675100,True,True,0,0
0,675200,True,True,0,0
0,675300,True,True,0,0
0,675400,True,True,0,0
0,675500,True,True,0,0
0,675600,True,True,0,0
0,675700,True,True,0,0
0,675800,True,True,0,0
0,675900,True,True,0,0
0,676000,True,True,0,0
0,676100,True,True,0,0
0,676200,True,True,0,0
0,676300,True,True,0,0
0,676400,True,True,0,0
0,676500,True,True,0,0
0,676600,True,True,0,0
0,676700,True,True,0,0
0,676800,True,True,0,0
0,676900,True,True,0,0
0,677000,True,True,0,0
0,677100,True,True,0,0
0,677200,True,True,0,0
0,677300,True,True,0,0
0,677400,True,True,0,0
0,677500,True,True,0,0
0,677600,True,True,0,0
0,677700,True,True,0,0
0,677800,True,True,0,0
0,677900,True,True,0,0
0,678000,True,True,0,0
0,678100,True,True,0,0
0,678200,True,True,0,0
0,678300,True,True,0,0
0,678400,True,True,0,0
0,678500,True,True,0,0
0,678600,True,True,0,0
0,678700,True,True,0,0
0,678800,True,True,0,0
0,678900,True,True,0,0
0,679000,True,True,0,0
0,679100,True,True,0,0
0,679200,True,True,0,0
0,679300,True,True,0,0
0,679400,True,True,0,0
0,679500,True,True,0,0
0,679600,True,True,0,0
0,679700,True,True,0,0
0,679800,True,True,0,0
0,679900,True,True,0,0
0,680000,True,True,0,0
0,680100,True,True,0,0
0,680200,True,True,0,0
0,680300,True,True,0,0
0,680400,True,True,0,0
0,680500,True,True,0,0
0,680600,True,True,0,0
0,680700,True,True,0,0
0,680800,True,True,0,0
0,680900,True,True,0,0
0,681000,True,True,0,0
0,681100,True,True,0,0
0,681200,True,True,0,0
0,681300,True,True,0,0
0,681400,True,True,0,0
0,681500,True,True,0,0
0,681600,True,True,0,0
0,681700,True,True,0,0
0,681800,True,True,0,0
0,681900,True,True,0,0
0,682000,True,True,0,0
0,682100,True,True,0,0
0,682200,True,True,0,0
0,682300,True,True,0,0
0,682400,True,True,0,0
0,682500,True,True,0,0
0,682600,True,True,0,0
0,682700,True,True,0,0
0,682800,True,True,0,0
0,682900,True,True,0,0
0,683000,True,True,0,0
0,683100,True,True,0,0
0,683200,True,True,0,0
0,683300,True,True,0,0
0,683400,True,True,0,0
0,683500,True,True,0,0
0,683600,True,True,0,0
0,683700,True,True,0,0
0,683800,True,True,0,0
0,683900,True,True,0,0
0,684000,True,True,0,0
0,684100,True,True,0,0
0,684200,True,True,0,0
0,684300,True,True,0,0
0,684400,True,True,0,0
0,684500,True,True,0,0
0,684600,True,True,0,0
0,684700,True,True,0,0
0,684800,True,True,0,0
0,684900,True,True,0,0
0,685000,True,True,0,0
0,685100,True,True,0,0
0,685200,True,True,0,0
0,685300,True,True,0,0
0,685400,True,True,0,0
0,685500,True,True,0,0
0,685600,True,True,0,0
0,685700,True,True,0,0
0,685800,True,True,0,0
0,685900,True,True,0,0
0,686000,True,True,0,0
0,686100,True,True,0,0
0,686200,True,True,0,0
0,686300,True,True,0,0
0,686400,True,True,0,0
0,686500,True,True,0,0
0,686600,True,True,0,0
0,686700,True,True,0,0
0,686800,True,True,0,0
0,686900,True,True,0,0
0,687000,True,True,0,0
0,687100,True,True,0,0
0,687200,True,True,0,0
0,687300,True,True,0,0
0,687400,True,True,0,0
0,687500,True,True,0,0
0,687600,True,True,0,0
0,687700,True,True,0,0
0,687800,True,True,0,0
0,687900,True,True,0,0
0,688000,True,True,0,0
0,688100,True,True,0,0
0,688200,True,True,0,0
0,688300,True,True,0,0
0,688400,True,True,0,0
0,688500,True,True,0,0
0,688600,True,True,0,0
0,688700,True,True,0,0
0,688800,True,True,0,0
0,688900,True,True,0,0
0,689000,True,True,0,0
0,689100,True,True,0,0
0,689200,True,True,0,0
0,689300,True,True,0,0
0,689400,True,True,0,0
0,689500,True,True,0,0
0,689600,True,True,0,0
0,689700,True,True,0,0
0,689800,True,True,0,0
0,689900,True,True,0,0
0,690000,True,True,0,0
0,690100,True,True,0,0
0,690200,True,True,0,0
0,690300,True,True,0,0
0,690400,True,True,0,0
0,690500,True,True,0,0
0,690600,True,True,0,0
0,690700,True,True,0,0
0,690800,True,True,0,0
0,690900,True,True,0,0
0,691000,True,True,0,0
0,691100,True,True,0,0
0,691200,True,True,0,0
0,691300,True,True,0,0
0,691400,True,True,0,0
0,691500,True,True,0,0
0,691600,True,True,0,0
0,691700,True,True,0,0
0,691800,True,True,0,0
0,691900,True,True,0,0
0,692000,True,True,0,0
0,692100,True,True,0,0
0,692200,True,True,0,0
0,692300,True,True,0,0
0,692400,True,True,0,0
0,692500,True,True,0,0
0,692600,True,True,0,0
0,692700,True,True,0,0
0,692800,True,True,0,0
0,692900,True,True,0,0
0,693000,True,True,0,0
0,693100,True,True,0,0
0,693200,True,True,0,0
0,693300,True,True,0,0
0,693400,True,True,0,0
0,693500,True,True,0,0
0,693600,True,True,0,0
0,693700,True,True,0,0
0,693800,True,True,0,0
0,693900,True,True,0,0
0,694000,True,True,0,0
0,694100,True,True,0,0
0,694200,True,True,0,0
0,694300,True,True,0,0
0,694400,True,True,0,0
0,694500,True,True,0,0
0,694600,True,True,0,0
0,694700,True,True,0,0
0,694800,True,True,0,0
0,694900,True,True,0,0
0,695000,True,True,0,0
0,695100,True,True,0,0
0,695200,True,True,0,0
0,695300,True,True,0,0
0,695400,True,True,0,0
0,695500,True,True,0,0
0,695600,True,True,0,0
0,695700,True,True,0,0
0,695800,True,True,0,0
0,695900,True,True,0,0
0,696000,True,True,0,0
0,696100,True,True,0,0
0,696200,True,True,0,0
0,696300,True,True,0,0
0,696400,True,True,0,0
0,696500,True,True,0,0
0,696600,True,True,0,0
0,696700,True,True,0,0
0,696800,True,True,0,0
0,696900,True,True,0,0
0,697000,True,True,0,0
0,697100,True,True,0,0
0,697200,True,True,0,0
0,697300,True,True,0,0
0,697400,True,True,0,0
0,697500,True,True,0,0
0,697600,True,True,0,0
0,697700,True,True,0,0
0,697800,True,True,0,0
0,697900,True,True,0,0
0,698000,True,True,0,0
0,698100,True,True,0,0
0,698200,True,True,0,0
0,698300,True,True,0,0
0,698400,True,True,0,0
0,698500,True,True,0,0
0,698600,True,True,0,0
0,698700,True,True,0,0
0,698800,True,True,0,0
0,698900,True,True,0,0
0,699000,True,True,0,0
0,699100,True,True,0,0
0,699200,True,True,0,0
0,699300,True,True,0,0
0,699400,True,True,0,0
0,699500,True,True,0,0
0,699600,True,True,0,0
0,699700,True,True,0,0
0,699800,True,True,0,0
0,699900,True,True,0,0
0,700000,True,True,0,0
0,700100,True,True,0,0
0,700200,True,True,0,0
0,700300,True,True,0,0
0,700400,True,True,0,0
0,700500,True,True,0,0
0,700600,True,True,0,0
0,700700,True,True,0,0
0,700800,True,True,0,0
0,700900,True,True,0,0
0,701000,True,True,0,0
0,701100,True,True,0,0
0,701200,True,True,0,0
0,701300,True,True,0,0
0,701400,True,True,0,0
0,701500,True,True,0,0
0,701600,True,True,0,0
0,701700,True,True,0,0
0,701800,True,True,0,0
0,701900,True,True,0,0
0,702000,True,True,0,0
0,702100,True,True,0,0
0,702200,True,True,0,0
0,702300,True,True,0,0
0,702400,True,True,0,0
0,702500,True,True,0,0
0,702600,True,True,0,0
0,702700,True,True,0,0
0,702800,True,True,0,0
0,702900,True,True,0,0
0,703000,True,True,0,0
0,703100,True,True,0,0
0,703200,True,True,0,0
0,703300,True,True,0,0
0,703400,True,True,0,0
0,703500,True,True,0,0
0,703600,True,True,0,0
0,703700,True,True,0,0
0,703800,True,True,0,0
0,703900,True,True,0,0
0,704000,True,True,0,0
0,704100,True,True,0,0
0,704200,True,True,0,0
0,704300,True,True,0,0
0,704400,True,True,0,0
0,704500,True,True,0,0
0,704600,True,True,0,0
0,704700,True,True,0,0
0,704800,True,True,0,0
0,704900,True,True,0,0
0,705000,True,True,0,0
0,705100,True,True,0,0
0,705200,True,True,0,0
0,705300,True,True,0,0
0,705400,True,True,0,0
0,705500,True,True,0,0
0,705600,True,True,0,0
0,705700,True,True,0,0
0,705800,True,True,0,0
0,705900,True,True,0,0
0,706000,True,True,0,0
0,706100,True,True,0,0
0,706200,True,True,0,0
0,706300,True,True,0,0
0,706400,True,True,0,0
0,706500,True,True,0,0
0,706600,True,True,0,0
0,706700,True,True,0,0
0,706800,True,True,0,0
0,706900,True,True,0,0
0,707000,True,True,0,0
0,707100,True,True,0,0
0,707200,True,True,0,0
0,707300,True,True,0,0
0,707400,True,True,0,0
0,707500,True,True,0,0
0,707600,True,True,0,0
0,707700,True,True,0,0
0,707800,True,True,0,0
0,707900,True,True,0,0
0,708000,True,True,0,0
0,708100,True,True,0,0
0,708200,True,True,0,0
0,708300,True,True,0,0
0,708400,True,True,0,0
0,708500,True,True,0,0
0,708600,True,True,0,0
0,708700,True,True,0,0
0,708800,True,True,0,0
0,708900,True,True,0,0
0,709000,True,True,0,0
0,709100,True,True,0,0
0,709200,True,True,0,0
0,709300,True,True,0,0
0,709400,True,True,0,0
0,709500,True,True,0,0
0,709600,True,True,0,0
0,709700,True,True,0,0
0,709800,True,True,0,0
0,709900,True,True,0,0
0,710000,True,True,0,0
0,710100,True,True,0,0
0,710200,True,True,0,0
0,710300,True,True,0,0
0,710400,True,True,0,0
0,710500,True,True,0,0
0,710600,True,True,0,0
0,710700,True,True,0,0
0,710800,True,True,0,0
0,710900,True,True,0,0
0,711000,True,True,0,0
0,711100,True,True,0,0
0,711200,True,True,0,0
0,711300,True,True,0,0
0,711400,True,True,0,0
0,711500,True,True,0,0
0,711600,True,True,0,0
0,711700,True,True,0,0
0,711800,True,True,0,0
0,711900,True,True,0,0
0,712000,True,True,0,0
0,712100,True,True,0,0
0,712200,True,True,0,0
0,712300,True,True,0,0
0,712400,True,True,0,0
0,712500,True,True,0,0
0,712600,True,True,0,0
0,712700,True,True,0,0
0,712800,True,True,0,0
0,712900,True,True,0,0
0,713000,True,True,0,0
0,713100,True,True,0,0
0,713200,True,True,0,0
0,713300,True,True,0,0
0,713400,True,True,0,0
0,713500,True,True,0,0
0,713600,True,True,0,0
0,713700,True,True,0,0
0,713800,True,True,0,0
0,713900,True,True,0,0
0,714000,True,True,0,0
0,714100,True,True,0,0
0,714200,True,True,0,0
0,714300,True,True,0,0
0,714400,True,True,0,0
0,714500,True,True,0,0
0,714600,True,True,0,0
0,714700,True,True,0,0
0,714800,True,True,0,0
0,714900,True,True,0,0
0,715000,True,True,0,0
0,715100,True,True,0,0
0,715200,True,True,0,0
0,715300,True,True,0,0
0,715400,True,True,0,0
0,715500,True,True,0,0
0,715600,True,True,0,0
0,715700,True,True,0,0
0,715800,True,True,0,0
0,715900,True,True,0,0
0,716000,True,True,0,0
0,716100,True,True,0,0
0,716200,True,True,0,0
0,716300,True,True,0,0
0,716400,True,True,0,0
0,716500,True,True,0,0
0,716600,True,True,0,0
0,716700,True,True,0,0
0,716800,True,True,0,0
0,716900,True,True,0,0
0,717000,True,True,0,0
0,717100,True,True,0,0
0,717200,True,True,0,0
0,717300,True,True,0,0
0,717400,True,True,0,0
0,717500,True,True,0,0
0,717600,True,True,0,0
0,717700,True,True,0,0
0,717800,True,True,0,0
0,717900,True,True,0,0
0,718000,True,True,0,0
0,718100,True,True,0,0
0,718200,True,True,0,0
0,718300,True,True,0,0
0,718400,True,True,0,0
0,718500,True,True,0,0
0,718600,True,True,0,0
0,718700,True,True,0,0
0,718800,True,True,0,0
0,718900,True,True,0,0
0,719000,True,True,0,0
0,719100,True,True,0,0
0,719200,True,True,0,0
0,719300,True,True,0,0
0,719400,True,True,0,0
0,719500,True,True,0,0
0,719600,True,True,0,0
0,719700,True,True,0,0
0,719800,True,True,0,0
0,719900,True,True,0,0
0,720000,True,True,0,0
0,720100,True,True,0,0
0,720200,True,True,0,0
0,720300,True,True,0,0
0,720400,True,True,0,0
0,720500,True,True,0,0
0,720600,True,True,0,0
0,720700,True,True,0,0
0,720800,True,True,0,0
0,720900,True,True,0,0
0,721000,True,True,0,0
0,721100,True,True,0,0
0,721200,True,True,0,0
0,721300,True,True,0,0
0,721400,True,True,0,0
0,721500,True,True,0,0
0,721600,True,True,0,0
0,721700,True,True,0,0
0,721800,True,True,0,0
0,721900,True,True,0,0
0,722000,True,True,0,0
0,722100,True,True,0,0
0,722200,True,True,0,0
0,722300,True,True,0,0
0,722400,True,True,0,0
0,722500,True,True,0,0
0,722600,True,True,0,0
0,722700,True,True,0,0
0,722800,True,True,0,0
0,722900,True,True,0,0
0,723000,True,True,0,0
0,723100,True,True,0,0
0,723200,True,True,0,0
0,723300,True,True,0,0
0,723400,True,True,0,0
0,723500,True,True,0,0
0,723600,True,True,0,0
0,723700,True,True,0,0
0,723800,True,True,0,0
0,723900,True,True,0,0
0,724000,True,True,0,0
0,724100,True,True,0,0
0,724200,True,True,0,0
0,724300,True,True,0,0
0,724400,True,True,0,0
0,724500,True,True,0,0
0,724600,True,True,0,0
0,724700,True,True,0,0
0,724800,True,True,0,0
0,724900,True,True,0,0
0,725000,True,True,0,0
0,725100,True,True,0,0
0,725200,True,True,0,0
0,725300,True,True,0,0
0,725400,True,True,0,0
0,725500,True,True,0,0
0,725600,True,True,0,0
0,725700,True,True,0,0
0,725800,True,True,0,0
0,725900,True,True,0,0
0,726000,True,True,0,0
0,726100,True,True,0,0
0,726200,True,True,0,0
0,726300,True,True,0,0
0,726400,True,True,0,0
0,726500,True,True,0,0
0,726600,True,True,0,0
0,726700,True,True,0,0
0,726800,True,True,0,0
0,726900,True,True,0,0
0,727000,True,True,0,0
0,727100,True,True,0,0
0,727200,True,True,0,0
0,727300,True,True,0,0
0,727400,True,True,0,0
0,727500,True,True,0,0
0,727600,True,True,0,0
0,727700,True,True,0,0
0,727800,True,True,0,0
0,727900,True,True,0,0
0,728000,True,True,0,0
0,728100,True,True,0,0
0,728200,True,True,0,0
0,728300,True,True,0,0
0,728400,True,True,0,0
0,728500,True,True,0,0
0,728600,True,True,0,0
0,728700,True,True,0,0
0,728800,True,True,0,0
0,728900,True,True,0,0
0,729000,True,True,0,0
0,729100,True,True,0,0
0,729200,True,True,0,0
0,729300,True,True,0,0
0,729400,True,True,0,0
0,729500,True,True,0,0
0,729600,True,True,0,0
0,729700,True,True,0,0
0,729800,True,True,0,0
0,729900,True,True,0,0
0,730000,True,True,0,0
0,730100,True,True,0,0
0,730200,True,True,0,0
0,730300,True,True,0,0
0,730400,True,True,0,0
0,730500,True,True,0,0
0,730600,True,True,0,0
0,730700,True,True,0,0
0,730800,True,True,0,0
0,730900,True,True,0,0
0,731000,True,True,0,0
0,731100,True,True,0,0
0,731200,True,True,0,0
0,731300,True,True,0,0
0,731400,True,True,0,0
0,731500,True,True,0,0
0,731600,True,True,0,0
0,731700,True,True,0,0
0,731800,True,True,0,0
0,731900,True,True,0,0
0,732000,True,True,0,0
0,732100,True,True,0,0
0,732200,True,True,0,0
0,732300,True,True,0,0
0,732400,True,True,0,0
0,732500,True,True,0,0
0,732600,True,True,0,0
0,732700,True,True,0,0
0,732800,True,True,0,0
0,732900,True,True,0,0
0,733000,True,True,0,0
0,733100,True,True,0,0
0,733200,True,True,0,0
0,733300,True,True,0,0
0,733400,True,True,0,0
0,733500,True,True,0,0
0,733600,True,True,0,0
0,733700,True,True,0,0
0,733800,True,True,0,0
0,733900,True,True,0,0
0,734000,True,True,0,0
0,734100,True,True,0,0
0,734200,True,True,0,0
0,734300,True,True,0,0
0,734400,True,True,0,0
0,734500,True,True,0,0
0,734600,True,True,0,0
0,734700,True,True,0,0
0,734800,True,True,0,0
0,734900,True,True,0,0
0,735000,True,True,0,0
0,735100,True,True,0,0
0,735200,True,True,0,0
0,735300,True,True,0,0
0,735400,True,True,0,0
0,735500,True,True,0,0
0,735600,True,True,0,0
0,735700,True,True,0,0
0,735800,True,True,0,0
0,735900,True,True,0,0
0,736000,True,True,0,0
0,736100,True,True,0,0
0,736200,True,True,0,0
0,736300,True,True,0,0
0,736400,True,True,0,0
0,736500,True,True,0,0
0,736600,True,True,0,0
0,736700,True,True,0,0
0,736800,True,True,0,0
0,736900,True,True,0,0
0,737000,True,True,0,0
0,737100,True,True,0,0
0,737200,True,True,0,0
0,737300,True,True,0,0
0,737400,True,True,0,0
0,737500,True,True,0,0
0,737600,True,True,0,0
0,737700,True,True,0,0
0,737800,True,True,0,0
0,737900,True,True,0,0
0,738000,True,True,0,0
0,738100,True,True,0,0
0,738200,True,True,0,0
0,738300,True,True,0,0
0,738400,True,True,0,0
0,738500,True,True,0,0
0,738600,True,True,0,0
0,738700,True,True,0,0
0,738800,True,True,0,0
0,738900,True,True,0,0
0,739000,True,True,0,0
0,739100,True,True,0,0
0,739200,True,True,0,0
0,739300,True,True,0,0
0,739400,True,True,0,0
0,739500,True,True,0,0
0,739600,True,True,0,0
0,739700,True,True,0,0
0,739800,True,True,0,0
0,739900,True,True,0,0
0,740000,True,True,0,0
0,740100,True,True,0,0
0,740200,True,True,0,0
0,740300,True,True,0,0
0,740400,True,True,0,0
0,740500,True,True,0,0
0,740600,True,True,0,0
0,740700,True,True,0,0
0,740800,True,True,0,0
0,740900,True,True,0,0
0,741000,True,True,0,0
0,741100,True,True,0,0
0,741200,True,True,0,0
0,741300,True,True,0,0
0,741400,True,True,0,0
0,741500,True,True,0,0
0,741600,True,True,0,0
0,741700,True,True,0,0
0,741800,True,True,0,0
0,741900,True,True,0,0
0,742000,True,True,0,0
0,742100,True,True,0,0
0,742200,True,True,0,0
0,742300,True,True,0,0
0,742400,True,True,0,0
0,742500,True,True,0,0
0,742600,True,True,0,0
0,742700,True,True,0,0
0,742800,True,True,0,0
0,742900,True,True,0,0
0,743000,True,True,0,0
0,743100,True,True,0,0
0,743200,True,True,0,0
0,743300,True,True,0,0
0,743400,True,True,0,0
0,743500,True,True,0,0
0,743600,True,True,0,0
0,743700,True,True,0,0
0,743800,True,True,0,0
0,743900,True,True,0,0
0,744000,True,True,0,0
0,744100,True,True,0,0
0,744200,True,True,0,0
0,744300,True,True,0,0
0,744400,True,True,0,0
0,744500,True,True,0,0
0,744600,True,True,0,0
0,744700,True,True,0,0
0,744800,True,True,0,0
0,744900,True,True,0,0
0,745000,True,True,0,0
0,745100,True,True,0,0
0,745200,True,True,0,0
0,745300,True,True,0,0
0,745400,True,True,0,0
0,745500,True,True,0,0
0,745600,True,True,0,0
0,745700,True,True,0,0
0,745800,True,True,0,0
0,745900,True,True,0,0
0,746000,True,True,0,0
0,746100,True,True,0,0
0,746200,True,True,0,0
0,746300,True,True,0,0
0,746400,True,True,0,0
0,746500,True,True,0,0
0,746600,True,True,0,0
0,746700,True,True,0,0
0,746800,True,True,0,0
0,746900,True,True,0,0
0,747000,True,True,0,0
0,747100,True,True,0,0
0,747200,True,True,0,0
0,747300,True,True,0,0
0,747400,True,True,0,0
0,747500,True,True,0,0
0,747600,True,True,0,0
0,747700,True,True,0,0
0,747800,True,True,0,0
0,747900,True,True,0,0
0,748000,True,True,0,0
0,748100,True,True,0,0
0,748200,True,True,0,0
0,748300,True,True,0,0
0,748400,True,True,0,0
0,748500,True,True,0,0
0,748600,True,True,0,0
0,748700,True,True,0,0
0,748800,True,True,0,0
0,748900,True,True,0,0
0,749000,True,True,0,0
0,749100,True,True,0,0
0,749200,True,True,0,0
0,749300,True,True,0,0
0,749400,True,True,0,0
0,749500,True,True,0,0
0,749600,True,True,0,0
0,749700,True,True,0,0
0,749800,True,True,0,0
0,749900,True,True,0,0
0,750000,True,True,0,0
0,750100,True,True,0,0
0,750200,True,True,0,0
0,750300,True,True,0,0
0,750400,True,True,0,0
0,750500,True,True,0,0
0,750600,True,True,0,0
0,750700,True,True,0,0
0,750800,True,True,0,0
0,750900,True,True,0,0
0,751000,True,True,0,0
0,751100,True,True,0,0
0,751200,True,True,0,0
0,751300,True,True,0,0
0,751400,True,True,0,0
0,751500,True,True,0,0
0,751600,True,True,0,0
0,751700,True,True,0,0
0,751800,True,True,0,0
0,751900,True,True,0,0
0,752000,True,True,0,0
0,752100,True,True,0,0
0,752200,True,True,0,0
0,752300,True,True,0,0
0,752400,True,True,0,0
0,752500,True,True,0,0
0,752600,True,True,0,0
0,752700,True,True,0,0
0,752800,True,True,0,0
0,752900,True,True,0,0
0,753000,True,True,0,0
0,753100,True,True,0,0
0,753200,True,True,0,0
0,753300,True,True,0,0
0,753400,True,True,0,0
0,753500,True,True,0,0
0,753600,True,True,0,0
0,753700,True,True,0,0
0,753800,True,True,0,0
0,753900,True,True,0,0
0,754000,True,True,0,0
0,754100,True,True,0,0
0,754200,True,True,0,0
0,754300,True,True,0,0
0,754400,True,True,0,0
0,754500,True,True,0,0
0,754600,True,True,0,0
0,754700,True,True,0,0
0,754800,True,True,0,0
0,754900,True,True,0,0
0,755000,True,True,0,0
0,755100,True,True,0,0
0,755200,True,True,0,0
0,755300,True,True,0,0
0,755400,True,True,0,0
0,755500,True,True,0,0
0,755600,True,True,0,0
0,755700,True,True,0,0
0,755800,True,True,0,0
0,755900,True,True,0,0
0,756000,True,True,0,0
0,756100,True,True,0,0
0,756200,True,True,0,0
0,756300,True,True,0,0
0,756400,True,True,0,0
0,756500,True,True,0,0
0,756600,True,True,0,0
0,756700,True,True,0,0
0,756800,True,True,0,0
0,756900,True,True,0,0
0,757000,True,True,0,0
0,757100,True,True,0,0
0,757200,True,True,0,0
0,757300,True,True,0,0
0,757400,True,True,0,0
0,757500,True,True,0,0
0,757600,True,True,0,0
0,757700,True,True,0,0
0,757800,True,True,0,0
0,757900,True,True,0,0
0,758000,True,True,0,0
0,758100,True,True,0,0
0,758200,True,True,0,0
0,758300,True,True,0,0
0,758400,True,True,0,0
0,758500,True,True,0,0
0,758600,True,True,0,0
0,758700,True,True,0,0
0,758800,True,True,0,0
0,758900,True,True,0,0
0,759000,True,True,0,0
0,759100,True,True,0,0
0,759200,True,True,0,0
0,759300,True,True,0,0
0,759400,True,True,0,0
0,759500,True,True,0,0
0,759600,True,True,0,0
0,759700,True,True,0,0
0,759800,True,True,0,0
0,759900,True,True,0,0
0,760000,True,True,0,0
0,760100,True,True,0,0
0,760200,True,True,0,0
0,760300,True,True,0,0
0,760400,True,True,0,0
0,760500,True,True,0,0
0,760600,True,True,0,0
0,760700,True,True,0,0
0,760800,True,True,0,0
0,760900,True,True,0,0
0,761000,True,True,0,0
0,761100,True,True,0,0
0,761200,True,True,0,0
0,761300,True,True,0,0
0,761400,True,True,0,0
0,761500,True,True,0,0
0,761600,True,True,0,0
0,761700,True,True,0,0
0,761800,True,True,0,0
0,761900,True,True,0,0
0,762000,True,True,0,0
0,762100,True,True,0,0
0,762200,True,True,0,0
0,762300,True,True,0,0
0,762400,True,True,0,0
0,762500,True,True,0,0
0,762600,True,True,0,0
0,762700,True,True,0,0
0,762800,True,True,0,0
0,762900,True,True,0,0
0,763000,True,True,0,0
0,763100,True,True,0,0
0,763200,True,True,0,0
0,763300,True,True,0,0
0,763400,True,True,0,0
0,763500,True,True,0,0
0,763600,True,True,0,0
0,763700,True,True,0,0
0,763800,True,True,0,0
0,763900,True,True,0,0
0,764000,True,True,0,0
0,764100,True,True,0,0
0,764200,True,True,0,0
0,764300,True,True,0,0
0,764400,True,True,0,0
0,764500,True,True,0,0
0,764600,True,True,0,0
0,764700,True,True,0,0
0,764800,True,True,0,0
0,764900,True,True,0,0
0,765000,True,True,0,0
0,765100,True,True,0,0
0,765200,True,True,0,0
0,765300,True,True,0,0
0,765400,True,True,0,0
0,765500,True,True,0,0
0,765600,True,True,0,0
0,765700,True,True,0,0
0,765800,True,True,0,0
0,765900,True,True,0,0
0,766000,True,True,0,0
0,766100,True,True,0,0
0,766200,True,True,0,0
0,766300,True,True,0,0
0,766400,True,True,0,0
0,766500,True,True,0,0
0,766600,True,True,0,0
0,766700,True,True,0,0
0,766800,True,True,0,0
0,766900,True,True,0,0
0,767000,True,True,0,0
0,767100,True,True,0,0
0,767200,True,True,0,0
0,767300,True,True,0,0
0,767400,True,True,0,0
0,767500,True,True,0,0
0,767600,True,True,0,0
0,767700,True,True,0,0
0,767800,True,True,0,0
0,767900,True,True,0,0
0,768000,True,True,0,0
0,768100,True,True,0,0
0,768200,True,True,0,0
0,768300,True,True,0,0
0,768400,True,True,0,0
0,768500,True,True,0,0
0,768600,True,True,0,0
0,768700,True,True,0,0
0,768800,True,True,0,0
0,768900,True,True,0,0
0,769000,True,True,0,0
0,769100,True,True,0,0
0,769200,True,True,0,0
0,769300,True,True,0,0
0,769400,True,True,0,0
0,769500,True,True,0,0
0,769600,True,True,0,0
0,769700,True,True,0,0
0,769800,True,True,0,0
0,769900,True,True,0,0
0,770000,True,True,0,0
0,770100,True,True,0,0
0,770200,True,True,0,0
0,770300,True,True,0,0
0,770400,True,True,0,0
0,770500,True,True,0,0
0,770600,True,True,0,0
0,770700,True,True,0,0
0,770800,True,True,0,0
0,770900,True,True,0,0
0,771000,True,True,0,0
0,771100,True,True,0,0
0,771200,True,True,0,0
0,771300,True,True,0,0
0,771400,True,True,0,0
0,771500,True,True,0,0
0,771600,True,True,0,0
0,771700,True,True,0,0
0,771800,True,True,0,0
0,771900,True,True,0,0
0,772000,True,True,0,0
0,772100,True,True,0,0
0,772200,True,True,0,0
0,772300,True,True,0,0
0,772400,True,True,0,0
0,772500,True,True,0,0
0,772600,True,True,0,0
0,772700,True,True,0,0
0,772800,True,True,0,0
0,772900,True,True,0,0
0,773000,True,True,0,0
0,773100,True,True,0,0
0,773200,True,True,0,0
0,773300,True,True,0,0
0,773400,True,True,0,0
0,773500,True,True,0,0
0,773600,True,True,0,0
0,773700,True,True,0,0
0,773800,True,True,0,0
0,773900,True,True,0,0
0,774000,True,True,0,0
0,774100,True,True,0,0
0,774200,True,True,0,0
0,774300,True,True,0,0
0,774400,True,True,0,0
0,774500,True,True,0,0
0,774600,True,True,0,0
0,774700,True,True,0,0
0,774800,True,True,0,0
0,774900,True,True,0,0
0,775000,True,True,0,0
0,775100,True,True,0,0
0,775200,True,True,0,0
0,775300,True,True,0,0
0,775400,True,True,0,0
0,775500,True,True,0,0
0,775600,True,True,0,0
0,775700,True,True,0,0
0,775800,True,True,0,0
0,775900,True,True,0,0
0,776000,True,True,0,0
0,776100,True,True,0,0
0,776200,True,True,0,0
0,776300,True,True,0,0
0,776400,True,True,0,0
0,776500,True,True,0,0
0,776600,True,True,0,0
0,776700,True,True,0,0
0,776800,True,True,0,0
0,776900,True,True,0,0
0,777000,True,True,0,0
0,777100,True,True,0,0
0,777200,True,True,0,0
0,777300,True,True,0,0
0,777400,True,True,0,0
0,777500,True,True,0,0
0,777600,True,True,0,0
0,777700,True,True,0,0
0,777800,True,True,0,0
0,777900,True,True,0,0
0,778000,True,True,0,0
0,778100,True,True,0,0
0,778200,True,True,0,0
0,778300,True,True,0,0
0,778400,True,True,0,0
0,778500,True,True,0,0
0,778600,True,True,0,0
0,778700,True,True,0,0
0,778800,True,True,0,0
0,778900,True,True,0,0
0,779000,True,True,0,0
0,779100,True,True,0,0
0,779200,True,True,0,0
0,779300,True,True,0,0
0,779400,True,True,0,0
0,779500,True,True,0,0
0,779600,True,True,0,0
0,779700,True,True,0,0
0,779800,True,True,0,0
0,779900,True,True,0,0
0,780000,True,True,0,0
0,780100,True,True,0,0
0,780200,True,True,0,0
0,780300,True,True,0,0
0,780400,True,True,0,0
0,780500,True,True,0,0
0,780600,True,True,0,0
0,780700,True,True,0,0
0,780800,True,True,0,0
0,780900,True,True,0,0
0,781000,True,True,0,0
0,781100,True,True,0,0
0,781200,True,True,0,0
0,781300,True,True,0,0
0,781400,True,True,0,0
0,781500,True,True,0,0
0,781600,True,True,0,0
0,781700,True,True,0,0
0,781800,True,True,0,0
0,781900,True,True,0,0
0,782000,True,True,0,0
0,782100,True,True,0,0
0,782200,True,True,0,0
0,782300,True,True,0,0
0,782400,True,True,0,0
0,782500,True,True,0,0
0,782600,True,True,0,0
0,782700,True,True,0,0
0,782800,True,True,0,0
0,782900,True,True,0,0
0,783000,True,True,0,0
0,783100,True,True,0,0
0,783200,True,True,0,0
0,783300,True,True,0,0
0,783400,True,True,0,0
0,783500,True,True,0,0
0,783600,True,True,0,0
0,783700,True,True,0,0
0,783800,True,True,0,0
0,783900,True,True,0,0
0,784000,True,True,0,0
0,784100,True,True,0,0
0,784200,True,True,0,0
0,784300,True,True,0,0
0,784400,True,True,0,0
0,784500,True,True,0,0
0,784600,True,True,0,0
0,784700,True,True,0,0
0,784800,True,True,0,0
0,784900,True,True,0,0
0,785000,True,True,0,0
0,785100,True,True,0,0
0,785200,True,True,0,0
0,785300,True,True,0,0
0,785400,True,True,0,0
0,785500,True,True,0,0
0,785600,True,True,0,0
0,785700,True,True,0,0
0,785800,True,True,0,0
0,785900,True,True,0,0
0,786000,True,True,0,0
0,786100,True,True,0,0
0,786200,True,True,0,0
0,786300,True,True,0,0
0,786400,True,True,0,0
0,786500,True,True,0,0
0,786600,True,True,0,0
0,786700,True,True,0,0
0,786800,True,True,0,0
0,786900,True,True,0,0
0,787000,True,True,0,0
0,787100,True,True,0,0
0,787200,True,True,0,0
0,787300,True,True,0,0
0,787400,True,True,0,0
0,787500,True,True,0,0
0,787600,True,True,0,0
0,787700,True,True,0,0
0,787800,True,True,0,0
0,787900,True,True,0,0
0,788000,True,True,0,0
0,788100,True,True,0,0
0,788200,True,True,0,0
0,788300,True,True,0,0
0,788400,True,True,0,0
0,788500,True,True,0,0
0,788600,True,True,0,0
0,788700,True,True,0,0
0,788800,True,True,0,0
0,788900,True,True,0,0
0,789000,True,True,0,0
0,789100,True,True,0,0
0,789200,True,True,0,0
0,789300,True,True,0,0
0,789400,True,True,0,0
0,789500,True,True,0,0
0,789600,True,True,0,0
0,789700,True,True,0,0
0,789800,True,True,0,0
0,789900,True,True,0,0
0,790000,True,True,0,0
0,790100,True,True,0,0
0,790200,True,True,0,0
0,790300,True,True,0,0
0,790400,True,True,0,0
0,790500,True,True,0,0
0,790600,True,True,0,0
0,790700,True,True,0,0
0,790800,True,True,0,0
0,790900,True,True,0,0
0,791000,True,True,0,0
0,791100,True,True,0,0
0,791200,True,True,0,0
0,791300,True,True,0,0
0,791400,True,True,0,0
0,791500,True,True,0,0
0,791600,True,True,0,0
0,791700,True,True,0,0
0,791800,True,True,0,0
0,791900,True,True,0,0
0,792000,True,True,0,0
0,792100,True,True,0,0
0,792200,True,True,0,0
0,792300,True,True,0,0
0,792400,True,True,0,0
0,792500,True,True,0,0
0,792600,True,True,0,0
0,792700,True,True,0,0
0,792800,True,True,0,0
0,792900,True,True,0,0
0,793000,True,True,0,0
0,793100,True,True,0,0
0,793200,True,True,0,0
0,793300,True,True,0,0
0,793400,True,True,0,0
0,793500,True,True,0,0
0,793600,True,True,0,0
0,793700,True,True,0,0
0,793800,True,True,0,0
0,793900,True,True,0,0
0,794000,True,True,0,0
0,794100,True,True,0,0
0,794200,True,True,0,0
0,794300,True,True,0,0
0,794400,True,True,0,0
0,794500,True,True,0,0
0,794600,True,True,0,0
0,794700,True,True,0,0
0,794800,True,True,0,0
0,794900,True,True,0,0
0,795000,True,True,0,0
0,795100,True,True,0,0
0,795200,True,True,0,0
0,795300,True,True,0,0
0,795400,True,True,0,0
0,795500,True,True,0,0
0,795600,True,True,0,0
0,795700,True,True,0,0
0,795800,True,True,0,0
0,795900,True,True,0,0
0,796000,True,True,0,0
0,796100,True,True,0,0
0,796200,True,True,0,0
0,796300,True,True,0,0
0,796400,True,True,0,0
0,796500,True,True,0,0
0,796600,True,True,0,0
0,796700,True,True,0,0
0,796800,True,True,0,0
0,796900,True,True,0,0
0,797000,True,True,0,0
0,797100,True,True,0,0
0,797200,True,True,0,0
0,797300,True,True,0,0
0,797400,True,True,0,0
0,797500,True,True,0,0
0,797600,True,True,0,0
0,797700,True,True,0,0
0,797800,True,True,0,0
0,797900,True,True,0,0
0,798000,True,True,0,0
0,798100,True,True,0,0
0,798200,True,True,0,0
0,798300,True,True,0,0
0,798400,True,True,0,0
0,798500,True,True,0,0
0,798600,True,True,0,0
0,798700,True,True,0,0
0,798800,True,True,0,0
0,798900,True,True,0,0
0,799000,True,True,0,0
0,799100,True,True,0,0
0,799200,True,True,0,0
0,799300,True,True,0,0
0,799400,True,True,0,0
0,799500,True,True,0,0
0,799600,True,True,0,0
0,799700,True,True,0,0
0,799800,True,True,0,0
0,799900,True,True,0,0
0,800000,True,True,0,0
0,800100,True,True,0,0
0,800200,True,True,0,0
0,800300,True,True,0,0
0,800400,True,True,0,0
0,800500,True,True,0,0
0,800600,True,True,0,0
0,800700,True,True,0,0
0,800800,True,True,0,0
0,800900,True,True,0,0
0,801000,True,True,0,0
0,801100,True,True,0,0
0,801200,True,True,0,0
0,801300,True,True,0,0
0,801400,True,True,0,0
0,801500,True,True,0,0
0,801600,True,True,0,0
0,801700,True,True,0,0
0,801800,True,True,0,0
0,801900,True,True,0,0
0,802000,True,True,0,0
0,802100,True,True,0,0
0,802200,True,True,0,0
0,802300,True,True,0,0
0,802400,True,True,0,0
0,802500,True,True,0,0
0,802600,True,True,0,0
0,802700,True,True,0,0
0,802800,True,True,0,0
0,802900,True,True,0,0
0,803000,True,True,0,0
0,803100,True,True,0,0
0,803200,True,True,0,0
0,803300,True,True,0,0
0,803400,True,True,0,0
0,803500,True,True,0,0
0,803600,True,True,0,0
0,803700,True,True,0,0
0,803800,True,True,0,0
0,803900,True,True,0,0
0,804000,True,True,0,0
0,804100,True,True,0,0
0,804200,True,True,0,0
0,804300,True,True,0,0
0,804400,True,True,0,0
0,804500,True,True,0,0
0,804600,True,True,0,0
0,804700,True,True,0,0
0,804800,True,True,0,0
0,804900,True,True,0,0
0,805000,True,True,0,0
0,805100,True,True,0,0
0,805200,True,True,0,0
0,805300,True,True,0,0
0,805400,True,True,0,0
0,805500,True,True,0,0
0,805600,True,True,0,0
0,805700,True,True,0,0
0,805800,True,True,0,0
0,805900,True,True,0,0
0,806000,True,True,0,0
0,806100,True,True,0,0
0,806200,True,True,0,0
0,806300,True,True,0,0
0,806400,True,True,0,0
0,806500,True,True,0,0
0,806600,True,True,0,0
0,806700,True,True,0,0
0,806800,True,True,0,0
0,806900,True,True,0,0
0,807000,True,True,0,0
0,807100,True,True,0,0
0,807200,True,True,0,0
0,807300,True,True,0,0
0,807400,True,True,0,0
0,807500,True,True,0,0
0,807600,True,True,0,0
0,807700,True,True,0,0
0,807800,True,True,0,0
0,807900,True,True,0,0
0,808000,True,True,0,0
0,808100,True,True,0,0
0,808200,True,True,0,0
0,808300,True,True,0,0
0,808400,True,True,0,0
0,808500,True,True,0,0
0,808600,True,True,0,0
0,808700,True,True,0,0
0,808800,True,True,0,0
0,808900,True,True,0,0
0,809000,True,True,0,0
0,809100,True,True,0,0
0,809200,True,True,0,0
0,809300,True,True,0,0
0,809400,True,True,0,0
0,809500,True,True,0,0
0,809600,True,True,0,0
0,809700,True,True,0,0
0,809800,True,True,0,0
0,809900,True,True,0,0
0,810000,True,True,0,0
0,810100,True,True,0,0
0,810200,True,True,0,0
0,810300,True,True,0,0
0,810400,True,True,0,0
0,810500,True,True,0,0
0,810600,True,True,0,0
0,810700,True,True,0,0
0,810800,True,True,0,0
0,810900,True,True,0,0
0,811000,True,True,0,0
0,811100,True,False,0,1
0,811200,True,False,0,1
0,811300,True,False,0,1
0,811400,True,False,0,1
0,811500,True,True,0,0
0,811600,True,True,0,0
0,811700,True,True,0,0
0,811800,True,False,0,1
0,811900,True,True,0,0
0,812000,True,True,0,0
0,812100,True,True,0,0
0,812200,True,True,0,0
0,812300,True,True,0,0
0,812400,True,True,0,0
0,812500,True,True,0,0
0,812600,True,False,0,1
0,812700,True,True,0,0
0,812800,True,True,0,0
0,812900,True,True,0,0
0,813000,True,False,0,1
0,813100,True,False,0,1
0,813200,True,True,0,0
0,813300,True,True,0,0
0,813400,True,False,0,1
0,813500,True,True,0,0
0,813600,True,True,0,0
0,813700,True,True,0,0
0,813800,True,True,0,0
0,813900,True,True,0,0
0,814000,True,True,0,0
0,814100,True,True,0,0
0,814200,True,True,0,0
0,814300,True,True,0,0
0,814400,True,True,0,0
0,814500,True,True,0,0
0,814600,True,True,0,0
0,814700,True,True,0,0
0,814800,True,True,0,0
0,814900,True,True,0,0
0,815000,True,True,0,0
0,815100,True,True,0,0
0,815200,True,True,0,0
0,815300,True,True,0,0
0,815400,True,True,0,0
0,815500,True,True,0,0
0,815600,True,True,0,0
0,815700,True,True,0,0
0,815800,True,True,0,0
0,815900,True,True,0,0
0,816000,True,True,0,0
0,816100,True,True,0,0
0,816200,True,True,0,0
0,816300,True,True,0,0
0,816400,True,True,0,0
0,816500,True,True,0,0
0,816600,True,True,0,0
0,816700,True,True,0,0
0,816800,True,True,0,0
0,816900,True,True,0,0
0,817000,True,True,0,0
0,817100,True,True,0,0
0,817200,True,True,0,0
0,817300,True,True,0,0
0,817400,True,True,0,0
0,817500,True,True,0,0
0,817600,True,True,0,0
0,817700,True,True,0,0
0,817800,True,True,0,0
0,817900,True,True,0,0
0,818000,True,True,0,0
0,818100,True,True,0,0
0,818200,True,True,0,0
0,818300,True,True,0,0
0,818400,True,True,0,0
0,818500,True,True,0,0
0,818600,True,True,0,0
0,818700,True,True,0,0
0,818800,True,True,0,0
0,818900,True,True,0,0
0,819000,True,True,0,0
0,819100,True,True,0,0
0,819200,True,True,0,0
0,819300,True,True,0,0
0,819400,True,True,0,0
0,819500,True,True,0,0
0,819600,True,True,0,0
0,819700,True,True,0,0
0,819800,True,True,0,0
0,819900,True,True,0,0
0,820000,True,True,0,0
0,820100,True,True,0,0
0,820200,True,True,0,0
0,820300,True,True,0,0
0,820400,True,True,0,0
0,820500,True,True,0,0
0,820600,True,True,0,0
0,820700,True,True,0,0
0,820800,True,True,0,0
0,820900,True,True,0,0
0,821000,True,True,0,0
0,821100,True,True,0,0
0,821200,True,True,0,0
0,821300,True,True,0,0
0,821400,True,True,0,0
0,821500,True,True,0,0
0,821600,True,True,0,0
0,821700,True,True,0,0
0,821800,True,True,0,0
0,821900,True,True,0,0
0,822000,True,True,0,0
0,822100,True,True,0,0
0,822200,True,True,0,0
0,822300,True,True,0,0
0,822400,True,True,0,0
0,822500,True,True,0,0
0,822600,True,True,0,0
0,822700,True,True,0,0
0,822800,True,True,0,0
0,822900,True,True,0,0
0,823000,True,True,0,0
0,823100,True,True,0,0
0,823200,True,True,0,0
0,823300,True,True,0,0
0,823400,True,True,0,0
0,823500,True,True,0,0
0,823600,True,True,0,0
0,823700,True,True,0,0
0,823800,True,True,0,0
0,823900,True,True,0,0
0,824000,True,True,0,0
0,824100,True,True,0,0
0,824200,True,True,0,0
0,824300,True,True,0,0
0,824400,True,True,0,0
0,824500,True,True,0,0
0,824600,True,True,0,0
0,824700,True,True,0,0
0,824800,True,True,0,0
0,824900,True,True,0,0
0,825000,True,True,0,0
0,825100,True,True,0,0
0,825200,True,True,0,0
0,825300,True,True,0,0
0,825400,True,True,0,0
0,825500,True,True,0,0
0,825600,True,True,0,0
0,825700,True,True,0,0
0,825800,True,True,0,0
0,825900,True,True,0,0
0,826000,True,True,0,0
0,826100,True,True,0,0
0,826200,True,True,0,0
0,826300,True,True,0,0
0,826400,True,True,0,0
0,826500,True,True,0,0
0,826600,True,True,0,0
0,826700,True,True,0,0
0,826800,True,True,0,0
0,826900,True,True,0,0
0,827000,True,True,0,0
0,827100,True,True,0,0
0,827200,True,True,0,0
0,827300,True,True,0,0
0,827400,True,True,0,0
0,827500,True,True,0,0
0,827600,True,True,0,0
0,827700,True,True,0,0
0,827800,True,True,0,0
0,827900,True,True,0,0
0,828000,True,True,0,0
0,828100,True,True,0,0
0,828200,True,True,0,0
0,828300,True,True,0,0
0,828400,True,True,0,0
0,828500,True,True,0,0
0,828600,True,True,0,0
0,828700,True,True,0,0
0,828800,True,True,0,0
0,828900,True,True,0,0
0,829000,True,True,0,0
0,829100,True,True,0,0
0,829200,True,True,0,0
0,829300,True,True,0,0
0,829400,True,True,0,0
0,829500,True,True,0,0
0,829600,True,True,0,0
0,829700,True,True,0,0
0,829800,True,True,0,0
0,829900,True,True,0,0
0,830000,True,True,0,0
0,830100,True,True,0,0
0,830200,True,True,0,0
0,830300,True,True,0,0
0,830400,True,True,0,0
0,830500,True,True,0,0
0,830600,True,True,0,0
0,830700,True,True,0,0
0,830800,True,True,0,0
0,830900,True,True,0,0
0,831000,True,True,0,0
0,831100,True,True,0,0
0,831200,True,True,0,0
0,831300,True,True,0,0
0,831400,True,True,0,0
0,831500,True,True,0,0
0,831600,True,True,0,0
0,831700,True,True,0,0
0,831800,True,True,0,0
0,831900,True,True,0,0
0,832000,True,True,0,0
0,832100,True,True,0,0
0,832200,True,True,0,0
0,832300,True,True,0,0
0,832400,True,True,0,0
0,832500,True,True,0,0
0,832600,True,True,0,0
0,832700,True,True,0,0
0,832800,True,True,0,0
0,832900,True,True,0,0
0,833000,True,True,0,0
0,833100,True,True,0,0
0,833200,True,True,0,0
0,833300,True,True,0,0
0,833400,True,True,0,0
0,833500,True,True,0,0
0,833600,True,True,0,0
0,833700,True,True,0,0
0,833800,True,True,0,0
0,833900,True,True,0,0
0,834000,True,True,0,0
0,834100,True,True,0,0
0,834200,True,True,0,0
0,834300,True,True,0,0
0,834400,True,True,0,0
0,834500,True,True,0,0
0,834600,True,True,0,0
0,834700,True,True,0,0
0,834800,True,True,0,0
0,834900,True,True,0,0
0,835000,True,True,0,0
0,835100,True,True,0,0
0,835200,True,True,0,0
0,835300,True,True,0,0
0,835400,True,True,0,0
0,835500,True,True,0,0
0,835600,True,True,0,0
0,835700,True,True,0,0
0,835800,True,True,0,0
0,835900,True,True,0,0
0,836000,True,True,0,0
0,836100,True,True,0,0
0,836200,True,True,0,0
0,836300,True,True,0,0
0,836400,True,True,0,0
0,836500,True,True,0,0
0,836600,True,True,0,0
0,836700,True,True,0,0
0,836800,True,True,0,0
0,836900,True,True,0,0
0,837000,True,True,0,0
0,837100,True,True,0,0
0,837200,True,True,0,0
0,837300,True,True,0,0
0,837400,True,True,0,0
0,837500,True,True,0,0
0,837600,True,True,0,0
0,837700,True,True,0,0
0,837800,True,True,0,0
0,837900,True,True,0,0
0,838000,True,True,0,0
0,838100,True,True,0,0
0,838200,True,True,0,0
0,838300,True,True,0,0
0,838400,True,True,0,0
0,838500,True,True,0,0
0,838600,True,True,0,0
0,838700,True,True,0,0
0,838800,True,True,0,0
0,838900,True,True,0,0
0,839000,True,True,0,0
0,839100,True,True,0,0
0,839200,True,True,0,0
0,839300,True,True,0,0
0,839400,True,True,0,0
0,839500,True,True,0,0
0,839600,True,True,0,0
0,839700,True,True,0,0
0,839800,True,True,0,0
0,839900,True,True,0,0
0,840000,True,True,0,0
0,840100,True,True,0,0
0,840200,True,True,0,0
0,840300,True,True,0,0
0,840400,True,True,0,0
0,840500,True,True,0,0
0,840600,True,True,0,0
0,840700,True,True,0,0
0,840800,True,True,0,0
0,840900,True,True,0,0
0,841000,True,True,0,0
0,841100,True,True,0,0
0,841200,True,True,0,0
0,841300,True,True,0,0
0,841400,True,True,0,0
0,841500,True,True,0,0
0,841600,True,True,0,0
0,841700,True,True,0,0
0,841800,True,True,0,0
0,841900,True,True,0,0
0,842000,True,True,0,0
0,842100,True,True,0,0
0,842200,True,True,0,0
0,842300,True,True,0,0
0,842400,True,True,0,0
0,842500,True,True,0,0
0,842600,True,True,0,0
0,842700,True,True,0,0
0,842800,True,True,0,0
0,842900,True,True,0,0
0,843000,True,True,0,0
0,843100,True,True,0,0
0,843200,True,True,0,0
0,843300,True,True,0,0
0,843400,True,True,0,0
0,843500,True,True,0,0
0,843600,True,True,0,0
0,843700,True,True,0,0
0,843800,True,True,0,0
0,843900,True,True,0,0
0,844000,True,True,0,0
0,844100,True,True,0,0
0,844200,True,True,0,0
0,844300,True,True,0,0
0,844400,True,True,0,0
0,844500,True,True,0,0
0,844600,True,True,0,0
0,844700,True,True,0,0
0,844800,True,True,0,0
0,844900,True,True,0,0
0,845000,True,True,0,0
0,845100,True,True,0,0
0,845200,True,True,0,0
0,845300,True,True,0,0
0,845400,True,True,0,0
0,845500,True,True,0,0
0,845600,True,True,0,0
0,845700,True,True,0,0
0,845800,True,True,0,0
0,845900,True,True,0,0
0,846000,True,True,0,0
0,846100,True,True,0,0
0,846200,True,True,0,0
0,846300,True,True,0,0
0,846400,True,True,0,0
0,846500,True,True,0,0
0,846600,True,True,0,0
0,846700,True,True,0,0
0,846800,True,True,0,0
0,846900,True,True,0,0
0,847000,True,True,0,0
0,847100,True,True,0,0
0,847200,True,True,0,0
0,847300,True,True,0,0
0,847400,True,True,0,0
0,847500,True,True,0,0
0,847600,True,True,0,0
0,847700,True,True,0,0
0,847800,True,True,0,0
0,847900,True,True,0,0
0,848000,True,True,0,0
0,848100,True,True,0,0
0,848200,True,True,0,0
0,848300,True,True,0,0
0,848400,True,True,0,0
0,848500,True,True,0,0
0,848600,True,True,0,0
0,848700,True,True,0,0
0,848800,True,True,0,0
0,848900,True,True,0,0
0,849000,True,True,0,0
0,849100,True,True,0,0
0,849200,True,True,0,0
0,849300,True,True,0,0
0,849400,True,True,0,0
0,849500,True,True,0,0
0,849600,True,True,0,0
0,849700,True,True,0,0
0,849800,True,True,0,0
0,849900,True,True,0,0
0,850000,True,True,0,0
0,850100,True,True,0,0
0,850200,True,True,0,0
0,850300,True,True,0,0
0,850400,True,True,0,0
0,850500,True,True,0,0
0,850600,True,True,0,0
0,850700,True,True,0,0
0,850800,True,True,0,0
0,850900,True,True,0,0
0,851000,True,True,0,0
0,851100,True,True,0,0
0,851200,True,True,0,0
0,851300,True,True,0,0
0,851400,True,True,0,0
0,851500,True,True,0,0
0,851600,True,True,0,0
0,851700,True,True,0,0
0,851800,True,True,0,0
0,851900,True,True,0,0
0,852000,True,True,0,0
0,852100,True,True,0,0
0,852200,True,True,0,0
0,852300,True,True,0,0
0,852400,True,True,0,0
0,852500,True,True,0,0
0,852600,True,True,0,0
0,852700,True,True,0,0
0,852800,True,True,0,0
0,852900,True,True,0,0
0,853000,True,True,0,0
0,853100,True,True,0,0
0,853200,True,True,0,0
0,853300,True,True,0,0
0,853400,True,True,0,0
0,853500,True,True,0,0
0,853600,True,True,0,0
0,853700,True,True,0,0
0,853800,True,True,0,0
0,853900,True,True,0,0
0,854000,True,True,0,0
0,854100,True,True,0,0
0,854200,True,True,0,0
0,854300,True,True,0,0
0,854400,True,True,0,0
0,854500,True,True,0,0
0,854600,True,True,0,0
0,854700,True,True,0,0
0,854800,True,True,0,0
0,854900,True,True,0,0
0,855000,True,True,0,0
0,855100,True,True,0,0
0,855200,True,True,0,0
0,855300,True,True,0,0
0,855400,True,True,0,0
0,855500,True,True,0,0
0,855600,True,True,0,0
0,855700,True,True,0,0
0,855800,True,True,0,0
0,855900,True,True,0,0
0,856000,True,True,0,0
0,856100,True,True,0,0
0,856200,True,True,0,0
0,856300,True,True,0,0
0,856400,True,True,0,0
0,856500,True,True,0,0
0,856600,True,True,0,0
0,856700,True,True,0,0
0,856800,True,True,0,0
0,856900,True,True,0,0
0,857000,True,True,0,0
0,857100,True,True,0,0
0,857200,True,True,0,0
0,857300,True,True,0,0
0,857400,True,True,0,0
0,857500,True,True,0,0
0,857600,True,True,0,0
0,857700,True,True,0,0
0,857800,True,True,0,0
0,857900,True,True,0,0
0,858000,True,True,0,0
0,858100,True,True,0,0
0,858200,True,True,0,0
0,858300,True,True,0,0
0,858400,True,True,0,0
0,858500,True,True,0,0
0,858600,True,True,0,0
0,858700,True,True,0,0
0,858800,True,True,0,0
0,858900,True,True,0,0
0,859000,True,True,0,0
0,859100,True,True,0,0
0,859200,True,True,0,0
0,859300,True,True,0,0
0,859400,True,True,0,0
0,859500,True,True,0,0
0,859600,True,True,0,0
0,859700,True,True,0,0
0,859800,True,True,0,0
0,859900,True,True,0,0
0,860000,True,True,0,0
0,860100,True,True,0,0
0,860200,True,True,0,0
0,860300,True,True,0,0
0,860400,True,True,0,0
0,860500,True,True,0,0
0,860600,True,True,0,0
0,860700,True,True,0,0
0,860800,True,True,0,0
0,860900,True,True,0,0
0,861000,True,True,0,0
0,861100,True,True,0,0
0,861200,True,True,0,0
0,861300,True,True,0,0
0,861400,True,True,0,0
0,861500,True,True,0,0
0,861600,True,True,0,0
0,861700,True,True,0,0
0,861800,True,True,0,0
0,861900,True,True,0,0
0,862000,True,True,0,0
0,862100,True,True,0,0
0,862200,True,True,0,0
0,862300,True,True,0,0
0,862400,True,True,0,0
0,862500,True,True,0,0
0,862600,True,True,0,0
0,862700,True,True,0,0
0,862800,True,True,0,0
0,862900,True,True,0,0
0,863000,True,True,0,0
0,863100,True,True,0,0
0,863200,True,True,0,0
0,863300,True,True,0,0
0,863400,True,True,0,0
0,863500,True,True,0,0
0,863600,True,True,0,0
0,863700,True,True,0,0
0,863800,True,True,0,0
0,863900,True,True,0,0
0,864000,True,True,0,0
0,864100,True,True,0,0
0,864200,True,True,0,0
0,864300,True,True,0,0
0,864400,True,True,0,0
0,864500,True,True,0,0
0,864600,True,True,0,0
0,864700,True,True,0,0
0,864800,True,True,0,0
0,864900,True,True,0,0
0,865000,True,True,0,0
0,865100,True,True,0,0
0,865200,True,True,0,0
0,865300,True,True,0,0
0,865400,True,True,0,0
0,865500,True,True,0,0
0,865600,True,True,0,0
0,865700,True,True,0,0
0,865800,True,True,0,0
0,865900,True,True,0,0
0,866000,True,True,0,0
0,866100,True,True,0,0
0,866200,True,True,0,0
0,866300,True,True,0,0
0,866400,True,True,0,0
0,866500,True,True,0,0
0,866600,True,True,0,0
0,866700,True,True,0,0
0,866800,True,True,0,0
0,866900,True,True,0,0
0,867000,True,True,0,0
0,867100,True,True,0,0
0,867200,True,True,0,0
0,867300,True,True,0,0
0,867400,True,True,0,0
0,867500,True,True,0,0
0,867600,True,True,0,0
0,867700,True,True,0,0
0,867800,True,True,0,0
0,867900,True,True,0,0
0,868000,True,True,0,0
0,868100,True,True,0,0
0,868200,True,True,0,0
0,868300,True,True,0,0
0,868400,True,True,0,0
0,868500,True,True,0,0
0,868600,True,True,0,0
0,868700,True,True,0,0
0,868800,True,True,0,0
0,868900,True,True,0,0
0,869000,True,True,0,0
0,869100,True,True,0,0
0,869200,True,True,0,0
0,869300,True,True,0,0
0,869400,True,True,0,0
0,869500,True,True,0,0
0,869600,True,True,0,0
0,869700,True,True,0,0
0,869800,True,True,0,0
0,869900,True,True,0,0
0,870000,True,True,0,0
0,870100,True,True,0,0
0,870200,True,True,0,0
0,870300,True,True,0,0
0,870400,True,True,0,0
0,870500,True,True,0,0
0,870600,True,True,0,0
0,870700,True,True,0,0
0,870800,True,True,0,0
0,870900,True,True,0,0
0,871000,True,True,0,0
0,871100,True,True,0,0
0,871200,True,True,0,0
0,871300,True,True,0,0
0,871400,True,True,0,0
0,871500,True,True,0,0
0,871600,True,True,0,0
0,871700,True,True,0,0
0,871800,True,True,0,0
0,871900,True,True,0,0
0,872000,True,True,0,0
0,872100,True,True,0,0
0,872200,True,True,0,0
0,872300,True,True,0,0
0,872400,True,True,0,0
0,872500,True,True,0,0
0,872600,True,True,0,0
0,872700,True,True,0,0
0,872800,True,True,0,0
0,872900,True,True,0,0
0,873000,True,True,0,0
0,873100,True,True,0,0
0,873200,True,True,0,0
0,873300,True,True,0,0
0,873400,True,True,0,0
0,873500,True,True,0,0
0,873600,True,True,0,0
0,873700,True,True,0,0
0,873800,True,True,0,0
0,873900,True,True,0,0
0,874000,True,True,0,0
0,874100,True,True,0,0
0,874200,True,True,0,0
0,874300,True,True,0,0
0,874400,True,True,0,0
0,874500,True,True,0,0
0,874600,True,True,0,0
0,874700,True,True,0,0
0,874800,True,True,0,0
0,874900,True,True,0,0
0,875000,True,True,0,0
0,875100,True,True,0,0
0,875200,True,True,0,0
0,875300,True,True,0,0
0,875400,True,True,0,0
0,875500,True,True,0,0
0,875600,True,True,0,0
0,875700,True,True,0,0
0,875800,True,True,0,0
0,875900,True,True,0,0
0,876000,True,True,0,0
0,876100,True,True,0,0
0,876200,True,True,0,0
0,876300,True,True,0,0
0,876400,True,True,0,0
0,876500,True,True,0,0
0,876600,True,True,0,0
0,876700,True,True,0,0
0,876800,True,True,0,0
0,876900,True,True,0,0
0,877000,True,True,0,0
0,877100,True,True,0,0
0,877200,True,True,0,0
0,877300,True,True,0,0
0,877400,True,True,0,0
0,877500,True,True,0,0
0,877600,True,True,0,0
0,877700,True,True,0,0
0,877800,True,True,0,0
0,877900,True,True,0,0
0,878000,True,True,0,0
0,878100,True,True,0,0
0,878200,True,True,0,0
0,878300,True,True,0,0
0,878400,True,True,0,0
0,878500,True,True,0,0
0,878600,True,True,0,0
0,878700,True,True,0,0
0,878800,True,True,0,0
0,878900,True,True,0,0
0,879000,True,True,0,0
0,879100,True,True,0,0
0,879200,True,True,0,0
0,879300,True,True,0,0
0,879400,True,True,0,0
0,879500,True,True,0,0
0,879600,True,True,0,0
0,879700,True,True,0,0
0,879800,True,True,0,0
0,879900,True,True,0,0
0,880000,True,True,0,0
0,880100,True,True,0,0
0,880200,True,True,0,0
0,880300,True,True,0,0
0,880400,True,True,0,0
0,880500,True,True,0,0
0,880600,True,True,0,0
0,880700,True,True,0,0
0,880800,True,True,0,0
0,880900,True,True,0,0
0,881000,True,True,0,0
0,881100,True,True,0,0
0,881200,True,True,0,0
0,881300,True,True,0,0
0,881400,True,True,0,0
0,881500,True,True,0,0
0,881600,True,True,0,0
0,881700,True,True,0,0
0,881800,True,True,0,0
0,881900,True,True,0,0
0,882000,True,True,0,0
0,882100,True,True,0,0
0,882200,True,True,0,0
0,882300,True,True,0,0
0,882400,True,True,0,0
0,882500,True,True,0,0
0,882600,True,True,0,0
0,882700,True,True,0,0
0,882800,True,True,0,0
0,882900,True,True,0,0
0,883000,True,True,0,0
0,883100,True,True,0,0
0,883200,True,True,0,0
0,883300,True,True,0,0
0,883400,True,True,0,0
0,883500,True,True,0,0
0,883600,True,True,0,0
0,883700,True,True,0,0
0,883800,True,True,0,0
0,883900,True,True,0,0
0,884000,True,True,0,0
0,884100,True,True,0,0
0,884200,True,True,0,0
0,884300,True,True,0,0
0,884400,True,True,0,0
0,884500,True,True,0,0
0,884600,True,True,0,0
0,884700,True,True,0,0
0,884800,True,True,0,0
0,884900,True,True,0,0
0,885000,True,True,0,0
0,885100,True,True,0,0
0,885200,True,True,0,0
0,885300,True,True,0,0
0,885400,True,True,0,0
0,885500,True,True,0,0
0,885600,True,True,0,0
0,885700,True,True,0,0
0,885800,True,True,0,0
0,885900,True,True,0,0
0,886000,True,True,0,0
0,886100,True,True,0,0
0,886200,True,True,0,0
0,886300,True,True,0,0
0,886400,True,True,0,0
0,886500,True,True,0,0
0,886600,True,True,0,0
0,886700,True,True,0,0
0,886800,True,True,0,0
0,886900,True,True,0,0
0,887000,True,True,0,0
0,887100,True,True,0,0
0,887200,True,True,0,0
0,887300,True,True,0,0
0,887400,True,True,0,0
0,887500,True,True,0,0
0,887600,True,True,0,0
0,887700,True,True,0,0
0,887800,True,True,0,0
0,887900,True,True,0,0
0,888000,True,True,0,0
0,888100,True,True,0,0
0,888200,True,True,0,0
0,888300,True,True,0,0
0,888400,True,True,0,0
0,888500,True,True,0,0
0,888600,True,True,0,0
0,888700,True,True,0,0
0,888800,True,True,0,0
0,888900,True,True,0,0
0,889000,True,True,0,0
0,889100,True,True,0,0
0,889200,True,True,0,0
0,889300,True,True,0,0
0,889400,True,True,0,0
0,889500,True,True,0,0
0,889600,True,True,0,0
0,889700,True,True,0,0
0,889800,True,True,0,0
0,889900,True,True,0,0
0,890000,True,True,0,0
0,890100,True,True,0,0
0,890200,True,True,0,0
0,890300,True,True,0,0
0,890400,True,True,0,0
0,890500,True,True,0,0
0,890600,True,True,0,0
0,890700,True,True,0,0
0,890800,True,True,0,0
0,890900,True,True,0,0
0,891000,True,True,0,0
0,891100,True,True,0,0
0,891200,True,True,0,0
0,891300,True,True,0,0
0,891400,True,True,0,0
0,891500,True,True,0,0
0,891600,True,True,0,0
0,891700,True,True,0,0
0,891800,True,True,0,0
0,891900,True,True,0,0
0,892000,True,True,0,0
0,892100,True,True,0,0
0,892200,True,True,0,0
0,892300,True,True,0,0
0,892400,True,True,0,0
0,892500,True,True,0,0
0,892600,True,True,0,0
0,892700,True,True,0,0
0,892800,True,True,0,0
0,892900,True,True,0,0
0,893000,True,True,0,0
0,893100,True,True,0,0
0,893200,True,True,0,0
0,893300,True,True,0,0
0,893400,True,True,0,0
0,893500,True,True,0,0
0,893600,True,True,0,0
0,893700,True,True,0,0
0,893800,True,True,0,0
0,893900,True,True,0,0
0,894000,True,True,0,0
0,894100,True,True,0,0
0,894200,True,True,0,0
0,894300,True,True,0,0
0,894400,True,True,0,0
0,894500,True,True,0,0
0,894600,True,True,0,0
0,894700,True,True,0,0
0,894800,True,True,0,0
0,894900,True,True,0,0
0,895000,True,True,0,0
0,895100,True,True,0,0
0,895200,True,True,0,0
0,895300,True,True,0,0
0,895400,True,True,0,0
0,895500,True,True,0,0
0,895600,True,True,0,0
0,895700,True,True,0,0
0,895800,True,True,0,0
0,895900,True,True,0,0
0,896000,True,True,0,0
0,896100,True,True,0,0
0,896200,True,True,0,0
0,896300,True,True,0,0
0,896400,True,True,0,0
0,896500,True,True,0,0
0,896600,True,True,0,0
0,896700,True,True,0,0
0,896800,True,True,0,0
0,896900,True,True,0,0
0,897000,True,True,0,0
0,897100,True,True,0,0
0,897200,True,True,0,0
0,897300,True,True,0,0
0,897400,True,True,0,0
0,897500,True,True,0,0
0,897600,True,True,0,0
0,897700,True,True,0,0
0,897800,True,True,0,0
0,897900,True,True,0,0
0,898000,True,True,0,0
0,898100,True,True,0,0
0,898200,True,True,0,0
0,898300,True,True,0,0
0,898400,True,True,0,0
0,898500,True,True,0,0
0,898600,True,True,0,0
0,898700,True,True,0,0
0,898800,True,True,0,0
0,898900,True,True,0,0
0,899000,True,True,0,0
0,899100,True,True,0,0
0,899200,True,True,0,0
0,899300,True,True,0,0
0,899400,True,True,0,0
0,899500,True,True,0,0
0,899600,True,True,0,0
0,899700,True,True,0,0
0,899800,True,True,0,0
0,899900,True,True,0,0
0,900000,True,True,0,0
0,900100,True,True,0,0
0,900200,True,True,0,0
0,900300,True,True,0,0
0,900400,True,True,0,0
0,900500,True,True,0,0
0,900600,True,True,0,0
0,900700,True,True,0,0
0,900800,True,True,0,0
0,900900,True,True,0,0
0,901000,True,True,0,0
0,901100,True,True,0,0
0,901200,True,True,0,0
0,901300,True,True,0,0
0,901400,True,True,0,0
0,901500,True,True,0,0
0,901600,True,True,0,0
0,901700,True,True,0,0
0,901800,True,True,0,0
0,901900,True,True,0,0
0,902000,True,True,0,0
0,902100,True,True,0,0
0,902200,True,True,0,0
0,902300,True,True,0,0
0,902400,True,True,0,0
0,902500,True,True,0,0
0,902600,True,True,0,0
0,902700,True,True,0,0
0,902800,True,True,0,0
0,902900,True,True,0,0
0,903000,True,True,0,0
0,903100,True,True,0,0
0,903200,True,True,0,0
0,903300,True,True,0,0
0,903400,True,True,0,0
0,903500,True,True,0,0
0,903600,True,True,0,0
0,903700,True,True,0,0
0,903800,True,True,0,0
0,903900,True,True,0,0
0,904000,True,True,0,0
0,904100,True,True,0,0
0,904200,True,True,0,0
0,904300,True,True,0,0
0,904400,True,True,0,0
0,904500,True,True,0,0
0,904600,True,True,0,0
0,904700,True,True,0,0
0,904800,True,True,0,0
0,904900,True,True,0,0
0,905000,True,True,0,0
0,905100,True,True,0,0
0,905200,True,True,0,0
0,905300,True,True,0,0
0,905400,True,True,0,0
0,905500,True,True,0,0
0,905600,True,True,0,0
0,905700,True,True,0,0
0,905800,True,True,0,0
0,905900,True,True,0,0
0,906000,True,True,0,0
0,906100,True,True,0,0
0,906200,True,True,0,0
0,906300,True,True,0,0
0,906400,True,True,0,0
0,906500,True,True,0,0
0,906600,True,True,0,0
0,906700,True,True,0,0
0,906800,True,True,0,0
0,906900,True,True,0,0
0,907000,True,True,0,0
0,907100,True,True,0,0
0,907200,True,True,0,0
0,907300,True,True,0,0
0,907400,True,True,0,0
0,907500,True,True,0,0
0,907600,True,True,0,0
0,907700,True,True,0,0
0,907800,True,True,0,0
0,907900,True,True,0,0
0,908000,True,True,0,0
0,908100,True,True,0,0
0,908200,True,True,0,0
0,908300,True,True,0,0
0,908400,True,True,0,0
0,908500,True,True,0,0
0,908600,True,True,0,0
0,908700,True,True,0,0
0,908800,True,True,0,0
0,908900,True,True,0,0
0,909000,True,True,0,0
0,909100,True,True,0,0
0,909200,True,True,0,0
0,909300,True,True,0,0
0,909400,True,True,0,0
0,909500,True,True,0,0
0,909600,True,True,0,0
0,909700,True,True,0,0
0,909800,True,True,0,0
0,909900,True,True,0,0
0,910000,True,True,0,0
0,910100,True,True,0,0
0,910200,True,True,0,0
0,910300,True,True,0,0
0,910400,True,True,0,0
0,910500,True,True,0,0
0,910600,True,True,0,0
0,910700,True,True,0,0
0,910800,True,True,0,0
0,910900,True,True,0,0
0,911000,True,True,0,0
0,911100,True,True,0,0
0,911200,True,True,0,0
0,911300,True,True,0,0
0,911400,True,True,0,0
0,911500,True,True,0,0
0,911600,True,True,0,0
0,911700,True,True,0,0
0,911800,True,True,0,0
0,911900,True,True,0,0
0,912000,True,True,0,0
0,912100,True,True,0,0
0,912200,True,True,0,0
0,912300,True,True,0,0
0,912400,True,True,0,0
0,912500,True,True,0,0
0,912600,True,True,0,0
0,912700,True,True,0,0
0,912800,True,True,0,0
0,912900,True,True,0,0
0,913000,True,True,0,0
0,913100,True,True,0,0
0,913200,True,True,0,0
0,913300,True,True,0,0
0,913400,True,True,0,0
0,913500,True,True,0,0
0,913600,True,True,0,0
0,913700,True,True,0,0
0,913800,True,True,0,0
0,913900,True,True,0,0
0,914000,True,True,0,0
0,914100,True,True,0,0
0,914200,True,True,0,0
0,914300,True,True,0,0
0,914400,True,True,0,0
0,914500,True,True,0,0
0,914600,True,True,0,0
0,914700,True,True,0,0
0,914800,True,True,0,0
0,914900,True,True,0,0
0,915000,True,True,0,0
0,915100,True,True,0,0
0,915200,True,True,0,0
0,915300,True,True,0,0
0,915400,True,True,0,0
0,915500,True,True,0,0
0,915600,True,True,0,0
0,915700,True,True,0,0
0,915800,True,True,0,0
0,915900,True,True,0,0
0,916000,True,True,0,0
0,916100,True,True,0,0
0,916200,True,True,0,0
0,916300,True,True,0,0
0,916400,True,True,0,0
0,916500,True,True,0,0
0,916600,True,True,0,0
0,916700,True,True,0,0
0,916800,True,True,0,0
0,916900,True,True,0,0
0,917000,True,True,0,0
0,917100,True,True,0,0
0,917200,True,True,0,0
0,917300,True,True,0,0
0,917400,True,True,0,0
0,917500,True,True,0,0
0,917600,True,True,0,0
0,917700,True,True,0,0
0,917800,True,True,0,0
0,917900,True,True,0,0
0,918000,True,True,0,0
0,918100,True,True,0,0
0,918200,True,True,0,0
0,918300,True,True,0,0
0,918400,True,True,0,0
0,918500,True,True,0,0
0,918600,True,True,0,0
0,918700,True,True,0,0
0,918800,True,True,0,0
0,918900,True,True,0,0
0,919000,True,True,0,0
0,919100,True,True,0,0
0,919200,True,True,0,0
0,919300,True,True,0,0
0,919400,True,True,0,0
0,919500,True,True,0,0
0,919600,True,True,0,0
0,919700,True,True,0,0
0,919800,True,True,0,0
0,919900,True,True,0,0
0,920000,True,True,0,0
0,920100,True,True,0,0
0,920200,True,True,0,0
0,920300,True,True,0,0
0,920400,True,True,0,0
0,920500,True,True,0,0
0,920600,True,True,0,0
0,920700,True,True,0,0
0,920800,True,True,0,0
0,920900,True,True,0,0
0,921000,True,True,0,0
0,921100,True,True,0,0
0,921200,True,True,0,0
0,921300,True,True,0,0
0,921400,True,True,0,0
0,921500,True,True,0,0
0,921600,True,True,0,0
0,921700,True,True,0,0
0,921800,True,True,0,0
0,921900,True,True,0,0
0,922000,True,True,0,0
0,922100,True,True,0,0
0,922200,True,True,0,0
0,922300,True,True,0,0
0,922400,True,True,0,0
0,922500,True,True,0,0
0,922600,True,True,0,0
0,922700,True,True,0,0
0,922800,True,True,0,0
0,922900,True,True,0,0
0,923000,True,True,0,0
0,923100,True,True,0,0
0,923200,True,True,0,0
0,923300,True,True,0,0
0,923400,True,True,0,0
0,923500,True,True,0,0
0,923600,True,True,0,0
0,923700,True,True,0,0
0,923800,True,True,0,0
0,923900,True,True,0,0
0,924000,True,True,0,0
0,924100,True,True,0,0
0,924200,True,True,0,0
0,924300,True,True,0,0
0,924400,True,True,0,0
0,924500,True,True,0,0
0,924600,True,True,0,0
0,924700,True,True,0,0
0,924800,True,True,0,0
0,924900,True,True,0,0
0,925000,True,True,0,0
0,925100,True,True,0,0
0,925200,True,True,0,0
0,925300,True,True,0,0
0,925400,True,True,0,0
0,925500,True,True,0,0
0,925600,True,True,0,0
0,925700,True,True,0,0
0,925800,True,True,0,0
0,925900,True,True,0,0
0,926000,True,True,0,0
0,926100,True,True,0,0
0,926200,True,True,0,0
0,926300,True,True,0,0
0,926400,True,True,0,0
0,926500,True,True,0,0
0,926600,True,True,0,0
0,926700,True,True,0,0
0,926800,True,True,0,0
0,926900,True,True,0,0
0,927000,True,True,0,0
0,927100,True,True,0,0
0,927200,True,True,0,0
0,927300,True,True,0,0
0,927400,True,True,0,0
0,927500,True,True,0,0
0,927600,True,True,0,0
0,927700,True,True,0,0
0,927800,True,True,0,0
0,927900,True,True,0,0
0,928000,True,True,0,0
0,928100,True,True,0,0
0,928200,True,True,0,0
0,928300,True,True,0,0
0,928400,True,True,0,0
0,928500,True,True,0,0
0,928600,True,True,0,0
0,928700,True,True,0,0
0,928800,True,True,0,0
0,928900,True,True,0,0
0,929000,True,True,0,0
0,929100,True,True,0,0
0,929200,True,True,0,0
0,929300,True,True,0,0
0,929400,True,True,0,0
0,929500,True,True,0,0
0,929600,True,True,0,0
0,929700,True,True,0,0
0,929800,True,True,0,0
0,929900,True,True,0,0
0,930000,True,True,0,0
0,930100,True,True,0,0
0,930200,True,True,0,0
0,930300,True,True,0,0
0,930400,True,True,0,0
0,930500,True,True,0,0
0,930600,True,True,0,0
0,930700,True,True,0,0
0,930800,True,True,0,0
0,930900,True,True,0,0
0,931000,True,True,0,0
0,931100,True,True,0,0
0,931200,True,True,0,0
0,931300,True,True,0,0
0,931400,True,True,0,0
0,931500,True,True,0,0
0,931600,True,True,0,0
0,931700,True,True,0,0
0,931800,True,True,0,0
0,931900,True,True,0,0
0,932000,True,True,0,0
0,932100,True,True,0,0
0,932200,True,True,0,0
0,932300,True,True,0,0
0,932400,True,True,0,0
0,932500,True,True,0,0
0,932600,True,True,0,0
0,932700,True,True,0,0
0,932800,True,True,0,0
0,932900,True,True,0,0
0,933000,True,True,0,0
0,933100,True,True,0,0
0,933200,True,True,0,0
0,933300,True,True,0,0
0,933400,True,True,0,0
0,933500,True,True,0,0
0,933600,True,True,0,0
0,933700,True,True,0,0
0,933800,True,True,0,0
0,933900,True,True,0,0
0,934000,True,True,0,0
0,934100,True,True,0,0
0,934200,True,True,0,0
0,934300,True,True,0,0
0,934400,True,True,0,0
0,934500,True,True,0,0
0,934600,True,True,0,0
0,934700,True,True,0,0
0,934800,True,True,0,0
0,934900,True,True,0,0
0,935000,True,True,0,0
0,935100,True,True,0,0
0,935200,True,True,0,0
0,935300,True,True,0,0
0,935400,True,True,0,0
0,935500,True,True,0,0
0,935600,True,True,0,0
0,935700,True,True,0,0
0,935800,True,True,0,0
0,935900,True,True,0,0
0,936000,True,True,0,0
0,936100,True,True,0,0
0,936200,True,True,0,0
0,936300,True,True,0,0
0,936400,True,True,0,0
0,936500,True,True,0,0
0,936600,True,True,0,0
0,936700,True,True,0,0
0,936800,True,True,0,0
0,936900,True,True,0,0
0,937000,True,True,0,0
0,937100,True,True,0,0
0,937200,True,True,0,0
0,937300,True,True,0,0
0,937400,True,True,0,0
0,937500,True,True,0,0
0,937600,True,True,0,0
0,937700,True,True,0,0
0,937800,True,True,0,0
0,937900,True,True,0,0
0,938000,True,True,0,0
0,938100,True,True,0,0
0,938200,True,True,0,0
0,938300,True,True,0,0
0,938400,True,True,0,0
0,938500,True,True,0,0
0,938600,True,True,0,0
0,938700,True,True,0,0
0,938800,True,True,0,0
0,938900,True,True,0,0
0,939000,True,True,0,0
0,939100,True,True,0,0
0,939200,True,True,0,0
0,939300,True,True,0,0
0,939400,True,True,0,0
0,939500,True,True,0,0
0,939600,True,True,0,0
0,939700,True,True,0,0
0,939800,True,True,0,0
0,939900,True,True,0,0
0,940000,True,True,0,0
0,940100,True,True,0,0
0,940200,True,True,0,0
0,940300,True,True,0,0
0,940400,True,True,0,0
0,940500,True,True,0,0
0,940600,True,True,0,0
0,940700,True,True,0,0
0,940800,True,True,0,0
0,940900,True,True,0,0
0,941000,True,True,0,0
0,941100,True,True,0,0
0,941200,True,True,0,0
0,941300,True,True,0,0
0,941400,True,True,0,0
0,941500,True,True,0,0
0,941600,True,True,0,0
0,941700,True,True,0,0
0,941800,True,True,0,0
0,941900,True,True,0,0
0,942000,True,True,0,0
0,942100,True,True,0,0
0,942200,True,True,0,0
0,942300,True,True,0,0
0,942400,True,True,0,0
0,942500,True,True,0,0
0,942600,True,True,0,0
0,942700,True,True,0,0
0,942800,True,True,0,0
0,942900,True,True,0,0
0,943000,True,True,0,0
0,943100,True,True,0,0
0,943200,True,True,0,0
0,943300,True,True,0,0
0,943400,True,True,0,0
0,943500,True,True,0,0
0,943600,True,True,0,0
0,943700,True,True,0,0
0,943800,True,True,0,0
0,943900,True,True,0,0
0,944000,True,True,0,0
0,944100,True,True,0,0
0,944200,True,True,0,0
0,944300,True,True,0,0
0,944400,True,True,0,0
0,944500,True,True,0,0
0,944600,True,True,0,0
0,944700,True,True,0,0
0,944800,True,True,0,0
0,944900,True,True,0,0
0,945000,True,True,0,0
0,945100,True,True,0,0
0,945200,True,True,0,0
0,945300,True,True,0,0
0,945400,True,True,0,0
0,945500,True,True,0,0
0,945600,True,True,0,0
0,945700,True,True,0,0
0,945800,True,True,0,0
0,945900,True,True,0,0
0,946000,True,True,0,0
0,946100,True,True,0,0
0,946200,True,True,0,0
0,946300,True,True,0,0
0,946400,True,True,0,0
0,946500,True,True,0,0
0,946600,True,True,0,0
0,946700,True,True,0,0
0,946800,True,True,0,0
0,946900,True,True,0,0
0,947000,True,True,0,0
0,947100,True,True,0,0
0,947200,True,True,0,0
0,947300,True,True,0,0
0,947400,True,True,0,0
0,947500,True,True,0,0
0,947600,True,True,0,0
0,947700,True,True,0,0
0,947800,True,True,0,0
0,947900,True,True,0,0
0,948000,True,True,0,0
0,948100,True,True,0,0
0,948200,True,True,0,0
0,948300,True,True,0,0
0,948400,True,True,0,0
0,948500,True,True,0,0
0,948600,True,True,0,0
0,948700,True,True,0,0
0,948800,True,True,0,0
0,948900,True,True,0,0
0,949000,True,True,0,0
0,949100,True,True,0,0
0,949200,True,True,0,0
0,949300,True,True,0,0
0,949400,True,True,0,0
0,949500,True,True,0,0
0,949600,True,True,0,0
0,949700,True,True,0,0
0,949800,True,True,0,0
0,949900,True,True,0,0
0,950000,True,True,0,0
0,950100,True,True,0,0
0,950200,True,True,0,0
0,950300,True,True,0,0
0,950400,True,True,0,0
0,950500,True,True,0,0
0,950600,True,True,0,0
0,950700,True,True,0,0
0,950800,True,True,0,0
0,950900,True,True,0,0
0,951000,True,True,0,0
0,951100,True,True,0,0
0,951200,True,True,0,0
0,951300,True,True,0,0
0,951400,True,True,0,0
0,951500,True,True,0,0
0,951600,True,True,0,0
0,951700,True,True,0,0
0,951800,True,True,0,0
0,951900,True,True,0,0
0,952000,True,True,0,0
0,952100,True,True,0,0
0,952200,True,True,0,0
0,952300,True,True,0,0
0,952400,True,True,0,0
0,952500,True,True,0,0
0,952600,True,True,0,0
0,952700,True,True,0,0
0,952800,True,True,0,0
0,952900,True,True,0,0
0,953000,True,True,0,0
0,953100,True,True,0,0
0,953200,True,True,0,0
0,953300,True,True,0,0
0,953400,True,True,0,0
0,953500,True,True,0,0
0,953600,True,True,0,0
0,953700,True,True,0,0
0,953800,True,True,0,0
0,953900,True,True,0,0
0,954000,True,True,0,0
0,954100,True,True,0,0
0,954200,True,True,0,0
0,954300,True,True,0,0
0,954400,True,True,0,0
0,954500,True,True,0,0
0,954600,True,True,0,0
0,954700,True,True,0,0
0,954800,True,True,0,0
0,954900,True,True,0,0
0,955000,True,True,0,0
0,955100,True,True,0,0
0,955200,True,True,0,0
0,955300,True,True,0,0
0,955400,True,True,0,0
0,955500,True,True,0,0
0,955600,True,True,0,0
0,955700,True,True,0,0
0,955800,True,True,0,0
0,955900,True,True,0,0
0,956000,True,True,0,0
0,956100,True,True,0,0
0,956200,True,True,0,0
0,956300,True,True,0,0
0,956400,True,True,0,0
0,956500,True,True,0,0
0,956600,True,True,0,0
0,956700,True,True,0,0
0,956800,True,True,0,0
0,956900,True,True,0,0
0,957000,True,True,0,0
0,957100,True,True,0,0
0,957200,True,True,0,0
0,957300,True,True,0,0
0,957400,True,True,0,0
0,957500,True,True,0,0
0,957600,True,True,0,0
0,957700,True,True,0,0
0,957800,True,True,0,0
0,957900,True,True,0,0
0,958000,True,True,0,0
0,958100,True,True,0,0
0,958200,True,True,0,0
0,958300,True,True,0,0
0,958400,True,True,0,0
0,958500,True,True,0,0
0,958600,True,True,0,0
0,958700,True,True,0,0
0,958800,True,True,0,0
0,958900,True,True,0,0
0,959000,True,True,0,0
0,959100,True,True,0,0
0,959200,True,True,0,0
0,959300,True,True,0,0
0,959400,True,True,0,0
0,959500,True,True,0,0
0,959600,True,True,0,0
0,959700,True,True,0,0
0,959800,True,True,0,0
0,959900,True,True,0,0
0,960000,True,True,0,0
0,960100,True,True,0,0
0,960200,True,True,0,0
0,960300,True,True,0,0
0,960400,True,True,0,0
0,960500,True,True,0,0
0,960600,True,True,0,0
0,960700,True,True,0,0
0,960800,True,True,0,0
0,960900,True,True,0,0
0,961000,True,True,0,0
0,961100,True,True,0,0
0,961200,True,True,0,0
0,961300,True,True,0,0
0,961400,True,True,0,0
0,961500,True,True,0,0
0,961600,True,True,0,0
0,961700,True,True,0,0
0,961800,True,True,0,0
0,961900,True,True,0,0
0,962000,True,True,0,0
0,962100,True,True,0,0
0,962200,True,True,0,0
0,962300,True,True,0,0
0,962400,True,True,0,0
0,962500,True,True,0,0
0,962600,True,True,0,0
0,962700,True,True,0,0
0,962800,True,True,0,0
0,962900,True,True,0,0
0,963000,True,True,0,0
0,963100,True,True,0,0
0,963200,True,True,0,0
0,963300,True,True,0,0
0,963400,True,True,0,0
0,963500,True,True,0,0
0,963600,True,True,0,0
0,963700,True,True,0,0
0,963800,True,True,0,0
0,963900,True,True,0,0
0,964000,True,True,0,0
0,964100,True,True,0,0
0,964200,True,True,0,0
0,964300,True,True,0,0
0,964400,True,True,0,0
0,964500,True,True,0,0
0,964600,True,True,0,0
0,964700,True,True,0,0
0,964800,True,True,0,0
0,964900,True,True,0,0
0,965000,True,True,0,0
0,965100,True,True,0,0
0,965200,True,True,0,0
0,965300,True,True,0,0
0,965400,True,True,0,0
0,965500,True,True,0,0
0,965600,True,True,0,0
0,965700,True,True,0,0
0,965800,True,True,0,0
0,965900,True,True,0,0
0,966000,True,True,0,0
0,966100,True,True,0,0
0,966200,True,True,0,0
0,966300,True,True,0,0
0,966400,True,True,0,0
0,966500,True,True,0,0
0,966600,True,True,0,0
0,966700,True,True,0,0
0,966800,True,True,0,0
0,966900,True,True,0,0
0,967000,True,True,0,0
0,967100,True,True,0,0
0,967200,True,True,0,0
0,967300,True,True,0,0
0,967400,True,True,0,0
0,967500,True,True,0,0
0,967600,True,True,0,0
0,967700,True,True,0,0
0,967800,True,True,0,0
0,967900,True,True,0,0
0,968000,True,True,0,0
0,968100,True,True,0,0
0,968200,True,True,0,0
0,968300,True,True,0,0
0,968400,True,True,0,0
0,968500,True,True,0,0
0,968600,True,True,0,0
0,968700,True,True,0,0
0,968800,True,True,0,0
0,968900,True,True,0,0
0,969000,True,True,0,0
0,969100,True,True,0,0
0,969200,True,True,0,0
0,969300,True,True,0,0
0,969400,True,True,0,0
0,969500,True,True,0,0
0,969600,True,True,0,0
0,969700,True,True,0,0
0,969800,True,True,0,0
0,969900,True,True,0,0
0,970000,True,True,0,0
0,970100,True,True,0,0
0,970200,True,True,0,0
0,970300,True,True,0,0
0,970400,True,True,0,0
0,970500,True,True,0,0
0,970600,True,True,0,0
0,970700,True,True,0,0
0,970800,True,True,0,0
0,970900,True,True,0,0
0,971000,True,True,0,0
0,971100,True,True,0,0
0,971200,True,True,0,0
0,971300,True,True,0,0
0,971400,True,True,0,0
0,971500,True,True,0,0
0,971600,True,True,0,0
0,971700,True,True,0,0
0,971800,True,True,0,0
0,971900,True,True,0,0
0,972000,True,True,0,0
0,972100,True,True,0,0
0,972200,True,True,0,0
0,972300,True,True,0,0
0,972400,True,True,0,0
0,972500,True,True,0,0
0,972600,True,True,0,0
0,972700,True,True,0,0
0,972800,True,True,0,0
0,972900,True,True,0,0
0,973000,True,True,0,0
0,973100,True,True,0,0
0,973200,True,True,0,0
0,973300,True,True,0,0
0,973400,True,True,0,0
0,973500,True,True,0,0
0,973600,True,True,0,0
0,973700,True,True,0,0
0,973800,True,True,0,0
0,973900,True,True,0,0
0,974000,True,True,0,0
0,974100,True,True,0,0
0,974200,True,True,0,0
0,974300,True,True,0,0
0,974400,True,True,0,0
0,974500,True,True,0,0
0,974600,True,True,0,0
0,974700,True,True,0,0
0,974800,True,True,0,0
0,974900,True,True,0,0
0,975000,True,True,0,0
0,975100,True,True,0,0
0,975200,True,True,0,0
0,975300,True,True,0,0
0,975400,True,True,0,0
0,975500,True,True,0,0
0,975600,True,True,0,0
0,975700,True,True,0,0
0,975800,True,True,0,0
0,975900,True,True,0,0
0,976000,True,True,0,0
0,976100,True,True,0,0
0,976200,True,True,0,0
0,976300,True,True,0,0
0,976400,True,True,0,0
0,976500,True,True,0,0
0,976600,True,True,0,0
0,976700,True,True,0,0
0,976800,True,True,0,0
0,976900,True,True,0,0
0,977000,True,True,0,0
0,977100,True,True,0,0
0,977200,True,True,0,0
0,977300,True,True,0,0
0,977400,True,True,0,0
0,977500,True,True,0,0
0,977600,True,True,0,0
0,977700,True,True,0,0
0,977800,True,True,0,0
0,977900,True,True,0,0
0,978000,True,True,0,0
0,978100,True,True,0,0
0,978200,True,True,0,0
0,978300,True,True,0,0
0,978400,True,True,0,0
0,978500,True,True,0,0
0,978600,True,True,0,0
0,978700,True,True,0,0
0,978800,True,True,0,0
0,978900,True,True,0,0
0,979000,True,True,0,0
0,979100,True,True,0,0
0,979200,True,True,0,0
0,979300,True,True,0,0
0,979400,True,True,0,0
0,979500,True,True,0,0
0,979600,True,True,0,0
0,979700,True,True,0,0
0,979800,True,True,0,0
0,979900,True,True,0,0
0,980000,True,True,0,0
0,980100,True,True,0,0
0,980200,True,True,0,0
0,980300,True,True,0,0
0,980400,True,True,0,0
0,980500,True,True,0,0
0,980600,True,True,0,0
0,980700,True,True,0,0
0,980800,True,True,0,0
0,980900,True,True,0,0
0,981000,True,True,0,0
0,981100,True,True,0,0
0,981200,True,True,0,0
0,981300,True,True,0,0
0,981400,True,True,0,0
0,981500,True,True,0,0
0,981600,True,True,0,0
0,981700,True,True,0,0
0,981800,True,True,0,0
0,981900,True,True,0,0
0,982000,True,True,0,0
0,982100,True,True,0,0
0,982200,True,True,0,0
0,982300,True,True,0,0
0,982400,True,True,0,0
0,982500,True,True,0,0
0,982600,True,True,0,0
0,982700,True,True,0,0
0,982800,True,True,0,0
0,982900,True,True,0,0
0,983000,True,True,0,0
0,983100,True,True,0,0
0,983200,True,True,0,0
0,983300,True,True,0,0
0,983400,True,True,0,0
0,983500,True,True,0,0
0,983600,True,True,0,0
0,983700,True,True,0,0
0,983800,True,True,0,0
0,983900,True,True,0,0
0,984000,True,True,0,0
0,984100,True,True,0,0
0,984200,True,True,0,0
0,984300,True,True,0,0
0,984400,True,True,0,0
0,984500,True,True,0,0
0,984600,True,True,0,0
0,984700,True,True,0,0
0,984800,True,True,0,0
0,984900,True,True,0,0
0,985000,True,True,0,0
0,985100,True,True,0,0
0,985200,True,True,0,0
0,985300,True,True,0,0
0,985400,True,True,0,0
0,985500,True,True,0,0
0,985600,True,True,0,0
0,985700,True,True,0,0
0,985800,True,True,0,0
0,985900,True,True,0,0
0,986000,True,True,0,0
0,986100,True,True,0,0
0,986200,True,True,0,0
0,986300,True,True,0,0
0,986400,True,True,0,0
0,986500,True,True,0,0
0,986600,True,True,0,0
0,986700,True,True,0,0
0,986800,True,True,0,0
0,986900,True,True,0,0
0,987000,True,True,0,0
0,987100,True,True,0,0
0,987200,True,True,0,0
0,987300,True,True,0,0
0,987400,True,True,0,0
0,987500,True,True,0,0
0,987600,True,True,0,0
0,987700,True,True,0,0
0,987800,True,True,0,0
0,987900,True,True,0,0
0,988000,True,True,0,0
0,988100,True,True,0,0
0,988200,True,True,0,0
0,988300,True,True,0,0
0,988400,True,True,0,0
0,988500,True,True,0,0
0,988600,True,True,0,0
0,988700,True,True,0,0
0,988800,True,True,0,0
0,988900,True,True,0,0
0,989000,True,True,0,0
0,989100,True,True,0,0
0,989200,True,True,0,0
0,989300,True,True,0,0
0,989400,True,True,0,0
0,989500,True,True,0,0
0,989600,True,True,0,0
0,989700,True,True,0,0
0,989800,True,True,0,0
0,989900,True,True,0,0
0,990000,True,True,0,0
0,990100,True,True,0,0
0,990200,True,True,0,0
0,990300,True,True,0,0
0,990400,True,True,0,0
0,990500,True,True,0,0
0,990600,True,True,0,0
0,990700,True,True,0,0
0,990800,True,True,0,0
0,990900,True,True,0,0
0,991000,True,True,0,0
0,991100,True,True,0,0
0,991200,True,True,0,0
0,991300,True,True,0,0
0,991400,True,True,0,0
0,991500,True,True,0,0
0,991600,True,True,0,0
0,991700,True,True,0,0
0,991800,True,True,0,0
0,991900,True,True,0,0
0,992000,True,True,0,0
0,992100,True,True,0,0
0,992200,True,True,0,0
0,992300,True,True,0,0
0,992400,True,True,0,0
0,992500,True,True,0,0
0,992600,True,True,0,0
0,992700,True,True,0,0
0,992800,True,True,0,0
0,992900,True,True,0,0
0,993000,True,True,0,0
0,993100,True,True,0,0
0,993200,True,True,0,0
0,993300,True,True,0,0
0,993400,True,True,0,0
0,993500,True,True,0,0
0,993600,True,True,0,0
0,993700,True,True,0,0
0,993800,True,True,0,0
0,993900,True,True,0,0
0,994000,True,True,0,0
0,994100,True,True,0,0
0,994200,True,True,0,0
0,994300,True,True,0,0
0,994400,True,True,0,0
0,994500,True,True,0,0
0,994600,True,True,0,0
0,994700,True,True,0,0
0,994800,True,True,0,0
0,994900,True,True,0,0
0,995000,True,True,0,0
0,995100,True,True,0,0
0,995200,True,True,0,0
0,995300,True,True,0,0
0,995400,True,True,0,0
0,995500,True,True,0,0
0,995600,True,True,0,0
0,995700,True,True,0,0
0,995800,True,True,0,0
0,995900,True,True,0,0
0,996000,True,True,0,0
0,996100,True,True,0,0
0,996200,True,True,0,0
0,996300,True,True,0,0
0,996400,True,True,0,0
0,996500,True,True,0,0
0,996600,True,True,0,0
0,996700,True,True,0,0
0,996800,True,True,0,0
0,996900,True,True,0,0
0,997000,True,True,0,0
0,997100,True,True,0,0
0,997200,True,True,0,0
0,997300,True,True,0,0
0,997400,True,True,0,0
0,997500,True,True,0,0
0,997600,True,True,0,0
0,997700,True,True,0,0
0,997800,True,True,0,0
0,997900,True,True,0,0
0,998000,True,True,0,0
0,998100,True,True,0,0
0,998200,True,True,0,0
0,998300,True,True,0,0
0,998400,True,True,0,0
0,998500,True,True,0,0
0,998600,True,True,0,0
0,998700,True,True,0,0
0,998800,True,True,0,0
0,998900,True,True,0,0
0,999000,True,True,0,0
0,999100,True,True,0,0
0,999200,True,True,0,0
0,999300,True,True,0,0
0,999400,True,True,0,0
0,999500,True,True,0,0
0,999600,True,True,0,0
0,999700,True,True,0,0
0,999800,True,True,0,0
0,999900,True,True,0,0
1,0,True,True,0,0
1,100,True,True,0,0
1,200,True,True,0,0
1,300,True,True,0,0
1,400,True,True,0,0
1,500,True,True,0,0
1,600,True,True,0,0
1,700,True,True,0,0
1,800,True,True,0,0
1,900,True,True,0,0
1,1000,True,True,0,0
1,1100,True,True,0,0
1,1200,True,True,0,0
1,1300,True,True,0,0
1,1400,True,True,0,0
1,1500,True,True,0,0
1,1600,True,True,0,0
1,1700,True,True,0,0
1,1800,True,True,0,0
1,1900,True,True,0,0
1,2000,True,True,0,0
1,2100,True,True,0,0
1,2200,True,True,0,0
1,2300,True,True,0,0
1,2400,True,True,0,0
1,2500,True,True,0,0
1,2600,True,True,0,0
1,2700,True,True,0,0
1,2800,True,True,0,0
1,2900,True,True,0,0
1,3000,True,True,0,0
1,3100,True,True,0,0
1,3200,True,True,0,0
1,3300,True,True,0,0
1,3400,True,True,0,0
1,3500,True,True,0,0
1,3600,True,True,0,0
1,3700,True,True,0,0
1,3800,True,True,0,0
1,3900,True,True,0,0
1,4000,True,True,0,0
1,4100,True,True,0,0
1,4200,True,True,0,0
1,4300,True,True,0,0
1,4400,True,True,0,0
1,4500,True,True,0,0
1,4600,True,True,0,0
1,4700,True,True,0,0
1,4800,True,True,0,0
1,4900,True,True,0,0
1,5000,True,True,0,0
1,5100,True,True,0,0
1,5200,True,True,0,0
1,5300,True,True,0,0
1,5400,True,True,0,0
1,5500,True,True,0,0
1,5600,True,True,0,0
1,5700,True,True,0,0
1,5800,True,True,0,0
1,5900,True,True,0,0
1,6000,True,True,0,0
1,6100,True,True,0,0
1,6200,True,True,0,0
1,6300,True,True,0,0
1,6400,True,True,0,0
1,6500,True,True,0,0
1,6600,True,True,0,0
1,6700,True,True,0,0
1,6800,True,True,0,0
1,6900,True,True,0,0
1,7000,True,True,0,0
1,7100,True,True,0,0
1,7200,True,True,0,0
1,7300,True,True,0,0
1,7400,True,True,0,0
1,7500,True,True,0,0
1,7600,True,True,0,0
1,7700,True,True,0,0
1,7800,True,True,0,0
1,7900,True,True,0,0
1,8000,True,True,0,0
1,8100,True,True,0,0
1,8200,True,True,0,0
1,8300,True,True,0,0
1,8400,True,True,0,0
1,8500,True,True,0,0
1,8600,True,True,0,0
1,8700,True,True,0,0
1,8800,True,True,0,0
1,8900,True,True,0,0
1,9000,True,True,0,0
1,9100,True,True,0,0
1,9200,True,True,0,0
1,9300,True,True,0,0
1,9400,True,True,0,0
1,9500,True,True,0,0
1,9600,True,True,0,0
1,9700,True,True,0,0
1,9800,True,True,0,0
1,9900,True,True,0,0
1,10000,True,True,0,0
1,10100,True,True,0,0
1,10200,True,True,0,0
1,10300,True,True,0,0
1,10400,True,True,0,0
1,10500,True,True,0,0
1,10600,True,True,0,0
1,10700,True,True,0,0
1,10800,True,True,0,0
1,10900,True,True,0,0
1,11000,True,True,0,0
1,11100,True,True,0,0
1,11200,True,True,0,0
1,11300,True,True,0,0
1,11400,True,True,0,0
1,11500,True,True,0,0
1,11600,True,True,0,0
1,11700,True,True,0,0
1,11800,True,True,0,0
1,11900,True,True,0,0
1,12000,True,True,0,0
1,12100,True,True,0,0
1,12200,True,True,0,0
1,12300,True,True,0,0
1,12400,True,True,0,0
1,12500,True,True,0,0
1,12600,True,True,0,0
1,12700,True,True,0,0
1,12800,True,True,0,0
1,12900,True,True,0,0
1,13000,True,True,0,0
1,13100,True,True,0,0
1,13200,True,True,0,0
1,13300,True,True,0,0
1,13400,True,True,0,0
1,13500,True,True,0,0
1,13600,True,True,0,0
1,13700,True,True,0,0
1,13800,True,True,0,0
1,13900,True,True,0,0
1,14000,True,True,0,0
1,14100,True,True,0,0
1,14200,True,True,0,0
1,14300,True,True,0,0
1,14400,True,True,0,0
1,14500,True,True,0,0
1,14600,True,True,0,0
1,14700,True,True,0,0
1,14800,True,True,0,0
1,14900,True,True,0,0
1,15000,True,True,0,0
1,15100,True,True,0,0
1,15200,True,True,0,0
1,15300,True,True,0,0
1,15400,True,True,0,0
1,15500,True,True,0,0
1,15600,True,True,0,0
1,15700,True,True,0,0
1,15800,True,True,0,0
1,15900,True,True,0,0
1,16000,True,True,0,0
1,16100,True,True,0,0
1,16200,True,True,0,0
1,16300,True,True,0,0
1,16400,True,True,0,0
1,16500,True,True,0,0
1,16600,True,True,0,0
1,16700,True,True,0,0
1,16800,True,True,0,0
1,16900,True,True,0,0
1,17000,True,True,0,0
1,17100,True,True,0,0
1,17200,True,True,0,0
1,17300,True,True,0,0
1,17400,True,True,0,0
1,17500,True,True,0,0
1,17600,True,True,0,0
1,17700,True,True,0,0
1,17800,True,True,0,0
1,17900,True,True,0,0
1,18000,True,True,0,0
1,18100,True,True,0,0
1,18200,True,True,0,0
1,18300,True,True,0,0
1,18400,True,True,0,0
1,18500,True,True,0,0
1,18600,True,True,0,0
1,18700,True,True,0,0
1,18800,True,True,0,0
1,18900,True,True,0,0
1,19000,True,True,0,0
1,19100,True,True,0,0
1,19200,True,True,0,0
1,19300,True,True,0,0
1,19400,True,True,0,0
1,19500,True,True,0,0
1,19600,True,True,0,0
1,19700,True,True,0,0
1,19800,True,True,0,0
1,19900,True,True,0,0
1,20000,True,True,0,0
1,20100,True,True,0,0
1,20200,True,True,0,0
1,20300,True,True,0,0
1,20400,True,True,0,0
1,20500,True,True,0,0
1,20600,True,True,0,0
1,20700,True,True,0,0
1,20800,True,True,0,0
1,20900,True,True,0,0
1,21000,True,True,0,0
1,21100,True,True,0,0
1,21200,True,True,0,0
1,21300,True,True,0,0
1,21400,True,True,0,0
1,21500,True,True,0,0
1,21600,True,True,0,0
1,21700,True,True,0,0
1,21800,True,True,0,0
1,21900,True,True,0,0
1,22000,True,True,0,0
1,22100,True,True,0,0
1,22200,True,True,0,0
1,22300,True,True,0,0
1,22400,True,True,0,0
1,22500,True,True,0,0
1,22600,True,True,0,0
1,22700,True,True,0,0
1,22800,True,True,0,0
1,22900,True,True,0,0
1,23000,True,True,0,0
1,23100,True,True,0,0
1,23200,True,True,0,0
1,23300,True,True,0,0
1,23400,True,True,0,0
1,23500,True,True,0,0
1,23600,True,True,0,0
1,23700,True,True,0,0
1,23800,True,True,0,0
1,23900,True,True,0,0
1,24000,True,True,0,0
1,24100,True,True,0,0
1,24200,True,True,0,0
1,24300,True,True,0,0
1,24400,True,True,0,0
1,24500,True,True,0,0
1,24600,True,True,0,0
1,24700,True,True,0,0
1,24800,True,True,0,0
1,24900,True,True,0,0
1,25000,True,True,0,0
1,25100,True,True,0,0
1,25200,True,True,0,0
1,25300,True,True,0,0
1,25400,True,True,0,0
1,25500,True,True,0,0
1,25600,True,True,0,0
1,25700,True,True,0,0
1,25800,True,True,0,0
1,25900,True,True,0,0
1,26000,True,True,0,0
1,26100,True,True,0,0
1,26200,True,True,0,0
1,26300,True,True,0,0
1,26400,True,True,0,0
1,26500,True,True,0,0
1,26600,True,True,0,0
1,26700,True,True,0,0
1,26800,True,True,0,0
1,26900,True,True,0,0
1,27000,True,True,0,0
1,27100,True,True,0,0
1,27200,True,True,0,0
1,27300,True,True,0,0
1,27400,True,True,0,0
1,27500,True,True,0,0
1,27600,True,True,0,0
1,27700,True,True,0,0
1,27800,True,True,0,0
1,27900,True,True,0,0
1,28000,True,True,0,0
1,28100,True,True,0,0
1,28200,True,True,0,0
1,28300,True,True,0,0
1,28400,True,True,0,0
1,28500,True,True,0,0
1,28600,True,True,0,0
1,28700,True,True,0,0
1,28800,True,True,0,0
1,28900,True,True,0,0
1,29000,True,True,0,0
1,29100,True,True,0,0
1,29200,True,True,0,0
1,29300,True,True,0,0
1,29400,True,True,0,0
1,29500,True,True,0,0
1,29600,True,True,0,0
1,29700,True,True,0,0
1,29800,True,True,0,0
1,29900,True,True,0,0
1,30000,True,True,0,0
1,30100,True,True,0,0
1,30200,True,True,0,0
1,30300,True,True,0,0
1,30400,True,True,0,0
1,30500,True,True,0,0
1,30600,True,True,0,0
1,30700,True,True,0,0
1,30800,True,True,0,0
1,30900,True,True,0,0
1,31000,True,True,0,0
1,31100,True,True,0,0
1,31200,True,True,0,0
1,31300,True,True,0,0
1,31400,True,True,0,0
1,31500,True,True,0,0
1,31600,True,True,0,0
1,31700,True,True,0,0
1,31800,True,True,0,0
1,31900,True,True,0,0
1,32000,True,True,0,0
1,32100,True,True,0,0
1,32200,True,True,0,0
1,32300,True,True,0,0
1,32400,True,True,0,0
1,32500,True,True,0,0
1,32600,True,True,0,0
1,32700,True,True,0,0
1,32800,True,True,0,0
1,32900,True,True,0,0
1,33000,True,True,0,0
1,33100,True,True,0,0
1,33200,True,True,0,0
1,33300,True,True,0,0
1,33400,True,True,0,0
1,33500,True,True,0,0
1,33600,True,True,0,0
1,33700,True,True,0,0
1,33800,True,True,0,0
1,33900,True,True,0,0
1,34000,True,True,0,0
1,34100,True,True,0,0
1,34200,True,True,0,0
1,34300,True,True,0,0
1,34400,True,True,0,0
1,34500,True,True,0,0
1,34600,True,True,0,0
1,34700,True,True,0,0
1,34800,True,True,0,0
1,34900,True,True,0,0
1,35000,True,True,0,0
1,35100,True,True,0,0
1,35200,True,True,0,0
1,35300,True,True,0,0
1,35400,True,True,0,0
1,35500,True,True,0,0
1,35600,True,True,0,0
1,35700,True,True,0,0
1,35800,True,True,0,0
1,35900,True,True,0,0
1,36000,True,True,0,0
1,36100,True,True,0,0
1,36200,True,True,0,0
1,36300,True,True,0,0
1,36400,True,True,0,0
1,36500,True,True,0,0
1,36600,True,True,0,0
1,36700,True,True,0,0
1,36800,True,True,0,0
1,36900,True,True,0,0
1,37000,True,True,0,0
1,37100,True,True,0,0
1,37200,True,True,0,0
1,37300,True,True,0,0
1,37400,True,True,0,0
1,37500,True,True,0,0
1,37600,True,True,0,0
1,37700,True,True,0,0
1,37800,True,True,0,0
1,37900,True,True,0,0
1,38000,True,True,0,0
1,38100,True,True,0,0
1,38200,True,True,0,0
1,38300,True,True,0,0
1,38400,True,True,0,0
1,38500,True,True,0,0
1,38600,True,True,0,0
1,38700,True,True,0,0
1,38800,True,True,0,0
1,38900,True,True,0,0
1,39000,True,True,0,0
1,39100,True,True,0,0
1,39200,True,True,0,0
1,39300,True,True,0,0
1,39400,True,True,0,0
1,39500,True,True,0,0
1,39600,True,True,0,0
1,39700,True,True,0,0
1,39800,True,True,0,0
1,39900,True,True,0,0
1,40000,True,True,0,0
1,40100,True,True,0,0
1,40200,True,True,0,0
1,40300,True,True,0,0
1,40400,True,True,0,0
1,40500,True,True,0,0
1,40600,True,True,0,0
1,40700,True,True,0,0
1,40800,True,True,0,0
1,40900,True,True,0,0
1,41000,True,True,0,0
1,41100,True,True,0,0
1,41200,True,True,0,0
1,41300,True,True,0,0
1,41400,True,True,0,0
1,41500,True,True,0,0
1,41600,True,True,0,0
1,41700,True,True,0,0
1,41800,True,True,0,0
1,41900,True,True,0,0
1,42000,True,True,0,0
1,42100,True,True,0,0
1,42200,True,True,0,0
1,42300,True,True,0,0
1,42400,True,True,0,0
1,42500,True,True,0,0
1,42600,True,True,0,0
1,42700,True,True,0,0
1,42800,True,True,0,0
1,42900,True,True,0,0
1,43000,True,True,0,0
1,43100,True,True,0,0
1,43200,True,True,0,0
1,43300,True,True,0,0
1,43400,True,True,0,0
1,43500,True,True,0,0
1,43600,True,True,0,0
1,43700,True,True,0,0
1,43800,True,True,0,0
1,43900,True,True,0,0
1,44000,True,True,0,0
1,44100,True,True,0,0
1,44200,True,True,0,0
1,44300,True,True,0,0
1,44400,True,True,0,0
1,44500,True,True,0,0
1,44600,True,True,0,0
1,44700,True,True,0,0
1,44800,True,True,0,0
1,44900,True,True,0,0
1,45000,True,True,0,0
1,45100,True,True,0,0
1,45200,True,True,0,0
1,45300,True,True,0,0
1,45400,True,True,0,0
1,45500,True,True,0,0
1,45600,True,True,0,0
1,45700,True,True,0,0
1,45800,True,True,0,0
1,45900,True,True,0,0
1,46000,True,True,0,0
1,46100,True,True,0,0
1,46200,True,True,0,0
1,46300,True,True,0,0
1,46400,True,True,0,0
1,46500,True,True,0,0
1,46600,True,True,0,0
1,46700,True,True,0,0
1,46800,True,True,0,0
1,46900,True,True,0,0
1,47000,True,True,0,0
1,47100,True,True,0,0
1,47200,True,True,0,0
1,47300,True,True,0,0
1,47400,True,True,0,0
1,47500,True,True,0,0
1,47600,True,True,0,0
1,47700,True,True,0,0
1,47800,True,True,0,0
1,47900,True,True,0,0
1,48000,True,True,0,0
1,48100,True,True,0,0
1,48200,True,True,0,0
1,48300,True,True,0,0
1,48400,True,True,0,0
1,48500,True,True,0,0
1,48600,True,True,0,0
1,48700,True,True,0,0
1,48800,True,True,0,0
1,48900,True,True,0,0
1,49000,True,True,0,0
1,49100,True,True,0,0
1,49200,True,True,0,0
1,49300,True,True,0,0
1,49400,True,True,0,0
1,49500,True,True,0,0
1,49600,True,True,0,0
1,49700,True,True,0,0
1,49800,True,True,0,0
1,49900,True,True,0,0
1,50000,True,True,0,0
1,50100,True,True,0,0
1,50200,True,True,0,0
1,50300,True,True,0,0
1,50400,True,True,0,0
1,50500,True,True,0,0
1,50600,True,True,0,0
1,50700,True,True,0,0
1,50800,True,True,0,0
1,50900,True,True,0,0
1,51000,True,True,0,0
1,51100,True,True,0,0
1,51200,True,True,0,0
1,51300,True,True,0,0
1,51400,True,True,0,0
1,51500,True,True,0,0
1,51600,True,True,0,0
1,51700,True,True,0,0
1,51800,True,True,0,0
1,51900,True,True,0,0
1,52000,True,True,0,0
1,52100,True,True,0,0
1,52200,True,True,0,0
1,52300,True,True,0,0
1,52400,True,True,0,0
1,52500,True,True,0,0
1,52600,True,True,0,0
1,52700,True,True,0,0
1,52800,True,True,0,0
1,52900,True,True,0,0
1,53000,True,True,0,0
1,53100,True,True,0,0
1,53200,True,True,0,0
1,53300,True,True,0,0
1,53400,True,True,0,0
1,53500,True,True,0,0
1,53600,True,True,0,0
1,53700,True,True,0,0
1,53800,True,True,0,0
1,53900,True,True,0,0
1,54000,True,True,0,0
1,54100,True,True,0,0
1,54200,True,True,0,0
1,54300,True,True,0,0
1,54400,True,True,0,0
1,54500,True,True,0,0
1,54600,True,True,0,0
1,54700,True,True,0,0
1,54800,True,True,0,0
1,54900,True,True,0,0
1,55000,True,True,0,0
1,55100,True,True,0,0
1,55200,True,True,0,0
1,55300,True,True,0,0
1,55400,True,True,0,0
1,55500,True,True,0,0
1,55600,True,True,0,0
1,55700,True,True,0,0
1,55800,True,True,0,0
1,55900,True,True,0,0
1,56000,True,True,0,0
1,56100,True,True,0,0
1,56200,True,True,0,0
1,56300,True,True,0,0
1,56400,True,True,0,0
1,56500,True,True,0,0
1,56600,True,True,0,0
1,56700,True,True,0,0
1,56800,True,True,0,0
1,56900,True,True,0,0
1,57000,True,True,0,0
1,57100,True,True,0,0
1,57200,True,True,0,0
1,57300,True,True,0,0
1,57400,True,True,0,0
1,57500,True,True,0,0
1,57600,True,True,0,0
1,57700,True,True,0,0
1,57800,True,True,0,0
1,57900,True,True,0,0
1,58000,True,True,0,0
1,58100,True,True,0,0
1,58200,True,True,0,0
1,58300,True,True,0,0
1,58400,True,True,0,0
1,58500,True,True,0,0
1,58600,True,True,0,0
1,58700,True,True,0,0
1,58800,True,True,0,0
1,58900,True,True,0,0
1,59000,True,True,0,0
1,59100,True,True,0,0
1,59200,True,True,0,0
1,59300,True,True,0,0
1,59400,True,True,0,0
1,59500,True,True,0,0
1,59600,True,True,0,0
1,59700,True,True,0,0
1,59800,True,True,0,0
1,59900,True,True,0,0
1,60000,True,True,0,0
1,60100,True,True,0,0
1,60200,True,True,0,0
1,60300,True,True,0,0
1,60400,True,True,0,0
1,60500,True,True,0,0
1,60600,True,True,0,0
1,60700,True,True,0,0
1,60800,True,True,0,0
1,60900,True,True,0,0
1,61000,True,True,0,0
1,61100,True,True,0,0
1,61200,True,True,0,0
1,61300,True,True,0,0
1,61400,True,True,0,0
1,61500,True,True,0,0
1,61600,True,True,0,0
1,61700,True,True,0,0
1,61800,True,True,0,0
1,61900,True,True,0,0
1,62000,True,True,0,0
1,62100,True,True,0,0
1,62200,True,True,0,0
1,62300,True,True,0,0
1,62400,True,True,0,0
1,62500,True,True,0,0
1,62600,True,True,0,0
1,62700,True,True,0,0
1,62800,True,True,0,0
1,62900,True,True,0,0
1,63000,True,True,0,0
1,63100,True,True,0,0
1,63200,True,True,0,0
1,63300,True,True,0,0
1,63400,True,True,0,0
1,63500,True,True,0,0
1,63600,True,True,0,0
1,63700,True,True,0,0
1,63800,True,True,0,0
1,63900,True,True,0,0
1,64000,True,True,0,0
1,64100,True,True,0,0
1,64200,True,True,0,0
1,64300,True,True,0,0
1,64400,True,True,0,0
1,64500,True,True,0,0
1,64600,True,True,0,0
1,64700,True,True,0,0
1,64800,True,True,0,0
1,64900,True,True,0,0
1,65000,True,True,0,0
1,65100,True,True,0,0
1,65200,True,True,0,0
1,65300,True,True,0,0
1,65400,True,True,0,0
1,65500,True,True,0,0
1,65600,True,True,0,0
1,65700,True,True,0,0
1,65800,True,True,0,0
1,65900,True,True,0,0
1,66000,True,True,0,0
1,66100,True,True,0,0
1,66200,True,True,0,0
1,66300,True,True,0,0
1,66400,True,True,0,0
1,66500,True,True,0,0
1,66600,True,True,0,0
1,66700,True,True,0,0
1,66800,True,True,0,0
1,66900,True,True,0,0
1,67000,True,True,0,0
1,67100,True,True,0,0
1,67200,True,True,0,0
1,67300,True,True,0,0
1,67400,True,True,0,0
1,67500,True,True,0,0
1,67600,True,True,0,0
1,67700,True,True,0,0
1,67800,True,True,0,0
1,67900,True,True,0,0
1,68000,True,True,0,0
1,68100,True,True,0,0
1,68200,True,True,0,0
1,68300,True,True,0,0
1,68400,True,True,0,0
1,68500,True,True,0,0
1,68600,True,True,0,0
1,68700,True,True,0,0
1,68800,True,True,0,0
1,68900,True,True,0,0
1,69000,True,True,0,0
1,69100,True,True,0,0
1,69200,True,True,0,0
1,69300,True,True,0,0
1,69400,True,True,0,0
1,69500,True,True,0,0
1,69600,True,True,0,0
1,69700,True,True,0,0
1,69800,True,True,0,0
1,69900,True,True,0,0
1,70000,True,True,0,0
1,70100,True,True,0,0
1,70200,True,True,0,0
1,70300,True,True,0,0
1,70400,True,True,0,0
1,70500,True,True,0,0
1,70600,True,True,0,0
1,70700,True,True,0,0
1,70800,True,True,0,0
1,70900,True,True,0,0
1,71000,True,True,0,0
1,71100,True,True,0,0
1,71200,True,True,0,0
1,71300,True,True,0,0
1,71400,True,True,0,0
1,71500,True,True,0,0
1,71600,True,True,0,0
1,71700,True,True,0,0
1,71800,True,True,0,0
1,71900,True,True,0,0
1,72000,True,True,0,0
1,72100,True,True,0,0
1,72200,True,True,0,0
1,72300,True,True,0,0
1,72400,True,True,0,0
1,72500,True,True,0,0
1,72600,True,True,0,0
1,72700,True,True,0,0
1,72800,True,True,0,0
1,72900,True,True,0,0
1,73000,True,True,0,0
1,73100,True,True,0,0
1,73200,True,True,0,0
1,73300,True,True,0,0
1,73400,True,True,0,0
1,73500,True,True,0,0
1,73600,True,True,0,0
1,73700,True,True,0,0
1,73800,True,True,0,0
1,73900,True,True,0,0
1,74000,True,True,0,0
1,74100,True,True,0,0
1,74200,True,True,0,0
1,74300,True,True,0,0
1,74400,True,True,0,0
1,74500,True,True,0,0
1,74600,True,True,0,0
1,74700,True,True,0,0
1,74800,True,True,0,0
1,74900,True,True,0,0
1,75000,True,True,0,0
1,75100,True,True,0,0
1,75200,True,True,0,0
1,75300,True,True,0,0
1,75400,True,True,0,0
1,75500,True,True,0,0
1,75600,True,True,0,0
1,75700,True,True,0,0
1,75800,True,True,0,0
1,75900,True,True,0,0
1,76000,True,True,0,0
1,76100,True,True,0,0
1,76200,True,True,0,0
1,76300,True,True,0,0
1,76400,True,True,0,0
1,76500,True,True,0,0
1,76600,True,True,0,0
1,76700,True,True,0,0
1,76800,True,True,0,0
1,76900,True,True,0,0
1,77000,True,True,0,0
1,77100,True,True,0,0
1,77200,True,True,0,0
1,77300,True,True,0,0
1,77400,True,True,0,0
1,77500,True,True,0,0
1,77600,True,True,0,0
1,77700,True,True,0,0
1,77800,True,True,0,0
1,77900,True,True,0,0
1,78000,True,True,0,0
1,78100,True,True,0,0
1,78200,True,True,0,0
1,78300,True,True,0,0
1,78400,True,True,0,0
1,78500,True,True,0,0
1,78600,True,True,0,0
1,78700,True,True,0,0
1,78800,True,True,0,0
1,78900,True,True,0,0
1,79000,True,True,0,0
1,79100,True,True,0,0
1,79200,True,True,0,0
1,79300,True,True,0,0
1,79400,True,True,0,0
1,79500,True,True,0,0
1,79600,True,True,0,0
1,79700,True,True,0,0
1,79800,True,True,0,0
1,79900,True,True,0,0
1,80000,True,True,0,0
1,80100,True,True,0,0
1,80200,True,True,0,0
1,80300,True,True,0,0
1,80400,True,True,0,0
1,80500,True,True,0,0
1,80600,True,True,0,0
1,80700,True,True,0,0
1,80800,True,True,0,0
1,80900,True,True,0,0
1,81000,True,True,0,0
1,81100,True,True,0,0
1,81200,True,True,0,0
1,81300,True,True,0,0
1,81400,True,True,0,0
1,81500,True,True,0,0
1,81600,True,True,0,0
1,81700,True,True,0,0
1,81800,True,True,0,0
1,81900,True,True,0,0
1,82000,True,True,0,0
1,82100,True,True,0,0
1,82200,True,True,0,0
1,82300,True,True,0,0
1,82400,True,True,0,0
1,82500,True,True,0,0
1,82600,True,True,0,0
1,82700,True,True,0,0
1,82800,True,True,0,0
1,82900,True,True,0,0
1,83000,True,True,0,0
1,83100,True,True,0,0
1,83200,True,True,0,0
1,83300,True,True,0,0
1,83400,True,True,0,0
1,83500,True,True,0,0
1,83600,True,True,0,0
1,83700,True,True,0,0
1,83800,True,True,0,0
1,83900,True,True,0,0
1,84000,True,True,0,0
1,84100,True,True,0,0
1,84200,True,True,0,0
1,84300,True,True,0,0
1,84400,True,True,0,0
1,84500,True,True,0,0
1,84600,True,True,0,0
1,84700,True,True,0,0
1,84800,True,True,0,0
1,84900,True,True,0,0
1,85000,True,True,0,0
1,85100,True,True,0,0
1,85200,True,True,0,0
1,85300,True,True,0,0
1,85400,True,True,0,0
1,85500,True,True,0,0
1,85600,True,True,0,0
1,85700,True,True,0,0
1,85800,True,True,0,0
1,85900,True,True,0,0
1,86000,True,True,0,0
1,86100,True,True,0,0
1,86200,True,True,0,0
1,86300,True,True,0,0
1,86400,True,True,0,0
1,86500,True,True,0,0
1,86600,True,True,0,0
1,86700,True,True,0,0
1,86800,True,True,0,0
1,86900,True,True,0,0
1,87000,True,True,0,0
1,87100,True,True,0,0
1,87200,True,True,0,0
1,87300,True,True,0,0
1,87400,True,True,0,0
1,87500,True,True,0,0
1,87600,True,True,0,0
1,87700,True,True,0,0
1,87800,True,True,0,0
1,87900,True,True,0,0
1,88000,True,True,0,0
1,88100,True,True,0,0
1,88200,True,True,0,0
1,88300,True,True,0,0
1,88400,True,True,0,0
1,88500,True,True,0,0
1,88600,True,True,0,0
1,88700,True,True,0,0
1,88800,True,True,0,0
1,88900,True,True,0,0
1,89000,True,True,0,0
1,89100,True,True,0,0
1,89200,True,True,0,0
1,89300,True,True,0,0
1,89400,True,True,0,0
1,89500,True,True,0,0
1,89600,True,True,0,0
1,89700,True,True,0,0
1,89800,True,True,0,0
1,89900,True,True,0,0
1,90000,True,True,0,0
1,90100,True,True,0,0
1,90200,True,True,0,0
1,90300,True,True,0,0
1,90400,True,True,0,0
1,90500,True,True,0,0
1,90600,True,True,0,0
1,90700,True,True,0,0
1,90800,True,True,0,0
1,90900,True,True,0,0
1,91000,True,True,0,0
1,91100,True,True,0,0
1,91200,True,True,0,0
1,91300,True,True,0,0
1,91400,True,True,0,0
1,91500,True,True,0,0
1,91600,True,True,0,0
1,91700,True,True,0,0
1,91800,True,True,0,0
1,91900,True,True,0,0
1,92000,True,True,0,0
1,92100,True,True,0,0
1,92200,True,True,0,0
1,92300,True,True,0,0
1,92400,True,True,0,0
1,92500,True,True,0,0
1,92600,True,True,0,0
1,92700,True,True,0,0
1,92800,True,True,0,0
1,92900,True,True,0,0
1,93000,True,True,0,0
1,93100,True,True,0,0
1,93200,True,True,0,0
1,93300,True,True,0,0
1,93400,True,True,0,0
1,93500,True,True,0,0
1,93600,True,True,0,0
1,93700,True,True,0,0
1,93800,True,True,0,0
1,93900,True,True,0,0
1,94000,True,True,0,0
1,94100,True,True,0,0
1,94200,True,True,0,0
1,94300,True,True,0,0
1,94400,True,True,0,0
1,94500,True,True,0,0
1,94600,True,True,0,0
1,94700,True,True,0,0
1,94800,True,True,0,0
1,94900,True,True,0,0
1,95000,True,True,0,0
1,95100,True,True,0,0
1,95200,True,True,0,0
1,95300,True,True,0,0
1,95400,True,True,0,0
1,95500,True,True,0,0
1,95600,True,True,0,0
1,95700,True,True,0,0
1,95800,True,True,0,0
1,95900,True,True,0,0
1,96000,True,True,0,0
1,96100,True,True,0,0
1,96200,True,True,0,0
1,96300,True,True,0,0
1,96400,True,True,0,0
1,96500,True,True,0,0
1,96600,True,True,0,0
1,96700,True,True,0,0
1,96800,True,True,0,0
1,96900,True,True,0,0
1,97000,True,True,0,0
1,97100,True,True,0,0
1,97200,True,True,0,0
1,97300,True,True,0,0
1,97400,True,True,0,0
1,97500,True,True,0,0
1,97600,True,True,0,0
1,97700,True,True,0,0
1,97800,True,True,0,0
1,97900,True,True,0,0
1,98000,True,True,0,0
1,98100,True,True,0,0
1,98200,True,True,0,0
1,98300,True,True,0,0
1,98400,True,True,0,0
1,98500,True,True,0,0
1,98600,True,True,0,0
1,98700,True,True,0,0
1,98800,True,True,0,0
1,98900,True,True,0,0
1,99000,True,True,0,0
1,99100,True,True,0,0
1,99200,True,True,0,0
1,99300,True,True,0,0
1,99400,True,True,0,0
1,99500,True,True,0,0
1,99600,True,True,0,0
1,99700,True,True,0,0
1,99800,True,True,0,0
1,99900,True,True,0,0
1,100000,True,True,0,0
1,100100,True,True,0,0
1,100200,True,True,0,0
1,100300,True,True,0,0
1,100400,True,True,0,0
1,100500,True,True,0,0
1,100600,True,True,0,0
1,100700,True,True,0,0
1,100800,True,True,0,0
1,100900,True,True,0,0
1,101000,True,True,0,0
1,101100,True,True,0,0
1,101200,True,True,0,0
1,101300,True,True,0,0
1,101400,True,True,0,0
1,101500,True,True,0,0
1,101600,True,True,0,0
1,101700,True,True,0,0
1,101800,True,True,0,0
1,101900,True,True,0,0
1,102000,True,True,0,0
1,102100,True,True,0,0
1,102200,True,True,0,0
1,102300,True,True,0,0
1,102400,True,True,0,0
1,102500,True,True,0,0
1,102600,True,True,0,0
1,102700,True,True,0,0
1,102800,True,True,0,0
1,102900,True,True,0,0
1,103000,True,True,0,0
1,103100,True,True,0,0
1,103200,True,True,0,0
1,103300,True,True,0,0
1,103400,True,True,0,0
1,103500,True,True,0,0
1,103600,True,True,0,0
1,103700,True,True,0,0
1,103800,True,True,0,0
1,103900,True,True,0,0
1,104000,True,True,0,0
1,104100,True,True,0,0
1,104200,True,True,0,0
1,104300,True,True,0,0
1,104400,True,True,0,0
1,104500,True,True,0,0
1,104600,True,True,0,0
1,104700,True,True,0,0
1,104800,True,True,0,0
1,104900,True,True,0,0
1,105000,True,True,0,0
1,105100,True,True,0,0
1,105200,True,True,0,0
1,105300,True,True,0,0
1,105400,True,True,0,0
1,105500,True,True,0,0
1,105600,True,True,0,0
1,105700,True,True,0,0
1,105800,True,True,0,0
1,105900,True,True,0,0
1,106000,True,True,0,0
1,106100,True,True,0,0
1,106200,True,True,0,0
1,106300,True,True,0,0
1,106400,True,True,0,0
1,106500,True,True,0,0
1,106600,True,True,0,0
1,106700,True,True,0,0
1,106800,True,True,0,0
1,106900,True,True,0,0
1,107000,True,True,0,0
1,107100,True,True,0,0
1,107200,True,True,0,0
1,107300,True,True,0,0
1,107400,True,True,0,0
1,107500,True,True,0,0
1,107600,True,True,0,0
1,107700,True,True,0,0
1,107800,True,True,0,0
1,107900,True,True,0,0
1,108000,True,True,0,0
1,108100,True,True,0,0
1,108200,True,True,0,0
1,108300,True,True,0,0
1,108400,True,True,0,0
1,108500,True,True,0,0
1,108600,True,True,0,0
1,108700,True,True,0,0
1,108800,True,True,0,0
1,108900,True,True,0,0
1,109000,True,True,0,0
1,109100,True,True,0,0
1,109200,True,True,0,0
1,109300,True,True,0,0
1,109400,True,True,0,0
1,109500,True,True,0,0
1,109600,True,True,0,0
1,109700,True,True,0,0
1,109800,True,True,0,0
1,109900,True,True,0,0
1,110000,True,True,0,0
1,110100,True,True,0,0
1,110200,True,True,0,0
1,110300,True,True,0,0
1,110400,True,True,0,0
1,110500,True,True,0,0
1,110600,True,True,0,0
1,110700,True,True,0,0
1,110800,True,True,0,0
1,110900,True,True,0,0
1,111000,True,True,0,0
1,111100,True,True,0,0
1,111200,True,True,0,0
1,111300,True,True,0,0
1,111400,True,True,0,0
1,111500,True,True,0,0
1,111600,True,True,0,0
1,111700,True,True,0,0
1,111800,True,True,0,0
1,111900,True,True,0,0
1,112000,True,True,0,0
1,112100,True,True,0,0
1,112200,True,True,0,0
1,112300,True,True,0,0
1,112400,True,True,0,0
1,112500,True,True,0,0
1,112600,True,True,0,0
1,112700,True,True,0,0
1,112800,True,True,0,0
1,112900,True,True,0,0
1,113000,True,True,0,0
1,113100,True,True,0,0
1,113200,True,True,0,0
1,113300,True,True,0,0
1,113400,True,True,0,0
1,113500,True,True,0,0
1,113600,True,True,0,0
1,113700,True,True,0,0
1,113800,True,True,0,0
1,113900,True,True,0,0
1,114000,True,True,0,0
1,114100,True,True,0,0
1,114200,True,True,0,0
1,114300,True,True,0,0
1,114400,True,True,0,0
1,114500,True,True,0,0
1,114600,True,True,0,0
1,114700,True,True,0,0
1,114800,True,True,0,0
1,114900,True,True,0,0
1,115000,True,True,0,0
1,115100,True,True,0,0
1,115200,True,True,0,0
1,115300,True,True,0,0
1,115400,True,True,0,0
1,115500,True,True,0,0
1,115600,True,True,0,0
1,115700,True,True,0,0
1,115800,True,True,0,0
1,115900,True,True,0,0
1,116000,True,True,0,0
1,116100,True,True,0,0
1,116200,True,True,0,0
1,116300,True,True,0,0
1,116400,True,True,0,0
1,116500,True,True,0,0
1,116600,True,True,0,0
1,116700,True,True,0,0
1,116800,True,True,0,0
1,116900,True,True,0,0
1,117000,True,True,0,0
1,117100,True,True,0,0
1,117200,True,True,0,0
1,117300,True,True,0,0
1,117400,True,True,0,0
1,117500,True,True,0,0
1,117600,True,True,0,0
1,117700,True,True,0,0
1,117800,True,True,0,0
1,117900,True,True,0,0
1,118000,True,True,0,0
1,118100,True,True,0,0
1,118200,True,True,0,0
1,118300,True,True,0,0
1,118400,True,True,0,0
1,118500,True,True,0,0
1,118600,True,True,0,0
1,118700,True,True,0,0
1,118800,True,True,0,0
1,118900,True,True,0,0
1,119000,True,True,0,0
1,119100,True,True,0,0
1,119200,True,True,0,0
1,119300,True,True,0,0
1,119400,True,True,0,0
1,119500,True,True,0,0
1,119600,True,True,0,0
1,119700,True,True,0,0
1,119800,True,True,0,0
1,119900,True,True,0,0
1,120000,True,True,0,0
1,120100,True,True,0,0
1,120200,True,True,0,0
1,120300,True,True,0,0
1,120400,True,True,0,0
1,120500,True,True,0,0
1,120600,True,True,0,0
1,120700,True,True,0,0
1,120800,True,True,0,0
1,120900,True,True,0,0
1,121000,True,True,0,0
1,121100,True,True,0,0
1,121200,True,True,0,0
1,121300,True,True,0,0
1,121400,True,True,0,0
1,121500,True,True,0,0
1,121600,True,True,0,0
1,121700,True,True,0,0
1,121800,True,True,0,0
1,121900,True,True,0,0
1,122000,True,True,0,0
1,122100,True,True,0,0
1,122200,True,True,0,0
1,122300,True,True,0,0
1,122400,True,True,0,0
1,122500,True,True,0,0
1,122600,True,True,0,0
1,122700,True,True,0,0
1,122800,True,True,0,0
1,122900,True,True,0,0
1,123000,True,True,0,0
1,123100,True,True,0,0
1,123200,True,True,0,0
1,123300,True,True,0,0
1,123400,True,True,0,0
1,123500,True,True,0,0
1,123600,True,True,0,0
1,123700,True,True,0,0
1,123800,True,True,0,0
1,123900,True,True,0,0
1,124000,True,True,0,0
1,124100,True,True,0,0
1,124200,True,True,0,0
1,124300,True,True,0,0
1,124400,True,True,0,0
1,124500,True,True,0,0
1,124600,True,True,0,0
1,124700,True,True,0,0
1,124800,True,True,0,0
1,124900,True,True,0,0
1,125000,True,True,0,0
1,125100,True,True,0,0
1,125200,True,True,0,0
1,125300,True,True,0,0
1,125400,True,True,0,0
1,125500,True,True,0,0
1,125600,True,True,0,0
1,125700,True,True,0,0
1,125800,True,True,0,0
1,125900,True,True,0,0
1,126000,True,True,0,0
1,126100,True,True,0,0
1,126200,True,True,0,0
1,126300,True,True,0,0
1,126400,True,True,0,0
1,126500,True,True,0,0
1,126600,True,True,0,0
1,126700,True,True,0,0
1,126800,True,True,0,0
1,126900,True,True,0,0
1,127000,True,True,0,0
1,127100,True,True,0,0
1,127200,True,True,0,0
1,127300,True,True,0,0
1,127400,True,True,0,0
1,127500,True,True,0,0
1,127600,True,True,0,0
1,127700,True,True,0,0
1,127800,True,True,0,0
1,127900,True,True,0,0
1,128000,True,True,0,0
1,128100,True,True,0,0
1,128200,True,True,0,0
1,128300,True,True,0,0
1,128400,True,True,0,0
1,128500,True,True,0,0
1,128600,True,True,0,0
1,128700,True,True,0,0
1,128800,True,True,0,0
1,128900,True,True,0,0
1,129000,True,True,0,0
1,129100,True,True,0,0
1,129200,True,True,0,0
1,129300,True,True,0,0
1,129400,True,True,0,0
1,129500,True,True,0,0
1,129600,True,True,0,0
1,129700,True,True,0,0
1,129800,True,True,0,0
1,129900,True,True,0,0
1,130000,True,True,0,0
1,130100,True,True,0,0
1,130200,True,True,0,0
1,130300,True,True,0,0
1,130400,True,True,0,0
1,130500,True,True,0,0
1,130600,True,True,0,0
1,130700,True,True,0,0
1,130800,True,True,0,0
1,130900,True,True,0,0
1,131000,True,True,0,0
1,131100,True,True,0,0
1,131200,True,True,0,0
1,131300,True,True,0,0
1,131400,True,True,0,0
1,131500,True,True,0,0
1,131600,True,True,0,0
1,131700,True,True,0,0
1,131800,True,True,0,0
1,131900,True,True,0,0
1,132000,True,True,0,0
1,132100,True,True,0,0
1,132200,True,True,0,0
1,132300,True,True,0,0
1,132400,True,True,0,0
1,132500,True,True,0,0
1,132600,True,True,0,0
1,132700,True,True,0,0
1,132800,True,True,0,0
1,132900,True,True,0,0
1,133000,True,True,0,0
1,133100,True,True,0,0
1,133200,True,True,0,0
1,133300,True,True,0,0
1,133400,True,True,0,0
1,133500,True,True,0,0
1,133600,True,True,0,0
1,133700,True,True,0,0
1,133800,True,True,0,0
1,133900,True,True,0,0
1,134000,True,True,0,0
1,134100,True,True,0,0
1,134200,True,True,0,0
1,134300,True,True,0,0
1,134400,True,True,0,0
1,134500,True,True,0,0
1,134600,True,True,0,0
1,134700,True,True,0,0
1,134800,True,True,0,0
1,134900,True,True,0,0
1,135000,True,True,0,0
1,135100,True,True,0,0
1,135200,True,True,0,0
1,135300,True,True,0,0
1,135400,True,True,0,0
1,135500,True,True,0,0
1,135600,True,True,0,0
1,135700,True,True,0,0
1,135800,True,True,0,0
1,135900,True,True,0,0
1,136000,True,True,0,0
1,136100,True,True,0,0
1,136200,True,True,0,0
1,136300,True,True,0,0
1,136400,True,True,0,0
1,136500,True,True,0,0
1,136600,True,True,0,0
1,136700,True,True,0,0
1,136800,True,True,0,0
1,136900,True,True,0,0
1,137000,True,True,0,0
1,137100,True,True,0,0
1,137200,True,True,0,0
1,137300,True,True,0,0
1,137400,True,True,0,0
1,137500,True,True,0,0
1,137600,True,True,0,0
1,137700,True,True,0,0
1,137800,True,True,0,0
1,137900,True,True,0,0
1,138000,True,True,0,0
1,138100,True,True,0,0
1,138200,True,True,0,0
1,138300,True,True,0,0
1,138400,True,True,0,0
1,138500,True,True,0,0
1,138600,True,True,0,0
1,138700,True,True,0,0
1,138800,True,True,0,0
1,138900,True,True,0,0
1,139000,True,True,0,0
1,139100,True,True,0,0
1,139200,True,True,0,0
1,139300,True,True,0,0
1,139400,True,True,0,0
1,139500,True,True,0,0
1,139600,True,True,0,0
1,139700,True,True,0,0
1,139800,True,True,0,0
1,139900,True,True,0,0
1,140000,True,True,0,0
1,140100,True,True,0,0
1,140200,True,True,0,0
1,140300,True,True,0,0
1,140400,True,True,0,0
1,140500,True,True,0,0
1,140600,True,True,0,0
1,140700,True,True,0,0
1,140800,True,True,0,0
1,140900,True,True,0,0
1,141000,True,True,0,0
1,141100,True,True,0,0
1,141200,True,True,0,0
1,141300,True,True,0,0
1,141400,True,True,0,0
1,141500,True,True,0,0
1,141600,True,True,0,0
1,141700,True,True,0,0
1,141800,True,True,0,0
1,141900,True,True,0,0
1,142000,True,True,0,0
1,142100,True,True,0,0
1,142200,True,True,0,0
1,142300,True,True,0,0
1,142400,True,True,0,0
1,142500,True,True,0,0
1,142600,True,True,0,0
1,142700,True,True,0,0
1,142800,True,True,0,0
1,142900,True,True,0,0
1,143000,True,True,0,0
1,143100,True,True,0,0
1,143200,True,True,0,0
1,143300,True,True,0,0
1,143400,True,True,0,0
1,143500,True,True,0,0
1,143600,True,True,0,0
1,143700,True,True,0,0
1,143800,True,True,0,0
1,143900,True,True,0,0
1,144000,True,True,0,0
1,144100,True,True,0,0
1,144200,True,True,0,0
1,144300,True,True,0,0
1,144400,True,True,0,0
1,144500,True,True,0,0
1,144600,True,True,0,0
1,144700,True,True,0,0
1,144800,True,True,0,0
1,144900,True,True,0,0
1,145000,True,True,0,0
1,145100,True,True,0,0
1,145200,True,True,0,0
1,145300,True,True,0,0
1,145400,True,True,0,0
1,145500,True,True,0,0
1,145600,True,True,0,0
1,145700,True,True,0,0
1,145800,True,True,0,0
1,145900,True,True,0,0
1,146000,True,True,0,0
1,146100,True,True,0,0
1,146200,True,True,0,0
1,146300,True,True,0,0
1,146400,True,True,0,0
1,146500,True,True,0,0
1,146600,True,True,0,0
1,146700,True,True,0,0
1,146800,True,True,0,0
1,146900,True,True,0,0
1,147000,True,True,0,0
1,147100,True,True,0,0
1,147200,True,True,0,0
1,147300,True,True,0,0
1,147400,True,True,0,0
1,147500,True,True,0,0
1,147600,True,True,0,0
1,147700,True,True,0,0
1,147800,True,True,0,0
1,147900,True,True,0,0
1,148000,True,True,0,0
1,148100,True,True,0,0
1,148200,True,True,0,0
1,148300,True,True,0,0
1,148400,True,True,0,0
1,148500,True,True,0,0
1,148600,True,True,0,0
1,148700,True,True,0,0
1,148800,True,True,0,0
1,148900,True,True,0,0
1,149000,True,True,0,0
1,149100,True,True,0,0
1,149200,True,True,0,0
1,149300,True,True,0,0
1,149400,True,True,0,0
1,149500,True,True,0,0
1,149600,True,True,0,0
1,149700,True,True,0,0
1,149800,True,True,0,0
1,149900,True,True,0,0
1,150000,True,True,0,0
1,150100,True,True,0,0
1,150200,True,True,0,0
1,150300,True,True,0,0
1,150400,True,True,0,0
1,150500,True,True,0,0
1,150600,True,True,0,0
1,150700,True,True,0,0
1,150800,True,True,0,0
1,150900,True,True,0,0
1,151000,True,True,0,0
1,151100,True,True,0,0
1,151200,True,True,0,0
1,151300,True,True,0,0
1,151400,True,True,0,0
1,151500,True,True,0,0
1,151600,True,True,0,0
1,151700,True,True,0,0
1,151800,True,True,0,0
1,151900,True,True,0,0
1,152000,True,True,0,0
1,152100,True,True,0,0
1,152200,True,True,0,0
1,152300,True,True,0,0
1,152400,True,True,0,0
1,152500,True,True,0,0
1,152600,True,True,0,0
1,152700,True,True,0,0
1,152800,True,True,0,0
1,152900,True,True,0,0
1,153000,True,True,0,0
1,153100,True,True,0,0
1,153200,True,True,0,0
1,153300,True,True,0,0
1,153400,True,True,0,0
1,153500,True,True,0,0
1,153600,True,True,0,0
1,153700,True,True,0,0
1,153800,True,True,0,0
1,153900,True,True,0,0
1,154000,True,True,0,0
1,154100,True,True,0,0
1,154200,True,True,0,0
1,154300,True,True,0,0
1,154400,True,True,0,0
1,154500,True,True,0,0
1,154600,True,True,0,0
1,154700,True,True,0,0
1,154800,True,True,0,0
1,154900,True,True,0,0
1,155000,True,True,0,0
1,155100,True,True,0,0
1,155200,True,True,0,0
1,155300,True,True,0,0
1,155400,True,True,0,0
1,155500,True,True,0,0
1,155600,True,True,0,0
1,155700,True,True,0,0
1,155800,True,True,0,0
1,155900,True,True,0,0
1,156000,True,True,0,0
1,156100,True,True,0,0
1,156200,True,True,0,0
1,156300,True,True,0,0
1,156400,True,True,0,0
1,156500,True,True,0,0
1,156600,True,True,0,0
1,156700,True,True,0,0
1,156800,True,True,0,0
1,156900,True,True,0,0
1,157000,True,True,0,0
1,157100,True,True,0,0
1,157200,True,True,0,0
1,157300,True,True,0,0
1,157400,True,True,0,0
1,157500,True,True,0,0
1,157600,True,True,0,0
1,157700,True,True,0,0
1,157800,True,True,0,0
1,157900,True,True,0,0
1,158000,True,True,0,0
1,158100,True,True,0,0
1,158200,True,True,0,0
1,158300,True,True,0,0
1,158400,True,True,0,0
1,158500,True,True,0,0
1,158600,True,True,0,0
1,158700,True,True,0,0
1,158800,True,True,0,0
1,158900,True,True,0,0
1,159000,True,True,0,0
1,159100,True,True,0,0
1,159200,True,True,0,0
1,159300,True,True,0,0
1,159400,True,True,0,0
1,159500,True,True,0,0
1,159600,True,True,0,0
1,159700,True,True,0,0
1,159800,True,True,0,0
1,159900,True,True,0,0
1,160000,True,True,0,0
1,160100,True,True,0,0
1,160200,True,True,0,0
1,160300,True,True,0,0
1,160400,True,True,0,0
1,160500,True,True,0,0
1,160600,True,True,0,0
1,160700,True,True,0,0
1,160800,True,True,0,0
1,160900,True,True,0,0
1,161000,True,True,0,0
1,161100,True,True,0,0
1,161200,True,True,0,0
1,161300,True,True,0,0
1,161400,True,True,0,0
1,161500,True,True,0,0
1,161600,True,True,0,0
1,161700,True,True,0,0
1,161800,True,True,0,0
1,161900,True,True,0,0
1,162000,True,True,0,0
1,162100,True,True,0,0
1,162200,True,True,0,0
1,162300,True,True,0,0
1,162400,True,True,0,0
1,162500,True,True,0,0
1,162600,True,True,0,0
1,162700,True,True,0,0
1,162800,True,True,0,0
1,162900,True,True,0,0
1,163000,True,True,0,0
1,163100,True,True,0,0
1,163200,True,True,0,0
1,163300,True,True,0,0
1,163400,True,True,0,0
1,163500,True,True,0,0
1,163600,True,True,0,0
1,163700,True,True,0,0
1,163800,True,True,0,0
1,163900,True,True,0,0
1,164000,True,True,0,0
1,164100,True,True,0,0
1,164200,True,True,0,0
1,164300,True,True,0,0
1,164400,True,True,0,0
1,164500,True,True,0,0
1,164600,True,True,0,0
1,164700,True,True,0,0
1,164800,True,True,0,0
1,164900,True,True,0,0
1,165000,True,True,0,0
1,165100,True,True,0,0
1,165200,True,True,0,0
1,165300,True,True,0,0
1,165400,True,True,0,0
1,165500,True,True,0,0
1,165600,True,True,0,0
1,165700,True,True,0,0
1,165800,True,True,0,0
1,165900,True,True,0,0
1,166000,True,True,0,0
1,166100,True,True,0,0
1,166200,True,True,0,0
1,166300,True,True,0,0
1,166400,True,True,0,0
1,166500,True,True,0,0
1,166600,True,True,0,0
1,166700,True,True,0,0
1,166800,True,True,0,0
1,166900,True,True,0,0
1,167000,True,True,0,0
1,167100,True,True,0,0
1,167200,True,True,0,0
1,167300,True,True,0,0
1,167400,True,True,0,0
1,167500,True,True,0,0
1,167600,True,True,0,0
1,167700,True,True,0,0
1,167800,True,True,0,0
1,167900,True,True,0,0
1,168000,True,True,0,0
1,168100,True,True,0,0
1,168200,True,True,0,0
1,168300,True,True,0,0
1,168400,True,True,0,0
1,168500,True,True,0,0
1,168600,True,True,0,0
1,168700,True,True,0,0
1,168800,True,True,0,0
1,168900,True,True,0,0
1,169000,True,True,0,0
1,169100,True,True,0,0
1,169200,True,True,0,0
1,169300,True,True,0,0
1,169400,True,True,0,0
1,169500,True,True,0,0
1,169600,True,True,0,0
1,169700,True,True,0,0
1,169800,True,True,0,0
1,169900,True,True,0,0
1,170000,True,True,0,0
1,170100,True,True,0,0
1,170200,True,True,0,0
1,170300,True,True,0,0
1,170400,True,True,0,0
1,170500,True,True,0,0
1,170600,True,True,0,0
1,170700,True,True,0,0
1,170800,True,True,0,0
1,170900,True,True,0,0
1,171000,True,True,0,0
1,171100,True,True,0,0
1,171200,True,True,0,0
1,171300,True,True,0,0
1,171400,True,True,0,0
1,171500,True,True,0,0
1,171600,True,True,0,0
1,171700,True,True,0,0
1,171800,True,True,0,0
1,171900,True,True,0,0
1,172000,True,True,0,0
1,172100,True,True,0,0
1,172200,True,True,0,0
1,172300,True,True,0,0
1,172400,True,True,0,0
1,172500,True,True,0,0
1,172600,True,True,0,0
1,172700,True,True,0,0
1,172800,True,True,0,0
1,172900,True,True,0,0
1,173000,True,True,0,0
1,173100,True,True,0,0
1,173200,True,True,0,0
1,173300,True,True,0,0
1,173400,True,True,0,0
1,173500,True,True,0,0
1,173600,True,True,0,0
1,173700,True,True,0,0
1,173800,True,True,0,0
1,173900,True,True,0,0
1,174000,True,True,0,0
1,174100,True,True,0,0
1,174200,True,True,0,0
1,174300,True,True,0,0
1,174400,True,True,0,0
1,174500,True,True,0,0
1,174600,True,True,0,0
1,174700,True,True,0,0
1,174800,True,True,0,0
1,174900,True,True,0,0
1,175000,True,True,0,0
1,175100,True,True,0,0
1,175200,True,True,0,0
1,175300,True,True,0,0
1,175400,True,True,0,0
1,175500,True,True,0,0
1,175600,True,True,0,0
1,175700,True,True,0,0
1,175800,True,True,0,0
1,175900,True,True,0,0
1,176000,True,True,0,0
1,176100,True,True,0,0
1,176200,True,True,0,0
1,176300,True,True,0,0
1,176400,True,True,0,0
1,176500,True,True,0,0
1,176600,True,True,0,0
1,176700,True,True,0,0
1,176800,True,True,0,0
1,176900,True,True,0,0
1,177000,True,True,0,0
1,177100,True,True,0,0
1,177200,True,True,0,0
1,177300,True,True,0,0
1,177400,True,True,0,0
1,177500,True,True,0,0
1,177600,True,True,0,0
1,177700,True,True,0,0
1,177800,True,True,0,0
1,177900,True,True,0,0
1,178000,True,True,0,0
1,178100,True,True,0,0
1,178200,True,True,0,0
1,178300,True,True,0,0
1,178400,True,True,0,0
1,178500,True,True,0,0
1,178600,True,True,0,0
1,178700,True,True,0,0
1,178800,True,True,0,0
1,178900,True,True,0,0
1,179000,True,True,0,0
1,179100,True,True,0,0
1,179200,True,True,0,0
1,179300,True,True,0,0
1,179400,True,True,0,0
1,179500,True,True,0,0
1,179600,True,True,0,0
1,179700,True,True,0,0
1,179800,True,True,0,0
1,179900,True,True,0,0
1,180000,True,True,0,0
1,180100,True,True,0,0
1,180200,True,True,0,0
1,180300,True,True,0,0
1,180400,True,True,0,0
1,180500,True,True,0,0
1,180600,True,True,0,0
1,180700,True,True,0,0
1,180800,True,True,0,0
1,180900,True,True,0,0
1,181000,True,True,0,0
1,181100,True,True,0,0
1,181200,True,True,0,0
1,181300,True,True,0,0
1,181400,True,True,0,0
1,181500,True,True,0,0
1,181600,True,True,0,0
1,181700,True,True,0,0
1,181800,True,True,0,0
1,181900,True,True,0,0
1,182000,True,True,0,0
1,182100,True,True,0,0
1,182200,True,True,0,0
1,182300,True,True,0,0
1,182400,True,True,0,0
1,182500,True,True,0,0
1,182600,True,True,0,0
1,182700,True,True,0,0
1,182800,True,True,0,0
1,182900,True,True,0,0
1,183000,True,True,0,0
1,183100,True,True,0,0
1,183200,True,True,0,0
1,183300,True,True,0,0
1,183400,True,True,0,0
1,183500,True,True,0,0
1,183600,True,True,0,0
1,183700,True,True,0,0
1,183800,True,True,0,0
1,183900,True,True,0,0
1,184000,True,True,0,0
1,184100,True,True,0,0
1,184200,True,True,0,0
1,184300,True,True,0,0
1,184400,True,True,0,0
1,184500,True,True,0,0
1,184600,True,True,0,0
1,184700,True,True,0,0
1,184800,True,True,0,0
1,184900,True,True,0,0
1,185000,True,True,0,0
1,185100,True,True,0,0
1,185200,True,True,0,0
1,185300,True,True,0,0
1,185400,True,True,0,0
1,185500,True,True,0,0
1,185600,True,True,0,0
1,185700,True,True,0,0
1,185800,True,True,0,0
1,185900,True,True,0,0
1,186000,True,True,0,0
1,186100,True,True,0,0
1,186200,True,True,0,0
1,186300,True,True,0,0
1,186400,True,True,0,0
1,186500,True,True,0,0
1,186600,True,True,0,0
1,186700,True,True,0,0
1,186800,True,True,0,0
1,186900,True,True,0,0
1,187000,True,True,0,0
1,187100,True,True,0,0
1,187200,True,True,0,0
1,187300,True,True,0,0
1,187400,True,True,0,0
1,187500,True,True,0,0
1,187600,True,True,0,0
1,187700,True,True,0,0
1,187800,True,True,0,0
1,187900,True,True,0,0
1,188000,True,True,0,0
1,188100,True,True,0,0
1,188200,True,True,0,0
1,188300,True,True,0,0
1,188400,True,True,0,0
1,188500,True,True,0,0
1,188600,True,True,0,0
1,188700,True,True,0,0
1,188800,True,True,0,0
1,188900,True,True,0,0
1,189000,True,True,0,0
1,189100,True,True,0,0
1,189200,True,True,0,0
1,189300,True,True,0,0
1,189400,True,True,0,0
1,189500,True,True,0,0
1,189600,True,True,0,0
1,189700,True,True,0,0
1,189800,True,True,0,0
1,189900,True,True,0,0
1,190000,True,True,0,0
1,190100,True,True,0,0
1,190200,True,True,0,0
1,190300,True,True,0,0
1,190400,True,True,0,0
1,190500,True,True,0,0
1,190600,True,True,0,0
1,190700,True,True,0,0
1,190800,True,True,0,0
1,190900,True,True,0,0
1,191000,True,True,0,0
1,191100,True,True,0,0
1,191200,True,True,0,0
1,191300,True,True,0,0
1,191400,True,True,0,0
1,191500,True,True,0,0
1,191600,True,True,0,0
1,191700,True,True,0,0
1,191800,True,True,0,0
1,191900,True,True,0,0
1,192000,True,True,0,0
1,192100,True,True,0,0
1,192200,True,True,0,0
1,192300,True,True,0,0
1,192400,True,True,0,0
1,192500,True,True,0,0
1,192600,True,True,0,0
1,192700,True,True,0,0
1,192800,True,True,0,0
1,192900,True,True,0,0
1,193000,True,True,0,0
1,193100,True,True,0,0
1,193200,True,True,0,0
1,193300,True,True,0,0
1,193400,True,True,0,0
1,193500,True,True,0,0
1,193600,True,True,0,0
1,193700,True,True,0,0
1,193800,True,True,0,0
1,193900,True,True,0,0
1,194000,True,True,0,0
1,194100,True,True,0,0
1,194200,True,True,0,0
1,194300,True,True,0,0
1,194400,True,True,0,0
1,194500,True,True,0,0
1,194600,True,True,0,0
1,194700,True,True,0,0
1,194800,True,True,0,0
1,194900,True,True,0,0
1,195000,True,True,0,0
1,195100,True,True,0,0
1,195200,True,True,0,0
1,195300,True,True,0,0
1,195400,True,True,0,0
1,195500,True,True,0,0
1,195600,True,True,0,0
1,195700,True,True,0,0
1,195800,True,True,0,0
1,195900,True,True,0,0
1,196000,True,True,0,0
1,196100,True,True,0,0
1,196200,True,True,0,0
1,196300,True,True,0,0
1,196400,True,True,0,0
1,196500,True,True,0,0
1,196600,True,True,0,0
1,196700,True,True,0,0
1,196800,True,True,0,0
1,196900,True,True,0,0
1,197000,True,True,0,0
1,197100,True,True,0,0
1,197200,True,True,0,0
1,197300,True,True,0,0
1,197400,True,True,0,0
1,197500,True,True,0,0
1,197600,True,True,0,0
1,197700,True,True,0,0
1,197800,True,True,0,0
1,197900,True,True,0,0
1,198000,True,True,0,0
1,198100,True,True,0,0
1,198200,True,True,0,0
1,198300,True,True,0,0
1,198400,True,True,0,0
1,198500,True,True,0,0
1,198600,True,True,0,0
1,198700,True,True,0,0
1,198800,True,True,0,0
1,198900,True,True,0,0
1,199000,True,True,0,0
1,199100,True,True,0,0
1,199200,True,True,0,0
1,199300,True,True,0,0
1,199400,True,True,0,0
1,199500,True,True,0,0
1,199600,True,True,0,0
1,199700,True,True,0,0
1,199800,True,True,0,0
1,199900,True,True,0,0
1,200000,True,True,0,0
1,200100,True,True,0,0
1,200200,True,True,0,0
1,200300,True,True,0,0
1,200400,True,True,0,0
1,200500,True,True,0,0
1,200600,True,True,0,0
1,200700,True,True,0,0
1,200800,True,True,0,0
1,200900,True,True,0,0
1,201000,True,True,0,0
1,201100,True,True,0,0
1,201200,True,True,0,0
1,201300,True,True,0,0
1,201400,True,True,0,0
1,201500,True,True,0,0
1,201600,True,True,0,0
1,201700,True,True,0,0
1,201800,True,True,0,0
1,201900,True,True,0,0
1,202000,True,True,0,0
1,202100,True,True,0,0
1,202200,True,True,0,0
1,202300,True,True,0,0
1,202400,True,True,0,0
1,202500,True,True,0,0
1,202600,True,True,0,0
1,202700,True,True,0,0
1,202800,True,True,0,0
1,202900,True,True,0,0
1,203000,True,True,0,0
1,203100,True,True,0,0
1,203200,True,True,0,0
1,203300,True,True,0,0
1,203400,True,True,0,0
1,203500,True,True,0,0
1,203600,True,True,0,0
1,203700,True,True,0,0
1,203800,True,True,0,0
1,203900,True,True,0,0
1,204000,True,True,0,0
1,204100,True,True,0,0
1,204200,True,True,0,0
1,204300,True,True,0,0
1,204400,True,True,0,0
1,204500,True,True,0,0
1,204600,True,True,0,0
1,204700,True,True,0,0
1,204800,True,True,0,0
1,204900,True,True,0,0
1,205000,True,True,0,0
1,205100,True,True,0,0
1,205200,True,True,0,0
1,205300,True,True,0,0
1,205400,True,True,0,0
1,205500,True,True,0,0
1,205600,True,True,0,0
1,205700,True,True,0,0
1,205800,True,True,0,0
1,205900,True,True,0,0
1,206000,True,True,0,0
1,206100,True,True,0,0
1,206200,True,True,0,0
1,206300,True,True,0,0
1,206400,True,True,0,0
1,206500,True,True,0,0
1,206600,True,True,0,0
1,206700,True,True,0,0
1,206800,True,True,0,0
1,206900,True,True,0,0
1,207000,True,True,0,0
1,207100,True,True,0,0
1,207200,True,True,0,0
1,207300,True,True,0,0
1,207400,True,True,0,0
1,207500,True,True,0,0
1,207600,True,True,0,0
1,207700,True,True,0,0
1,207800,True,True,0,0
1,207900,True,True,0,0
1,208000,True,True,0,0
1,208100,True,True,0,0
1,208200,True,True,0,0
1,208300,True,True,0,0
1,208400,True,True,0,0
1,208500,True,True,0,0
1,208600,True,True,0,0
1,208700,True,True,0,0
1,208800,True,True,0,0
1,208900,True,True,0,0
1,209000,True,True,0,0
1,209100,True,True,0,0
1,209200,True,True,0,0
1,209300,True,True,0,0
1,209400,True,True,0,0
1,209500,True,True,0,0
1,209600,True,True,0,0
1,209700,True,True,0,0
1,209800,True,True,0,0
1,209900,True,True,0,0
1,210000,True,True,0,0
1,210100,True,True,0,0
1,210200,True,True,0,0
1,210300,True,True,0,0
1,210400,True,True,0,0
1,210500,True,True,0,0
1,210600,True,True,0,0
1,210700,True,True,0,0
1,210800,True,True,0,0
1,210900,True,True,0,0
1,211000,True,True,0,0
1,211100,True,True,0,0
1,211200,True,True,0,0
1,211300,True,True,0,0
1,211400,True,True,0,0
1,211500,True,True,0,0
1,211600,True,True,0,0
1,211700,True,True,0,0
1,211800,True,True,0,0
1,211900,True,True,0,0
1,212000,True,True,0,0
1,212100,True,True,0,0
1,212200,True,True,0,0
1,212300,True,True,0,0
1,212400,True,True,0,0
1,212500,True,True,0,0
1,212600,True,True,0,0
1,212700,True,True,0,0
1,212800,True,True,0,0
1,212900,True,True,0,0
1,213000,True,True,0,0
1,213100,True,True,0,0
1,213200,True,True,0,0
1,213300,True,True,0,0
1,213400,True,True,0,0
1,213500,True,True,0,0
1,213600,True,True,0,0
1,213700,True,True,0,0
1,213800,True,True,0,0
1,213900,True,True,0,0
1,214000,True,True,0,0
1,214100,True,True,0,0
1,214200,True,True,0,0
1,214300,True,True,0,0
1,214400,True,True,0,0
1,214500,True,True,0,0
1,214600,True,True,0,0
1,214700,True,True,0,0
1,214800,True,True,0,0
1,214900,True,True,0,0
1,215000,True,True,0,0
1,215100,True,True,0,0
1,215200,True,True,0,0
1,215300,True,True,0,0
1,215400,True,True,0,0
1,215500,True,True,0,0
1,215600,True,True,0,0
1,215700,True,True,0,0
1,215800,True,True,0,0
1,215900,True,True,0,0
1,216000,True,True,0,0
1,216100,True,True,0,0
1,216200,True,True,0,0
1,216300,True,True,0,0
1,216400,True,True,0,0
1,216500,True,True,0,0
1,216600,True,True,0,0
1,216700,True,True,0,0
1,216800,True,True,0,0
1,216900,True,True,0,0
1,217000,True,True,0,0
1,217100,True,True,0,0
1,217200,True,True,0,0
1,217300,True,True,0,0
1,217400,True,True,0,0
1,217500,True,True,0,0
1,217600,True,True,0,0
1,217700,True,True,0,0
1,217800,True,True,0,0
1,217900,True,True,0,0
1,218000,True,True,0,0
1,218100,True,True,0,0
1,218200,True,True,0,0
1,218300,True,True,0,0
1,218400,True,True,0,0
1,218500,True,True,0,0
1,218600,True,True,0,0
1,218700,True,True,0,0
1,218800,True,True,0,0
1,218900,True,True,0,0
1,219000,True,True,0,0
1,219100,True,True,0,0
1,219200,True,True,0,0
1,219300,True,True,0,0
1,219400,True,True,0,0
1,219500,True,True,0,0
1,219600,True,True,0,0
1,219700,True,True,0,0
1,219800,True,True,0,0
1,219900,True,True,0,0
1,220000,True,True,0,0
1,220100,True,True,0,0
1,220200,True,True,0,0
1,220300,True,True,0,0
1,220400,True,True,0,0
1,220500,True,True,0,0
1,220600,True,True,0,0
1,220700,True,True,0,0
1,220800,True,True,0,0
1,220900,True,True,0,0
1,221000,True,True,0,0
1,221100,True,True,0,0
1,221200,True,True,0,0
1,221300,True,True,0,0
1,221400,True,True,0,0
1,221500,True,True,0,0
1,221600,True,True,0,0
1,221700,True,True,0,0
1,221800,True,True,0,0
1,221900,True,True,0,0
1,222000,True,True,0,0
1,222100,True,True,0,0
1,222200,True,True,0,0
1,222300,True,True,0,0
1,222400,True,True,0,0
1,222500,True,True,0,0
1,222600,True,True,0,0
1,222700,True,True,0,0
1,222800,True,True,0,0
1,222900,True,True,0,0
1,223000,True,True,0,0
1,223100,True,True,0,0
1,223200,True,True,0,0
1,223300,True,True,0,0
1,223400,True,True,0,0
1,223500,True,True,0,0
1,223600,True,True,0,0
1,223700,True,True,0,0
1,223800,True,True,0,0
1,223900,True,True,0,0
1,224000,True,True,0,0
1,224100,True,True,0,0
1,224200,True,True,0,0
1,224300,True,True,0,0
1,224400,True,True,0,0
1,224500,True,True,0,0
1,224600,True,True,0,0
1,224700,True,True,0,0
1,224800,True,True,0,0
1,224900,True,True,0,0
1,225000,True,True,0,0
1,225100,True,True,0,0
1,225200,True,True,0,0
1,225300,True,True,0,0
1,225400,True,True,0,0
1,225500,True,True,0,0
1,225600,True,True,0,0
1,225700,True,True,0,0
1,225800,True,True,0,0
1,225900,True,True,0,0
1,226000,True,True,0,0
1,226100,True,True,0,0
1,226200,True,True,0,0
1,226300,True,True,0,0
1,226400,True,True,0,0
1,226500,True,True,0,0
1,226600,True,True,0,0
1,226700,True,True,0,0
1,226800,True,True,0,0
1,226900,True,True,0,0
1,227000,True,True,0,0
1,227100,True,True,0,0
1,227200,True,True,0,0
1,227300,True,True,0,0
1,227400,True,True,0,0
1,227500,True,True,0,0
1,227600,True,True,0,0
1,227700,True,True,0,0
1,227800,True,True,0,0
1,227900,True,True,0,0
1,228000,True,True,0,0
1,228100,True,True,0,0
1,228200,True,True,0,0
1,228300,True,True,0,0
1,228400,True,True,0,0
1,228500,True,True,0,0
1,228600,True,True,0,0
1,228700,True,True,0,0
1,228800,True,True,0,0
1,228900,True,True,0,0
1,229000,True,True,0,0
1,229100,True,True,0,0
1,229200,True,True,0,0
1,229300,True,True,0,0
1,229400,True,True,0,0
1,229500,True,True,0,0
1,229600,True,True,0,0
1,229700,True,True,0,0
1,229800,True,True,0,0
1,229900,True,True,0,0
1,230000,True,True,0,0
1,230100,True,True,0,0
1,230200,True,True,0,0
1,230300,True,True,0,0
1,230400,True,True,0,0
1,230500,True,True,0,0
1,230600,True,True,0,0
1,230700,True,True,0,0
1,230800,True,True,0,0
1,230900,True,True,0,0
1,231000,True,True,0,0
1,231100,True,True,0,0
1,231200,True,True,0,0
1,231300,True,True,0,0
1,231400,True,True,0,0
1,231500,True,True,0,0
1,231600,True,True,0,0
1,231700,True,True,0,0
1,231800,True,True,0,0
1,231900,True,True,0,0
1,232000,True,True,0,0
1,232100,True,True,0,0
1,232200,True,True,0,0
1,232300,True,True,0,0
1,232400,True,True,0,0
1,232500,True,True,0,0
1,232600,True,True,0,0
1,232700,True,True,0,0
1,232800,True,True,0,0
1,232900,True,True,0,0
1,233000,True,True,0,0
1,233100,True,True,0,0
1,233200,True,True,0,0
1,233300,True,True,0,0
1,233400,True,True,0,0
1,233500,True,True,0,0
1,233600,True,True,0,0
1,233700,True,True,0,0
1,233800,True,True,0,0
1,233900,True,True,0,0
1,234000,True,True,0,0
1,234100,True,True,0,0
1,234200,True,True,0,0
1,234300,True,True,0,0
1,234400,True,True,0,0
1,234500,True,True,0,0
1,234600,True,True,0,0
1,234700,True,True,0,0
1,234800,True,True,0,0
1,234900,True,True,0,0
1,235000,True,True,0,0
1,235100,True,True,0,0
1,235200,True,True,0,0
1,235300,True,True,0,0
1,235400,True,True,0,0
1,235500,True,True,0,0
1,235600,True,True,0,0
1,235700,True,True,0,0
1,235800,True,True,0,0
1,235900,True,True,0,0
1,236000,True,True,0,0
1,236100,True,True,0,0
1,236200,True,True,0,0
1,236300,True,True,0,0
1,236400,True,True,0,0
1,236500,True,True,0,0
1,236600,True,True,0,0
1,236700,True,True,0,0
1,236800,True,True,0,0
1,236900,True,True,0,0
1,237000,True,True,0,0
1,237100,True,True,0,0
1,237200,True,True,0,0
1,237300,True,True,0,0
1,237400,True,True,0,0
1,237500,True,True,0,0
1,237600,True,True,0,0
1,237700,True,True,0,0
1,237800,True,True,0,0
1,237900,True,True,0,0
1,238000,True,True,0,0
1,238100,True,True,0,0
1,238200,True,True,0,0
1,238300,True,True,0,0
1,238400,True,True,0,0
1,238500,True,True,0,0
1,238600,True,True,0,0
1,238700,True,True,0,0
1,238800,True,True,0,0
1,238900,True,True,0,0
1,239000,True,True,0,0
1,239100,True,True,0,0
1,239200,True,True,0,0
1,239300,True,True,0,0
1,239400,True,True,0,0
1,239500,True,True,0,0
1,239600,True,True,0,0
1,239700,True,True,0,0
1,239800,True,True,0,0
1,239900,True,True,0,0
1,240000,True,True,0,0
1,240100,True,True,0,0
1,240200,True,True,0,0
1,240300,True,True,0,0
1,240400,True,True,0,0
1,240500,True,True,0,0
1,240600,True,True,0,0
1,240700,True,True,0,0
1,240800,True,True,0,0
1,240900,True,True,0,0
1,241000,True,True,0,0
1,241100,True,True,0,0
1,241200,True,True,0,0
1,241300,True,True,0,0
1,241400,True,True,0,0
1,241500,True,True,0,0
1,241600,True,True,0,0
1,241700,True,True,0,0
1,241800,True,True,0,0
1,241900,True,True,0,0
1,242000,True,True,0,0
1,242100,True,True,0,0
1,242200,True,True,0,0
1,242300,True,True,0,0
1,242400,True,True,0,0
1,242500,True,True,0,0
1,242600,True,True,0,0
1,242700,True,True,0,0
1,242800,True,True,0,0
1,242900,True,True,0,0
1,243000,True,True,0,0
1,243100,True,True,0,0
1,243200,True,True,0,0
1,243300,True,True,0,0
1,243400,True,True,0,0
1,243500,True,True,0,0
1,243600,True,True,0,0
1,243700,True,True,0,0
1,243800,True,True,0,0
1,243900,True,True,0,0
1,244000,True,True,0,0
1,244100,True,True,0,0
1,244200,True,True,0,0
1,244300,True,True,0,0
1,244400,True,True,0,0
1,244500,True,True,0,0
1,244600,True,True,0,0
1,244700,True,True,0,0
1,244800,True,True,0,0
1,244900,True,True,0,0
1,245000,True,True,0,0
1,245100,True,True,0,0
1,245200,True,True,0,0
1,245300,True,True,0,0
1,245400,True,True,0,0
1,245500,True,True,0,0
1,245600,True,True,0,0
1,245700,True,True,0,0
1,245800,True,True,0,0
1,245900,True,True,0,0
1,246000,True,True,0,0
1,246100,True,True,0,0
1,246200,True,True,0,0
1,246300,True,True,0,0
1,246400,True,True,0,0
1,246500,True,True,0,0
1,246600,True,True,0,0
1,246700,True,True,0,0
1,246800,True,True,0,0
1,246900,True,True,0,0
1,247000,True,True,0,0
1,247100,True,True,0,0
1,247200,True,True,0,0
1,247300,True,True,0,0
1,247400,True,True,0,0
1,247500,True,True,0,0
1,247600,True,True,0,0
1,247700,True,True,0,0
1,247800,True,True,0,0
1,247900,True,True,0,0
1,248000,True,True,0,0
1,248100,True,True,0,0
1,248200,True,True,0,0
1,248300,True,True,0,0
1,248400,True,True,0,0
1,248500,True,True,0,0
1,248600,True,True,0,0
1,248700,True,True,0,0
1,248800,True,True,0,0
1,248900,True,True,0,0
1,249000,True,True,0,0
1,249100,True,True,0,0
1,249200,True,True,0,0
1,249300,True,True,0,0
1,249400,True,True,0,0
1,249500,True,True,0,0
1,249600,True,True,0,0
1,249700,True,True,0,0
1,249800,True,True,0,0
1,249900,True,True,0,0
1,250000,True,True,0,0
1,250100,True,True,0,0
1,250200,True,True,0,0
1,250300,True,True,0,0
1,250400,True,True,0,0
1,250500,True,True,0,0
1,250600,True,True,0,0
1,250700,True,True,0,0
1,250800,True,True,0,0
1,250900,True,True,0,0
1,251000,True,True,0,0
1,251100,True,True,0,0
1,251200,True,True,0,0
1,251300,True,True,0,0
1,251400,True,True,0,0
1,251500,True,True,0,0
1,251600,True,True,0,0
1,251700,True,True,0,0
1,251800,True,True,0,0
1,251900,True,True,0,0
1,252000,True,True,0,0
1,252100,True,True,0,0
1,252200,True,True,0,0
1,252300,True,True,0,0
1,252400,True,True,0,0
1,252500,True,True,0,0
1,252600,True,True,0,0
1,252700,True,True,0,0
1,252800,True,True,0,0
1,252900,True,True,0,0
1,253000,True,True,0,0
1,253100,True,True,0,0
1,253200,True,True,0,0
1,253300,True,True,0,0
1,253400,True,True,0,0
1,253500,True,True,0,0
1,253600,True,True,0,0
1,253700,True,True,0,0
1,253800,True,True,0,0
1,253900,True,True,0,0
1,254000,True,True,0,0
1,254100,True,True,0,0
1,254200,True,True,0,0
1,254300,True,True,0,0
1,254400,True,True,0,0
1,254500,True,True,0,0
1,254600,True,True,0,0
1,254700,True,True,0,0
1,254800,True,True,0,0
1,254900,True,True,0,0
1,255000,True,True,0,0
1,255100,True,True,0,0
1,255200,True,True,0,0
1,255300,True,True,0,0
1,255400,True,True,0,0
1,255500,True,True,0,0
1,255600,True,True,0,0
1,255700,True,True,0,0
1,255800,True,True,0,0
1,255900,True,True,0,0
1,256000,True,True,0,0
1,256100,True,True,0,0
1,256200,True,True,0,0
1,256300,True,True,0,0
1,256400,True,True,0,0
1,256500,True,True,0,0
1,256600,True,True,0,0
1,256700,True,True,0,0
1,256800,True,True,0,0
1,256900,True,True,0,0
1,257000,True,True,0,0
1,257100,True,True,0,0
1,257200,True,True,0,0
1,257300,True,True,0,0
1,257400,True,True,0,0
1,257500,True,True,0,0
1,257600,True,True,0,0
1,257700,True,True,0,0
1,257800,True,True,0,0
1,257900,True,True,0,0
1,258000,True,True,0,0
1,258100,True,True,0,0
1,258200,True,True,0,0
1,258300,True,True,0,0
1,258400,True,True,0,0
1,258500,True,True,0,0
1,258600,True,True,0,0
1,258700,True,True,0,0
1,258800,True,True,0,0
1,258900,True,True,0,0
1,259000,True,True,0,0
1,259100,True,True,0,0
1,259200,True,True,0,0
1,259300,True,True,0,0
1,259400,True,True,0,0
1,259500,True,True,0,0
1,259600,True,True,0,0
1,259700,True,True,0,0
1,259800,True,True,0,0
1,259900,True,True,0,0
1,260000,True,True,0,0
1,260100,True,True,0,0
1,260200,True,True,0,0
1,260300,True,True,0,0
1,260400,True,True,0,0
1,260500,True,True,0,0
1,260600,True,True,0,0
1,260700,True,True,0,0
1,260800,True,True,0,0
1,260900,True,True,0,0
1,261000,True,True,0,0
1,261100,True,True,0,0
1,261200,True,True,0,0
1,261300,True,True,0,0
1,261400,True,True,0,0
1,261500,True,True,0,0
1,261600,True,True,0,0
1,261700,True,True,0,0
1,261800,True,True,0,0
1,261900,True,True,0,0
1,262000,True,True,0,0
1,262100,True,True,0,0
1,262200,True,True,0,0
1,262300,True,True,0,0
1,262400,True,True,0,0
1,262500,True,True,0,0
1,262600,True,True,0,0
1,262700,True,True,0,0
1,262800,True,True,0,0
1,262900,True,True,0,0
1,263000,True,True,0,0
1,263100,True,True,0,0
1,263200,True,True,0,0
1,263300,True,True,0,0
1,263400,True,True,0,0
1,263500,True,True,0,0
1,263600,True,True,0,0
1,263700,True,True,0,0
1,263800,True,True,0,0
1,263900,True,True,0,0
1,264000,True,True,0,0
1,264100,True,True,0,0
1,264200,True,True,0,0
1,264300,True,True,0,0
1,264400,True,True,0,0
1,264500,True,True,0,0
1,264600,True,True,0,0
1,264700,True,True,0,0
1,264800,True,True,0,0
1,264900,True,True,0,0
1,265000,True,True,0,0
1,265100,True,True,0,0
1,265200,True,True,0,0
1,265300,True,True,0,0
1,265400,True,True,0,0
1,265500,True,True,0,0
1,265600,True,True,0,0
1,265700,True,True,0,0
1,265800,True,True,0,0
1,265900,True,True,0,0
1,266000,True,True,0,0
1,266100,True,True,0,0
1,266200,True,True,0,0
1,266300,True,True,0,0
1,266400,True,True,0,0
1,266500,True,True,0,0
1,266600,True,True,0,0
1,266700,True,True,0,0
1,266800,True,True,0,0
1,266900,True,True,0,0
1,267000,True,True,0,0
1,267100,True,True,0,0
1,267200,True,True,0,0
1,267300,True,True,0,0
1,267400,True,True,0,0
1,267500,True,True,0,0
1,267600,True,True,0,0
1,267700,True,True,0,0
1,267800,True,True,0,0
1,267900,True,True,0,0
1,268000,True,True,0,0
1,268100,True,True,0,0
1,268200,True,True,0,0
1,268300,True,True,0,0
1,268400,True,True,0,0
1,268500,True,True,0,0
1,268600,True,True,0,0
1,268700,True,True,0,0
1,268800,True,True,0,0
1,268900,True,True,0,0
1,269000,True,True,0,0
1,269100,True,True,0,0
1,269200,True,True,0,0
1,269300,True,True,0,0
1,269400,True,True,0,0
1,269500,True,True,0,0
1,269600,True,True,0,0
1,269700,True,True,0,0
1,269800,True,True,0,0
1,269900,True,True,0,0
1,270000,True,True,0,0
1,270100,True,True,0,0
1,270200,True,True,0,0
1,270300,True,True,0,0
1,270400,True,True,0,0
1,270500,True,True,0,0
1,270600,True,True,0,0
1,270700,True,True,0,0
1,270800,True,True,0,0
1,270900,True,True,0,0
1,271000,True,True,0,0
1,271100,True,True,0,0
1,271200,True,True,0,0
1,271300,True,True,0,0
1,271400,True,True,0,0
1,271500,True,True,0,0
1,271600,True,True,0,0
1,271700,True,True,0,0
1,271800,True,True,0,0
1,271900,True,True,0,0
1,272000,True,True,0,0
1,272100,True,True,0,0
1,272200,True,True,0,0
1,272300,True,True,0,0
1,272400,True,True,0,0
1,272500,True,True,0,0
1,272600,True,True,0,0
1,272700,True,True,0,0
1,272800,True,True,0,0
1,272900,True,True,0,0
1,273000,True,True,0,0
1,273100,True,True,0,0
1,273200,True,True,0,0
1,273300,True,True,0,0
1,273400,True,True,0,0
1,273500,True,True,0,0
1,273600,True,True,0,0
1,273700,True,True,0,0
1,273800,True,True,0,0
1,273900,True,True,0,0
1,274000,True,True,0,0
1,274100,True,True,0,0
1,274200,True,True,0,0
1,274300,True,True,0,0
1,274400,True,True,0,0
1,274500,True,True,0,0
1,274600,True,True,0,0
1,274700,True,True,0,0
1,274800,True,True,0,0
1,274900,True,True,0,0
1,275000,True,True,0,0
1,275100,True,True,0,0
1,275200,True,True,0,0
1,275300,True,True,0,0
1,275400,True,True,0,0
1,275500,True,True,0,0
1,275600,True,True,0,0
1,275700,True,True,0,0
1,275800,True,True,0,0
1,275900,True,True,0,0
1,276000,True,True,0,0
1,276100,True,True,0,0
1,276200,True,True,0,0
1,276300,True,True,0,0
1,276400,True,True,0,0
1,276500,True,True,0,0
1,276600,True,True,0,0
1,276700,True,True,0,0
1,276800,True,True,0,0
1,276900,True,True,0,0
1,277000,True,True,0,0
1,277100,True,True,0,0
1,277200,True,True,0,0
1,277300,True,True,0,0
1,277400,True,True,0,0
1,277500,True,True,0,0
1,277600,True,True,0,0
1,277700,True,True,0,0
1,277800,True,True,0,0
1,277900,True,True,0,0
1,278000,True,True,0,0
1,278100,True,True,0,0
1,278200,True,True,0,0
1,278300,True,True,0,0
1,278400,True,True,0,0
1,278500,True,True,0,0
1,278600,True,True,0,0
1,278700,True,True,0,0
1,278800,True,True,0,0
1,278900,True,True,0,0
1,279000,True,True,0,0
1,279100,True,True,0,0
1,279200,True,True,0,0
1,279300,True,True,0,0
1,279400,True,True,0,0
1,279500,True,True,0,0
1,279600,True,True,0,0
1,279700,True,True,0,0
1,279800,True,True,0,0
1,279900,True,True,0,0
1,280000,True,True,0,0
1,280100,True,True,0,0
1,280200,True,True,0,0
1,280300,True,True,0,0
1,280400,True,True,0,0
1,280500,True,True,0,0
1,280600,True,True,0,0
1,280700,True,True,0,0
1,280800,True,True,0,0
1,280900,True,True,0,0
1,281000,True,True,0,0
1,281100,True,True,0,0
1,281200,True,True,0,0
1,281300,True,True,0,0
1,281400,True,True,0,0
1,281500,True,True,0,0
1,281600,True,True,0,0
1,281700,True,True,0,0
1,281800,True,True,0,0
1,281900,True,True,0,0
1,282000,True,True,0,0
1,282100,True,True,0,0
1,282200,True,True,0,0
1,282300,True,True,0,0
1,282400,True,True,0,0
1,282500,True,True,0,0
1,282600,True,True,0,0
1,282700,True,True,0,0
1,282800,True,True,0,0
1,282900,True,True,0,0
1,283000,True,True,0,0
1,283100,True,True,0,0
1,283200,True,True,0,0
1,283300,True,True,0,0
1,283400,True,True,0,0
1,283500,True,True,0,0
1,283600,True,True,0,0
1,283700,True,True,0,0
1,283800,True,True,0,0
1,283900,True,True,0,0
1,284000,True,True,0,0
1,284100,True,True,0,0
1,284200,True,True,0,0
1,284300,True,True,0,0
1,284400,True,True,0,0
1,284500,True,True,0,0
1,284600,True,True,0,0
1,284700,True,True,0,0
1,284800,True,True,0,0
1,284900,True,True,0,0
1,285000,True,True,0,0
1,285100,True,True,0,0
1,285200,True,True,0,0
1,285300,True,True,0,0
1,285400,True,True,0,0
1,285500,True,True,0,0
1,285600,True,True,0,0
1,285700,True,True,0,0
1,285800,True,True,0,0
1,285900,True,True,0,0
1,286000,True,True,0,0
1,286100,True,True,0,0
1,286200,True,True,0,0
1,286300,True,True,0,0
1,286400,True,True,0,0
1,286500,True,True,0,0
1,286600,True,True,0,0
1,286700,True,True,0,0
1,286800,True,True,0,0
1,286900,True,True,0,0
1,287000,True,True,0,0
1,287100,True,True,0,0
1,287200,True,True,0,0
1,287300,True,True,0,0
1,287400,True,True,0,0
1,287500,True,True,0,0
1,287600,True,True,0,0
1,287700,True,True,0,0
1,287800,True,True,0,0
1,287900,True,True,0,0
1,288000,True,True,0,0
1,288100,True,True,0,0
1,288200,True,True,0,0
1,288300,True,True,0,0
1,288400,True,True,0,0
1,288500,True,True,0,0
1,288600,True,True,0,0
1,288700,True,True,0,0
1,288800,True,True,0,0
1,288900,True,True,0,0
1,289000,True,True,0,0
1,289100,True,True,0,0
1,289200,True,True,0,0
1,289300,True,True,0,0
1,289400,True,True,0,0
1,289500,True,True,0,0
1,289600,True,True,0,0
1,289700,True,True,0,0
1,289800,True,True,0,0
1,289900,True,True,0,0
1,290000,True,True,0,0
1,290100,True,True,0,0
1,290200,True,True,0,0
1,290300,True,True,0,0
1,290400,True,True,0,0
1,290500,True,True,0,0
1,290600,True,True,0,0
1,290700,True,True,0,0
1,290800,True,True,0,0
1,290900,True,True,0,0
1,291000,True,True,0,0
1,291100,True,True,0,0
1,291200,True,True,0,0
1,291300,True,True,0,0
1,291400,True,True,0,0
1,291500,True,True,0,0
1,291600,True,True,0,0
1,291700,True,True,0,0
1,291800,True,True,0,0
1,291900,True,True,0,0
1,292000,True,True,0,0
1,292100,True,True,0,0
1,292200,True,True,0,0
1,292300,True,True,0,0
1,292400,True,True,0,0
1,292500,True,True,0,0
1,292600,True,True,0,0
1,292700,True,True,0,0
1,292800,True,True,0,0
1,292900,True,True,0,0
1,293000,True,True,0,0
1,293100,True,True,0,0
1,293200,True,True,0,0
1,293300,True,True,0,0
1,293400,True,True,0,0
1,293500,True,True,0,0
1,293600,True,True,0,0
1,293700,True,True,0,0
1,293800,True,True,0,0
1,293900,True,True,0,0
1,294000,True,True,0,0
1,294100,True,True,0,0
1,294200,True,True,0,0
1,294300,True,True,0,0
1,294400,True,True,0,0
1,294500,True,True,0,0
1,294600,True,True,0,0
1,294700,True,True,0,0
1,294800,True,True,0,0
1,294900,True,True,0,0
1,295000,True,True,0,0
1,295100,True,True,0,0
1,295200,True,True,0,0
1,295300,True,True,0,0
1,295400,True,True,0,0
1,295500,True,True,0,0
1,295600,True,True,0,0
1,295700,True,True,0,0
1,295800,True,True,0,0
1,295900,True,True,0,0
1,296000,True,True,0,0
1,296100,True,True,0,0
1,296200,True,True,0,0
1,296300,True,True,0,0
1,296400,True,True,0,0
1,296500,True,True,0,0
1,296600,True,True,0,0
1,296700,True,True,0,0
1,296800,True,True,0,0
1,296900,True,True,0,0
1,297000,True,True,0,0
1,297100,True,True,0,0
1,297200,True,True,0,0
1,297300,True,True,0,0
1,297400,True,True,0,0
1,297500,True,True,0,0
1,297600,True,True,0,0
1,297700,True,True,0,0
1,297800,True,True,0,0
1,297900,True,True,0,0
1,298000,True,True,0,0
1,298100,True,True,0,0
1,298200,True,True,0,0
1,298300,True,True,0,0
1,298400,True,True,0,0
1,298500,True,True,0,0
1,298600,True,True,0,0
1,298700,True,True,0,0
1,298800,True,True,0,0
1,298900,True,True,0,0
1,299000,True,True,0,0
1,299100,True,True,0,0
1,299200,True,True,0,0
1,299300,True,True,0,0
1,299400,True,True,0,0
1,299500,True,True,0,0
1,299600,True,True,0,0
1,299700,True,True,0,0
1,299800,True,True,0,0
1,299900,True,True,0,0
1,300000,True,True,0,0
1,300100,True,True,0,0
1,300200,True,True,0,0
1,300300,True,True,0,0
1,300400,True,True,0,0
1,300500,True,True,0,0
1,300600,True,True,0,0
1,300700,True,True,0,0
1,300800,True,True,0,0
1,300900,True,True,0,0
1,301000,True,True,0,0
1,301100,True,True,0,0
1,301200,True,True,0,0
1,301300,True,True,0,0
1,301400,True,True,0,0
1,301500,True,True,0,0
1,301600,True,True,0,0
1,301700,True,True,0,0
1,301800,True,True,0,0
1,301900,True,True,0,0
1,302000,True,True,0,0
1,302100,True,True,0,0
1,302200,True,True,0,0
1,302300,True,True,0,0
1,302400,True,True,0,0
1,302500,True,True,0,0
1,302600,True,True,0,0
1,302700,True,True,0,0
1,302800,True,True,0,0
1,302900,True,True,0,0
1,303000,True,True,0,0
1,303100,True,True,0,0
1,303200,True,True,0,0
1,303300,True,True,0,0
1,303400,True,True,0,0
1,303500,True,True,0,0
1,303600,True,True,0,0
1,303700,True,True,0,0
1,303800,True,True,0,0
1,303900,True,True,0,0
1,304000,True,True,0,0
1,304100,True,True,0,0
1,304200,True,True,0,0
1,304300,True,True,0,0
1,304400,True,True,0,0
1,304500,True,True,0,0
1,304600,True,True,0,0
1,304700,True,True,0,0
1,304800,True,True,0,0
1,304900,True,True,0,0
1,305000,True,True,0,0
1,305100,True,True,0,0
1,305200,True,True,0,0
1,305300,True,True,0,0
1,305400,True,True,0,0
1,305500,True,True,0,0
1,305600,True,True,0,0
1,305700,True,True,0,0
1,305800,True,True,0,0
1,305900,True,True,0,0
1,306000,True,True,0,0
1,306100,True,True,0,0
1,306200,True,True,0,0
1,306300,True,True,0,0
1,306400,True,True,0,0
1,306500,True,True,0,0
1,306600,True,True,0,0
1,306700,True,True,0,0
1,306800,True,True,0,0
1,306900,True,True,0,0
1,307000,True,True,0,0
1,307100,True,True,0,0
1,307200,True,True,0,0
1,307300,True,True,0,0
1,307400,True,True,0,0
1,307500,True,True,0,0
1,307600,True,True,0,0
1,307700,True,True,0,0
1,307800,True,True,0,0
1,307900,True,True,0,0
1,308000,True,True,0,0
1,308100,True,True,0,0
1,308200,True,True,0,0
1,308300,True,True,0,0
1,308400,True,True,0,0
1,308500,True,True,0,0
1,308600,True,True,0,0
1,308700,True,True,0,0
1,308800,True,True,0,0
1,308900,True,True,0,0
1,309000,True,True,0,0
1,309100,True,True,0,0
1,309200,True,True,0,0
1,309300,True,True,0,0
1,309400,True,True,0,0
1,309500,True,True,0,0
1,309600,True,True,0,0
1,309700,True,True,0,0
1,309800,True,True,0,0
1,309900,True,True,0,0
1,310000,True,True,0,0
1,310100,True,True,0,0
1,310200,True,True,0,0
1,310300,True,True,0,0
1,310400,True,True,0,0
1,310500,True,True,0,0
1,310600,True,True,0,0
1,310700,True,True,0,0
1,310800,True,True,0,0
1,310900,True,True,0,0
1,311000,True,True,0,0
1,311100,True,True,0,0
1,311200,True,True,0,0
1,311300,True,True,0,0
1,311400,True,True,0,0
1,311500,True,True,0,0
1,311600,True,True,0,0
1,311700,True,True,0,0
1,311800,True,True,0,0
1,311900,True,True,0,0
1,312000,True,True,0,0
1,312100,True,True,0,0
1,312200,True,True,0,0
1,312300,True,True,0,0
1,312400,True,True,0,0
1,312500,True,True,0,0
1,312600,True,True,0,0
1,312700,True,True,0,0
1,312800,True,True,0,0
1,312900,True,True,0,0
1,313000,True,True,0,0
1,313100,True,True,0,0
1,313200,True,True,0,0
1,313300,True,True,0,0
1,313400,True,True,0,0
1,313500,True,True,0,0
1,313600,True,True,0,0
1,313700,True,True,0,0
1,313800,True,True,0,0
1,313900,True,True,0,0
1,314000,True,True,0,0
1,314100,True,True,0,0
1,314200,True,True,0,0
1,314300,True,True,0,0
1,314400,True,True,0,0
1,314500,True,True,0,0
1,314600,True,True,0,0
1,314700,True,True,0,0
1,314800,True,True,0,0
1,314900,True,True,0,0
1,315000,True,True,0,0
1,315100,True,True,0,0
1,315200,True,True,0,0
1,315300,True,True,0,0
1,315400,True,True,0,0
1,315500,True,True,0,0
1,315600,True,True,0,0
1,315700,True,True,0,0
1,315800,True,True,0,0
1,315900,True,True,0,0
1,316000,True,True,0,0
1,316100,True,True,0,0
1,316200,True,True,0,0
1,316300,True,True,0,0
1,316400,True,True,0,0
1,316500,True,True,0,0
1,316600,True,True,0,0
1,316700,True,True,0,0
1,316800,True,True,0,0
1,316900,True,True,0,0
1,317000,True,True,0,0
1,317100,True,True,0,0
1,317200,True,True,0,0
1,317300,True,True,0,0
1,317400,True,True,0,0
1,317500,True,True,0,0
1,317600,True,True,0,0
1,317700,True,True,0,0
1,317800,True,True,0,0
1,317900,True,True,0,0
1,318000,True,True,0,0
1,318100,True,True,0,0
1,318200,True,True,0,0
1,318300,True,True,0,0
1,318400,True,True,0,0
1,318500,True,True,0,0
1,318600,True,True,0,0
1,318700,True,True,0,0
1,318800,True,True,0,0
1,318900,True,True,0,0
1,319000,True,True,0,0
1,319100,True,True,0,0
1,319200,True,True,0,0
1,319300,True,True,0,0
1,319400,True,True,0,0
1,319500,True,True,0,0
1,319600,True,True,0,0
1,319700,True,True,0,0
1,319800,True,True,0,0
1,319900,True,True,0,0
1,320000,True,True,0,0
1,320100,True,True,0,0
1,320200,True,True,0,0
1,320300,True,True,0,0
1,320400,True,True,0,0
1,320500,True,True,0,0
1,320600,True,True,0,0
1,320700,True,True,0,0
1,320800,True,True,0,0
1,320900,True,True,0,0
1,321000,True,True,0,0
1,321100,True,True,0,0
1,321200,True,True,0,0
1,321300,True,True,0,0
1,321400,True,True,0,0
1,321500,True,True,0,0
1,321600,True,True,0,0
1,321700,True,True,0,0
1,321800,True,True,0,0
1,321900,True,True,0,0
1,322000,True,True,0,0
1,322100,True,True,0,0
1,322200,True,True,0,0
1,322300,True,True,0,0
1,322400,True,True,0,0
1,322500,True,True,0,0
1,322600,True,True,0,0
1,322700,True,True,0,0
1,322800,True,True,0,0
1,322900,True,True,0,0
1,323000,True,True,0,0
1,323100,True,True,0,0
1,323200,True,True,0,0
1,323300,True,True,0,0
1,323400,True,True,0,0
1,323500,True,True,0,0
1,323600,True,True,0,0
1,323700,True,True,0,0
1,323800,True,True,0,0
1,323900,True,True,0,0
1,324000,True,True,0,0
1,324100,True,True,0,0
1,324200,True,True,0,0
1,324300,True,True,0,0
1,324400,True,True,0,0
1,324500,True,True,0,0
1,324600,True,True,0,0
1,324700,True,True,0,0
1,324800,True,True,0,0
1,324900,True,True,0,0
1,325000,True,True,0,0
1,325100,True,True,0,0
1,325200,True,True,0,0
1,325300,True,True,0,0
1,325400,True,True,0,0
1,325500,True,True,0,0
1,325600,True,True,0,0
1,325700,True,True,0,0
1,325800,True,True,0,0
1,325900,True,True,0,0
1,326000,True,True,0,0
1,326100,True,True,0,0
1,326200,True,True,0,0
1,326300,True,True,0,0
1,326400,True,True,0,0
1,326500,True,True,0,0
1,326600,True,True,0,0
1,326700,True,True,0,0
1,326800,True,True,0,0
1,326900,True,True,0,0
1,327000,True,True,0,0
1,327100,True,True,0,0
1,327200,True,True,0,0
1,327300,True,True,0,0
1,327400,True,True,0,0
1,327500,True,True,0,0
1,327600,True,True,0,0
1,327700,True,True,0,0
1,327800,True,True,0,0
1,327900,True,True,0,0
1,328000,True,True,0,0
1,328100,True,True,0,0
1,328200,True,True,0,0
1,328300,True,True,0,0
1,328400,True,True,0,0
1,328500,True,True,0,0
1,328600,True,True,0,0
1,328700,True,True,0,0
1,328800,True,True,0,0
1,328900,True,True,0,0
1,329000,True,True,0,0
1,329100,True,True,0,0
1,329200,True,True,0,0
1,329300,True,True,0,0
1,329400,True,True,0,0
1,329500,True,True,0,0
1,329600,True,True,0,0
1,329700,True,True,0,0
1,329800,True,True,0,0
1,329900,True,True,0,0
1,330000,True,True,0,0
1,330100,True,True,0,0
1,330200,True,True,0,0
1,330300,True,True,0,0
1,330400,True,True,0,0
1,330500,True,True,0,0
1,330600,True,True,0,0
1,330700,True,True,0,0
1,330800,True,True,0,0
1,330900,True,True,0,0
1,331000,True,True,0,0
1,331100,True,True,0,0
1,331200,True,True,0,0
1,331300,True,True,0,0
1,331400,True,True,0,0
1,331500,True,True,0,0
1,331600,True,True,0,0
1,331700,True,True,0,0
1,331800,True,True,0,0
1,331900,True,True,0,0
1,332000,True,True,0,0
1,332100,True,True,0,0
1,332200,True,True,0,0
1,332300,True,True,0,0
1,332400,True,True,0,0
1,332500,True,True,0,0
1,332600,True,True,0,0
1,332700,True,True,0,0
1,332800,True,True,0,0
1,332900,True,True,0,0
1,333000,True,True,0,0
1,333100,True,True,0,0
1,333200,True,True,0,0
1,333300,True,True,0,0
1,333400,True,True,0,0
1,333500,True,True,0,0
1,333600,True,True,0,0
1,333700,True,True,0,0
1,333800,True,True,0,0
1,333900,True,True,0,0
1,334000,True,True,0,0
1,334100,True,True,0,0
1,334200,True,True,0,0
1,334300,True,True,0,0
1,334400,True,True,0,0
1,334500,True,True,0,0
1,334600,True,True,0,0
1,334700,True,True,0,0
1,334800,True,True,0,0
1,334900,True,True,0,0
1,335000,True,True,0,0
1,335100,True,True,0,0
1,335200,True,True,0,0
1,335300,True,True,0,0
1,335400,True,True,0,0
1,335500,True,True,0,0
1,335600,True,True,0,0
1,335700,True,True,0,0
1,335800,True,True,0,0
1,335900,True,True,0,0
1,336000,True,True,0,0
1,336100,True,True,0,0
1,336200,True,True,0,0
1,336300,True,True,0,0
1,336400,True,True,0,0
1,336500,True,True,0,0
1,336600,True,True,0,0
1,336700,True,True,0,0
1,336800,True,True,0,0
1,336900,True,True,0,0
1,337000,True,True,0,0
1,337100,True,True,0,0
1,337200,True,True,0,0
1,337300,True,True,0,0
1,337400,True,True,0,0
1,337500,True,True,0,0
1,337600,True,True,0,0
1,337700,True,True,0,0
1,337800,True,True,0,0
1,337900,True,True,0,0
1,338000,True,True,0,0
1,338100,True,True,0,0
1,338200,True,True,0,0
1,338300,True,True,0,0
1,338400,True,True,0,0
1,338500,True,True,0,0
1,338600,True,True,0,0
1,338700,True,True,0,0
1,338800,True,True,0,0
1,338900,True,True,0,0
1,339000,True,True,0,0
1,339100,True,True,0,0
1,339200,True,True,0,0
1,339300,True,True,0,0
1,339400,True,True,0,0
1,339500,True,True,0,0
1,339600,True,True,0,0
1,339700,True,True,0,0
1,339800,True,True,0,0
1,339900,True,True,0,0
1,340000,True,True,0,0
1,340100,True,True,0,0
1,340200,True,True,0,0
1,340300,True,True,0,0
1,340400,True,True,0,0
1,340500,True,True,0,0
1,340600,True,True,0,0
1,340700,True,True,0,0
1,340800,True,True,0,0
1,340900,True,True,0,0
1,341000,True,True,0,0
1,341100,True,True,0,0
1,341200,True,True,0,0
1,341300,True,True,0,0
1,341400,True,True,0,0
1,341500,True,True,0,0
1,341600,True,True,0,0
1,341700,True,True,0,0
1,341800,True,True,0,0
1,341900,True,True,0,0
1,342000,True,True,0,0
1,342100,True,True,0,0
1,342200,True,True,0,0
1,342300,True,True,0,0
1,342400,True,True,0,0
1,342500,True,True,0,0
1,342600,True,True,0,0
1,342700,True,True,0,0
1,342800,True,True,0,0
1,342900,True,True,0,0
1,343000,True,True,0,0
1,343100,True,True,0,0
1,343200,True,True,0,0
1,343300,True,True,0,0
1,343400,True,True,0,0
1,343500,True,True,0,0
1,343600,True,True,0,0
1,343700,True,True,0,0
1,343800,True,True,0,0
1,343900,True,True,0,0
1,344000,True,True,0,0
1,344100,True,True,0,0
1,344200,True,True,0,0
1,344300,True,True,0,0
1,344400,True,True,0,0
1,344500,True,True,0,0
1,344600,True,True,0,0
1,344700,True,True,0,0
1,344800,True,True,0,0
1,344900,True,True,0,0
1,345000,True,True,0,0
1,345100,True,True,0,0
1,345200,True,True,0,0
1,345300,True,True,0,0
1,345400,True,True,0,0
1,345500,True,True,0,0
1,345600,True,True,0,0
1,345700,True,True,0,0
1,345800,True,True,0,0
1,345900,True,True,0,0
1,346000,True,True,0,0
1,346100,True,True,0,0
1,346200,True,True,0,0
1,346300,True,True,0,0
1,346400,True,True,0,0
1,346500,True,True,0,0
1,346600,True,True,0,0
1,346700,True,True,0,0
1,346800,True,True,0,0
1,346900,True,True,0,0
1,347000,True,True,0,0
1,347100,True,True,0,0
1,347200,True,True,0,0
1,347300,True,True,0,0
1,347400,True,True,0,0
1,347500,True,True,0,0
1,347600,True,True,0,0
1,347700,True,True,0,0
1,347800,True,True,0,0
1,347900,True,True,0,0
1,348000,True,True,0,0
1,348100,True,True,0,0
1,348200,True,True,0,0
1,348300,True,True,0,0
1,348400,True,True,0,0
1,348500,True,True,0,0
1,348600,True,True,0,0
1,348700,True,True,0,0
1,348800,True,True,0,0
1,348900,True,True,0,0
1,349000,True,True,0,0
1,349100,True,True,0,0
1,349200,True,True,0,0
1,349300,True,True,0,0
1,349400,True,True,0,0
1,349500,True,True,0,0
1,349600,True,True,0,0
1,349700,True,True,0,0
1,349800,True,True,0,0
1,349900,True,True,0,0
1,350000,True,True,0,0
1,350100,True,True,0,0
1,350200,True,True,0,0
1,350300,True,True,0,0
1,350400,True,True,0,0
1,350500,True,True,0,0
1,350600,True,True,0,0
1,350700,True,True,0,0
1,350800,True,True,0,0
1,350900,True,True,0,0
1,351000,True,True,0,0
1,351100,True,True,0,0
1,351200,True,True,0,0
1,351300,True,True,0,0
1,351400,True,True,0,0
1,351500,True,True,0,0
1,351600,True,True,0,0
1,351700,True,True,0,0
1,351800,True,True,0,0
1,351900,True,True,0,0
1,352000,True,True,0,0
1,352100,True,True,0,0
1,352200,True,True,0,0
1,352300,True,True,0,0
1,352400,True,True,0,0
1,352500,True,True,0,0
1,352600,True,True,0,0
1,352700,True,True,0,0
1,352800,True,True,0,0
1,352900,True,True,0,0
1,353000,True,True,0,0
1,353100,True,True,0,0
1,353200,True,True,0,0
1,353300,True,True,0,0
1,353400,True,True,0,0
1,353500,True,True,0,0
1,353600,True,True,0,0
1,353700,True,True,0,0
1,353800,True,True,0,0
1,353900,True,True,0,0
1,354000,True,True,0,0
1,354100,True,True,0,0
1,354200,True,True,0,0
1,354300,True,True,0,0
1,354400,True,True,0,0
1,354500,True,True,0,0
1,354600,True,True,0,0
1,354700,True,True,0,0
1,354800,True,True,0,0
1,354900,True,True,0,0
1,355000,True,True,0,0
1,355100,True,True,0,0
1,355200,True,True,0,0
1,355300,True,True,0,0
1,355400,True,True,0,0
1,355500,True,True,0,0
1,355600,True,True,0,0
1,355700,True,True,0,0
1,355800,True,True,0,0
1,355900,True,True,0,0
1,356000,True,True,0,0
1,356100,True,True,0,0
1,356200,True,True,0,0
1,356300,True,True,0,0
1,356400,True,True,0,0
1,356500,True,True,0,0
1,356600,True,True,0,0
1,356700,True,True,0,0
1,356800,True,True,0,0
1,356900,True,True,0,0
1,357000,True,True,0,0
1,357100,True,True,0,0
1,357200,True,True,0,0
1,357300,True,True,0,0
1,357400,True,True,0,0
1,357500,True,True,0,0
1,357600,True,True,0,0
1,357700,True,True,0,0
1,357800,True,True,0,0
1,357900,True,True,0,0
1,358000,True,True,0,0
1,358100,True,True,0,0
1,358200,True,True,0,0
1,358300,True,True,0,0
1,358400,True,True,0,0
1,358500,True,True,0,0
1,358600,True,True,0,0
1,358700,True,True,0,0
1,358800,True,True,0,0
1,358900,True,True,0,0
1,359000,True,True,0,0
1,359100,True,True,0,0
1,359200,True,True,0,0
1,359300,True,True,0,0
1,359400,True,True,0,0
1,359500,True,True,0,0
1,359600,True,True,0,0
1,359700,True,True,0,0
1,359800,True,True,0,0
1,359900,True,True,0,0
1,360000,True,True,0,0
1,360100,True,True,0,0
1,360200,True,True,0,0
1,360300,True,True,0,0
1,360400,True,True,0,0
1,360500,True,True,0,0
1,360600,True,True,0,0
1,360700,True,True,0,0
1,360800,True,True,0,0
1,360900,True,True,0,0
1,361000,True,True,0,0
1,361100,True,True,0,0
1,361200,True,True,0,0
1,361300,True,True,0,0
1,361400,True,True,0,0
1,361500,True,True,0,0
1,361600,True,True,0,0
1,361700,True,True,0,0
1,361800,True,True,0,0
1,361900,True,True,0,0
1,362000,True,True,0,0
1,362100,True,True,0,0
1,362200,True,True,0,0
1,362300,True,True,0,0
1,362400,True,True,0,0
1,362500,True,True,0,0
1,362600,True,True,0,0
1,362700,True,True,0,0
1,362800,True,True,0,0
1,362900,True,True,0,0
1,363000,True,True,0,0
1,363100,True,True,0,0
1,363200,True,True,0,0
1,363300,True,True,0,0
1,363400,True,True,0,0
1,363500,True,True,0,0
1,363600,True,True,0,0
1,363700,True,True,0,0
1,363800,True,True,0,0
1,363900,True,True,0,0
1,364000,True,True,0,0
1,364100,True,True,0,0
1,364200,True,True,0,0
1,364300,True,True,0,0
1,364400,True,True,0,0
1,364500,True,True,0,0
1,364600,True,True,0,0
1,364700,True,True,0,0
1,364800,True,True,0,0
1,364900,True,True,0,0
1,365000,True,True,0,0
1,365100,True,True,0,0
1,365200,True,True,0,0
1,365300,True,True,0,0
1,365400,True,True,0,0
1,365500,True,True,0,0
1,365600,True,True,0,0
1,365700,True,True,0,0
1,365800,True,True,0,0
1,365900,True,True,0,0
1,366000,True,True,0,0
1,366100,True,True,0,0
1,366200,True,True,0,0
1,366300,True,True,0,0
1,366400,True,True,0,0
1,366500,True,True,0,0
1,366600,True,True,0,0
1,366700,True,True,0,0
1,366800,True,True,0,0
1,366900,True,True,0,0
1,367000,True,True,0,0
1,367100,True,True,0,0
1,367200,True,True,0,0
1,367300,True,True,0,0
1,367400,True,True,0,0
1,367500,True,True,0,0
1,367600,True,True,0,0
1,367700,True,True,0,0
1,367800,True,True,0,0
1,367900,True,True,0,0
1,368000,True,True,0,0
1,368100,True,True,0,0
1,368200,True,True,0,0
1,368300,True,True,0,0
1,368400,True,True,0,0
1,368500,True,True,0,0
1,368600,True,True,0,0
1,368700,True,True,0,0
1,368800,True,True,0,0
1,368900,True,True,0,0
1,369000,True,True,0,0
1,369100,True,True,0,0
1,369200,True,True,0,0
1,369300,True,True,0,0
1,369400,True,True,0,0
1,369500,True,True,0,0
1,369600,True,True,0,0
1,369700,True,True,0,0
1,369800,True,True,0,0
1,369900,True,True,0,0
1,370000,True,True,0,0
1,370100,True,True,0,0
1,370200,True,True,0,0
1,370300,True,True,0,0
1,370400,True,True,0,0
1,370500,True,True,0,0
1,370600,True,True,0,0
1,370700,True,True,0,0
1,370800,True,True,0,0
1,370900,True,True,0,0
1,371000,True,True,0,0
1,371100,True,True,0,0
1,371200,True,True,0,0
1,371300,True,True,0,0
1,371400,True,True,0,0
1,371500,True,True,0,0
1,371600,True,True,0,0
1,371700,True,True,0,0
1,371800,True,True,0,0
1,371900,True,True,0,0
1,372000,True,True,0,0
1,372100,True,True,0,0
1,372200,True,True,0,0
1,372300,True,True,0,0
1,372400,True,True,0,0
1,372500,True,True,0,0
1,372600,True,True,0,0
1,372700,True,True,0,0
1,372800,True,True,0,0
1,372900,True,True,0,0
1,373000,True,True,0,0
1,373100,True,True,0,0
1,373200,True,True,0,0
1,373300,True,True,0,0
1,373400,True,True,0,0
1,373500,True,True,0,0
1,373600,True,True,0,0
1,373700,True,True,0,0
1,373800,True,True,0,0
1,373900,True,True,0,0
1,374000,True,True,0,0
1,374100,True,True,0,0
1,374200,True,True,0,0
1,374300,True,True,0,0
1,374400,True,True,0,0
1,374500,True,True,0,0
1,374600,True,True,0,0
1,374700,True,True,0,0
1,374800,True,True,0,0
1,374900,True,True,0,0
1,375000,True,True,0,0
1,375100,True,True,0,0
1,375200,True,True,0,0
1,375300,True,True,0,0
1,375400,True,True,0,0
1,375500,True,True,0,0
1,375600,True,True,0,0
1,375700,True,True,0,0
1,375800,True,True,0,0
1,375900,True,True,0,0
1,376000,True,True,0,0
1,376100,True,True,0,0
1,376200,True,True,0,0
1,376300,True,True,0,0
1,376400,True,True,0,0
1,376500,True,True,0,0
1,376600,True,True,0,0
1,376700,True,True,0,0
1,376800,True,True,0,0
1,376900,True,True,0,0
1,377000,True,True,0,0
1,377100,True,True,0,0
1,377200,True,True,0,0
1,377300,True,True,0,0
1,377400,True,True,0,0
1,377500,True,True,0,0
1,377600,True,True,0,0
1,377700,True,True,0,0
1,377800,True,True,0,0
1,377900,True,True,0,0
1,378000,True,True,0,0
1,378100,True,True,0,0
1,378200,True,True,0,0
1,378300,True,True,0,0
1,378400,True,True,0,0
1,378500,True,True,0,0
1,378600,True,True,0,0
1,378700,True,True,0,0
1,378800,True,True,0,0
1,378900,True,True,0,0
1,379000,True,True,0,0
1,379100,True,True,0,0
1,379200,True,True,0,0
1,379300,True,True,0,0
1,379400,True,True,0,0
1,379500,True,True,0,0
1,379600,True,True,0,0
1,379700,True,True,0,0
1,379800,True,True,0,0
1,379900,True,True,0,0
1,380000,True,True,0,0
1,380100,True,True,0,0
1,380200,True,True,0,0
1,380300,True,True,0,0
1,380400,True,True,0,0
1,380500,True,True,0,0
1,380600,True,True,0,0
1,380700,True,True,0,0
1,380800,True,True,0,0
1,380900,True,True,0,0
1,381000,True,True,0,0
1,381100,True,True,0,0
1,381200,True,True,0,0
1,381300,True,True,0,0
1,381400,True,True,0,0
1,381500,True,True,0,0
1,381600,True,True,0,0
1,381700,True,True,0,0
1,381800,True,True,0,0
1,381900,True,True,0,0
1,382000,True,True,0,0
1,382100,True,True,0,0
1,382200,True,True,0,0
1,382300,True,True,0,0
1,382400,True,True,0,0
1,382500,True,True,0,0
1,382600,True,True,0,0
1,382700,True,True,0,0
1,382800,True,True,0,0
1,382900,True,True,0,0
1,383000,True,True,0,0
1,383100,True,True,0,0
1,383200,True,True,0,0
1,383300,True,True,0,0
1,383400,True,True,0,0
1,383500,True,True,0,0
1,383600,True,True,0,0
1,383700,True,True,0,0
1,383800,True,True,0,0
1,383900,True,True,0,0
1,384000,True,True,0,0
1,384100,True,True,0,0
1,384200,True,True,0,0
1,384300,True,True,0,0
1,384400,True,True,0,0
1,384500,True,True,0,0
1,384600,True,True,0,0
1,384700,True,True,0,0
1,384800,True,True,0,0
1,384900,True,True,0,0
1,385000,True,True,0,0
1,385100,True,True,0,0
1,385200,True,True,0,0
1,385300,True,True,0,0
1,385400,True,True,0,0
1,385500,True,True,0,0
1,385600,True,True,0,0
1,385700,True,True,0,0
1,385800,True,True,0,0
1,385900,True,True,0,0
1,386000,True,True,0,0
1,386100,True,True,0,0
1,386200,True,True,0,0
1,386300,True,True,0,0
1,386400,True,True,0,0
1,386500,True,True,0,0
1,386600,True,True,0,0
1,386700,True,True,0,0
1,386800,True,True,0,0
1,386900,True,True,0,0
1,387000,True,True,0,0
1,387100,True,True,0,0
1,387200,True,True,0,0
1,387300,True,True,0,0
1,387400,True,True,0,0
1,387500,True,True,0,0
1,387600,True,True,0,0
1,387700,True,True,0,0
1,387800,True,True,0,0
1,387900,True,True,0,0
1,388000,True,True,0,0
1,388100,True,True,0,0
1,388200,True,True,0,0
1,388300,True,True,0,0
1,388400,True,True,0,0
1,388500,True,True,0,0
1,388600,True,True,0,0
1,388700,True,True,0,0
1,388800,True,True,0,0
1,388900,True,True,0,0
1,389000,True,True,0,0
1,389100,True,True,0,0
1,389200,True,True,0,0
1,389300,True,True,0,0
1,389400,True,True,0,0
1,389500,True,True,0,0
1,389600,True,True,0,0
1,389700,True,True,0,0
1,389800,True,True,0,0
1,389900,True,True,0,0
1,390000,True,True,0,0
1,390100,True,True,0,0
1,390200,True,True,0,0
1,390300,True,True,0,0
1,390400,True,True,0,0
1,390500,True,True,0,0
1,390600,True,True,0,0
1,390700,True,True,0,0
1,390800,True,True,0,0
1,390900,True,True,0,0
1,391000,True,True,0,0
1,391100,True,True,0,0
1,391200,True,True,0,0
1,391300,True,True,0,0
1,391400,True,True,0,0
1,391500,True,True,0,0
1,391600,True,True,0,0
1,391700,True,True,0,0
1,391800,True,True,0,0
1,391900,True,True,0,0
1,392000,True,True,0,0
1,392100,True,True,0,0
1,392200,True,True,0,0
1,392300,True,True,0,0
1,392400,True,True,0,0
1,392500,True,True,0,0
1,392600,True,True,0,0
1,392700,True,True,0,0
1,392800,True,True,0,0
1,392900,True,True,0,0
1,393000,True,True,0,0
1,393100,True,True,0,0
1,393200,True,True,0,0
1,393300,True,True,0,0
1,393400,True,True,0,0
1,393500,True,True,0,0
1,393600,True,True,0,0
1,393700,True,True,0,0
1,393800,True,True,0,0
1,393900,True,True,0,0
1,394000,True,True,0,0
1,394100,True,True,0,0
1,394200,True,True,0,0
1,394300,True,True,0,0
1,394400,True,True,0,0
1,394500,True,True,0,0
1,394600,True,True,0,0
1,394700,True,True,0,0
1,394800,True,True,0,0
1,394900,True,True,0,0
1,395000,True,True,0,0
1,395100,True,True,0,0
1,395200,True,True,0,0
1,395300,True,True,0,0
1,395400,True,True,0,0
1,395500,True,True,0,0
1,395600,True,True,0,0
1,395700,True,True,0,0
1,395800,True,True,0,0
1,395900,True,True,0,0
1,396000,True,True,0,0
1,396100,True,True,0,0
1,396200,True,True,0,0
1,396300,True,True,0,0
1,396400,True,True,0,0
1,396500,True,True,0,0
1,396600,True,True,0,0
1,396700,True,True,0,0
1,396800,True,True,0,0
1,396900,True,True,0,0
1,397000,True,True,0,0
1,397100,True,True,0,0
1,397200,True,True,0,0
1,397300,True,True,0,0
1,397400,True,True,0,0
1,397500,True,True,0,0
1,397600,True,True,0,0
1,397700,True,True,0,0
1,397800,True,True,0,0
1,397900,True,True,0,0
1,398000,True,True,0,0
1,398100,True,True,0,0
1,398200,True,True,0,0
1,398300,True,True,0,0
1,398400,True,True,0,0
1,398500,True,True,0,0
1,398600,True,True,0,0
1,398700,True,True,0,0
1,398800,True,True,0,0
1,398900,True,True,0,0
1,399000,True,True,0,0
1,399100,True,True,0,0
1,399200,True,True,0,0
1,399300,True,True,0,0
1,399400,True,True,0,0
1,399500,True,True,0,0
1,399600,True,True,0,0
1,399700,True,True,0,0
1,399800,True,True,0,0
1,399900,True,True,0,0
1,400000,True,True,0,0
1,400100,True,True,0,0
1,400200,True,True,0,0
1,400300,True,True,0,0
1,400400,True,True,0,0
1,400500,True,True,0,0
1,400600,True,True,0,0
1,400700,True,True,0,0
1,400800,True,True,0,0
1,400900,True,True,0,0
1,401000,True,True,0,0
1,401100,True,True,0,0
1,401200,True,True,0,0
1,401300,True,True,0,0
1,401400,True,True,0,0
1,401500,True,True,0,0
1,401600,True,True,0,0
1,401700,True,True,0,0
1,401800,True,True,0,0
1,401900,True,True,0,0
1,402000,True,True,0,0
1,402100,True,True,0,0
1,402200,True,True,0,0
1,402300,True,True,0,0
1,402400,True,True,0,0
1,402500,True,True,0,0
1,402600,True,True,0,0
1,402700,True,True,0,0
1,402800,True,True,0,0
1,402900,True,True,0,0
1,403000,True,True,0,0
1,403100,True,True,0,0
1,403200,True,True,0,0
1,403300,True,True,0,0
1,403400,True,True,0,0
1,403500,True,True,0,0
1,403600,True,True,0,0
1,403700,True,True,0,0
1,403800,True,True,0,0
1,403900,True,True,0,0
1,404000,True,True,0,0
1,404100,True,True,0,0
1,404200,True,True,0,0
1,404300,True,True,0,0
1,404400,True,True,0,0
1,404500,True,True,0,0
1,404600,True,True,0,0
1,404700,True,True,0,0
1,404800,True,True,0,0
1,404900,True,True,0,0
1,405000,True,True,0,0
1,405100,True,True,0,0
1,405200,True,True,0,0
1,405300,True,True,0,0
1,405400,True,True,0,0
1,405500,True,True,0,0
1,405600,True,True,0,0
1,405700,True,True,0,0
1,405800,True,True,0,0
1,405900,True,True,0,0
1,406000,True,True,0,0
1,406100,True,True,0,0
1,406200,True,True,0,0
1,406300,True,True,0,0
1,406400,True,True,0,0
1,406500,True,True,0,0
1,406600,True,True,0,0
1,406700,True,True,0,0
1,406800,True,True,0,0
1,406900,True,True,0,0
1,407000,True,True,0,0
1,407100,True,True,0,0
1,407200,True,True,0,0
1,407300,True,True,0,0
1,407400,True,True,0,0
1,407500,True,True,0,0
1,407600,True,True,0,0
1,407700,True,True,0,0
1,407800,True,True,0,0
1,407900,True,True,0,0
1,408000,True,True,0,0
1,408100,True,True,0,0
1,408200,True,True,0,0
1,408300,True,True,0,0
1,408400,True,True,0,0
1,408500,True,True,0,0
1,408600,True,True,0,0
1,408700,True,True,0,0
1,408800,True,True,0,0
1,408900,True,True,0,0
1,409000,True,True,0,0
1,409100,True,True,0,0
1,409200,True,True,0,0
1,409300,True,True,0,0
1,409400,True,True,0,0
1,409500,True,True,0,0
1,409600,True,True,0,0
1,409700,True,True,0,0
1,409800,True,True,0,0
1,409900,True,True,0,0
1,410000,True,True,0,0
1,410100,True,True,0,0
1,410200,True,True,0,0
1,410300,True,True,0,0
1,410400,True,True,0,0
1,410500,True,True,0,0
1,410600,True,True,0,0
1,410700,True,True,0,0
1,410800,True,True,0,0
1,410900,True,True,0,0
1,411000,True,True,0,0
1,411100,True,True,0,0
1,411200,True,True,0,0
1,411300,True,True,0,0
1,411400,True,True,0,0
1,411500,True,True,0,0
1,411600,True,True,0,0
1,411700,True,True,0,0
1,411800,True,True,0,0
1,411900,True,True,0,0
1,412000,True,True,0,0
1,412100,True,True,0,0
1,412200,True,True,0,0
1,412300,True,True,0,0
1,412400,True,True,0,0
1,412500,True,True,0,0
1,412600,True,True,0,0
1,412700,True,True,0,0
1,412800,True,True,0,0
1,412900,True,True,0,0
1,413000,True,True,0,0
1,413100,True,True,0,0
1,413200,True,True,0,0
1,413300,True,True,0,0
1,413400,True,True,0,0
1,413500,True,True,0,0
1,413600,True,True,0,0
1,413700,True,True,0,0
1,413800,True,True,0,0
1,413900,True,True,0,0
1,414000,True,True,0,0
1,414100,True,True,0,0
1,414200,True,True,0,0
1,414300,True,True,0,0
1,414400,True,True,0,0
1,414500,True,True,0,0
1,414600,True,True,0,0
1,414700,True,True,0,0
1,414800,True,True,0,0
1,414900,True,True,0,0
1,415000,True,True,0,0
1,415100,True,True,0,0
1,415200,True,True,0,0
1,415300,True,True,0,0
1,415400,True,True,0,0
1,415500,True,True,0,0
1,415600,True,True,0,0
1,415700,True,True,0,0
1,415800,True,True,0,0
1,415900,True,True,0,0
1,416000,True,True,0,0
1,416100,True,True,0,0
1,416200,True,True,0,0
1,416300,True,True,0,0
1,416400,True,True,0,0
1,416500,True,True,0,0
1,416600,True,True,0,0
1,416700,True,True,0,0
1,416800,True,True,0,0
1,416900,True,True,0,0
1,417000,True,True,0,0
1,417100,True,True,0,0
1,417200,True,True,0,0
1,417300,True,True,0,0
1,417400,True,True,0,0
1,417500,True,True,0,0
1,417600,True,True,0,0
1,417700,True,True,0,0
1,417800,True,True,0,0
1,417900,True,True,0,0
1,418000,True,True,0,0
1,418100,True,True,0,0
1,418200,True,True,0,0
1,418300,True,True,0,0
1,418400,True,True,0,0
1,418500,True,True,0,0
1,418600,True,True,0,0
1,418700,True,True,0,0
1,418800,True,True,0,0
1,418900,True,True,0,0
1,419000,True,True,0,0
1,419100,True,True,0,0
1,419200,True,True,0,0
1,419300,True,True,0,0
1,419400,True,True,0,0
1,419500,True,True,0,0
1,419600,True,True,0,0
1,419700,True,True,0,0
1,419800,True,True,0,0
1,419900,True,True,0,0
1,420000,True,True,0,0
1,420100,True,True,0,0
1,420200,True,True,0,0
1,420300,True,True,0,0
1,420400,True,True,0,0
1,420500,True,True,0,0
1,420600,True,True,0,0
1,420700,True,True,0,0
1,420800,True,True,0,0
1,420900,True,True,0,0
1,421000,True,True,0,0
1,421100,True,True,0,0
1,421200,True,True,0,0
1,421300,True,True,0,0
1,421400,True,True,0,0
1,421500,True,True,0,0
1,421600,True,True,0,0
1,421700,True,True,0,0
1,421800,True,True,0,0
1,421900,True,True,0,0
1,422000,True,True,0,0
1,422100,True,True,0,0
1,422200,True,True,0,0
1,422300,True,True,0,0
1,422400,True,True,0,0
1,422500,True,True,0,0
1,422600,True,True,0,0
1,422700,True,True,0,0
1,422800,True,True,0,0
1,422900,True,True,0,0
1,423000,True,True,0,0
1,423100,True,True,0,0
1,423200,True,True,0,0
1,423300,True,True,0,0
1,423400,True,True,0,0
1,423500,True,True,0,0
1,423600,True,True,0,0
1,423700,True,True,0,0
1,423800,True,True,0,0
1,423900,True,True,0,0
1,424000,True,True,0,0
1,424100,True,True,0,0
1,424200,True,True,0,0
1,424300,True,True,0,0
1,424400,True,True,0,0
1,424500,True,True,0,0
1,424600,True,True,0,0
1,424700,True,True,0,0
1,424800,True,True,0,0
1,424900,True,True,0,0
1,425000,True,True,0,0
1,425100,True,True,0,0
1,425200,True,True,0,0
1,425300,True,True,0,0
1,425400,True,True,0,0
1,425500,True,True,0,0
1,425600,True,True,0,0
1,425700,True,True,0,0
1,425800,True,True,0,0
1,425900,True,True,0,0
1,426000,True,True,0,0
1,426100,True,True,0,0
1,426200,True,True,0,0
1,426300,True,True,0,0
1,426400,True,True,0,0
1,426500,True,True,0,0
1,426600,True,True,0,0
1,426700,True,True,0,0
1,426800,True,True,0,0
1,426900,True,True,0,0
1,427000,True,True,0,0
1,427100,True,True,0,0
1,427200,True,True,0,0
1,427300,True,True,0,0
1,427400,True,True,0,0
1,427500,True,True,0,0
1,427600,True,True,0,0
1,427700,True,True,0,0
1,427800,True,True,0,0
1,427900,True,True,0,0
1,428000,True,True,0,0
1,428100,True,True,0,0
1,428200,True,True,0,0
1,428300,True,True,0,0
1,428400,True,True,0,0
1,428500,True,True,0,0
1,428600,True,True,0,0
1,428700,True,True,0,0
1,428800,True,True,0,0
1,428900,True,True,0,0
1,429000,True,True,0,0
1,429100,True,True,0,0
1,429200,True,True,0,0
1,429300,True,True,0,0
1,429400,True,True,0,0
1,429500,True,True,0,0
1,429600,True,True,0,0
1,429700,True,True,0,0
1,429800,True,True,0,0
1,429900,True,True,0,0
1,430000,True,True,0,0
1,430100,True,True,0,0
1,430200,True,True,0,0
1,430300,True,True,0,0
1,430400,True,True,0,0
1,430500,True,True,0,0
1,430600,True,True,0,0
1,430700,True,True,0,0
1,430800,True,True,0,0
1,430900,True,True,0,0
1,431000,True,True,0,0
1,431100,True,True,0,0
1,431200,True,True,0,0
1,431300,True,True,0,0
1,431400,True,True,0,0
1,431500,True,True,0,0
1,431600,True,True,0,0
1,431700,True,True,0,0
1,431800,True,True,0,0
1,431900,True,True,0,0
1,432000,True,True,0,0
1,432100,True,True,0,0
1,432200,True,True,0,0
1,432300,True,True,0,0
1,432400,True,True,0,0
1,432500,True,True,0,0
1,432600,True,True,0,0
1,432700,True,True,0,0
1,432800,True,True,0,0
1,432900,True,True,0,0
1,433000,True,True,0,0
1,433100,True,True,0,0
1,433200,True,True,0,0
1,433300,True,True,0,0
1,433400,True,True,0,0
1,433500,True,True,0,0
1,433600,True,True,0,0
1,433700,True,True,0,0
1,433800,True,True,0,0
1,433900,True,True,0,0
1,434000,True,True,0,0
1,434100,True,True,0,0
1,434200,True,True,0,0
1,434300,True,True,0,0
1,434400,True,True,0,0
1,434500,True,True,0,0
1,434600,True,True,0,0
1,434700,True,True,0,0
1,434800,True,True,0,0
1,434900,True,True,0,0
1,435000,True,True,0,0
1,435100,True,True,0,0
1,435200,True,True,0,0
1,435300,True,True,0,0
1,435400,True,True,0,0
1,435500,True,True,0,0
1,435600,True,True,0,0
1,435700,True,True,0,0
1,435800,True,True,0,0
1,435900,True,True,0,0
1,436000,True,True,0,0
1,436100,True,True,0,0
1,436200,True,True,0,0
1,436300,True,True,0,0
1,436400,True,True,0,0
1,436500,True,True,0,0
1,436600,True,True,0,0
1,436700,True,True,0,0
1,436800,True,True,0,0
1,436900,True,True,0,0
1,437000,True,True,0,0
1,437100,True,True,0,0
1,437200,True,True,0,0
1,437300,True,True,0,0
1,437400,True,True,0,0
1,437500,True,True,0,0
1,437600,True,True,0,0
1,437700,True,True,0,0
1,437800,True,True,0,0
1,437900,True,True,0,0
1,438000,True,True,0,0
1,438100,True,True,0,0
1,438200,True,True,0,0
1,438300,True,True,0,0
1,438400,True,True,0,0
1,438500,True,True,0,0
1,438600,True,True,0,0
1,438700,True,True,0,0
1,438800,True,True,0,0
1,438900,True,True,0,0
1,439000,True,True,0,0
1,439100,True,True,0,0
1,439200,True,True,0,0
1,439300,True,True,0,0
1,439400,True,True,0,0
1,439500,True,True,0,0
1,439600,True,True,0,0
1,439700,True,True,0,0
1,439800,True,True,0,0
1,439900,True,True,0,0
1,440000,True,True,0,0
1,440100,True,True,0,0
1,440200,True,True,0,0
1,440300,True,True,0,0
1,440400,True,True,0,0
1,440500,True,True,0,0
1,440600,True,True,0,0
1,440700,True,True,0,0
1,440800,True,True,0,0
1,440900,True,True,0,0
1,441000,True,True,0,0
1,441100,True,True,0,0
1,441200,True,True,0,0
1,441300,True,True,0,0
1,441400,True,True,0,0
1,441500,True,True,0,0
1,441600,True,True,0,0
1,441700,True,True,0,0
1,441800,True,True,0,0
1,441900,True,True,0,0
1,442000,True,True,0,0
1,442100,True,True,0,0
1,442200,True,True,0,0
1,442300,True,True,0,0
1,442400,True,True,0,0
1,442500,True,True,0,0
1,442600,True,True,0,0
1,442700,True,True,0,0
1,442800,True,True,0,0
1,442900,True,True,0,0
1,443000,True,True,0,0
1,443100,True,True,0,0
1,443200,True,True,0,0
1,443300,True,True,0,0
1,443400,True,True,0,0
1,443500,True,True,0,0
1,443600,True,True,0,0
1,443700,True,True,0,0
1,443800,True,True,0,0
1,443900,True,True,0,0
1,444000,True,True,0,0
1,444100,True,True,0,0
1,444200,True,True,0,0
1,444300,True,True,0,0
1,444400,True,True,0,0
1,444500,True,True,0,0
1,444600,True,True,0,0
1,444700,True,True,0,0
1,444800,True,True,0,0
1,444900,True,True,0,0
1,445000,True,True,0,0
1,445100,True,True,0,0
1,445200,True,True,0,0
1,445300,True,True,0,0
1,445400,True,True,0,0
1,445500,True,True,0,0
1,445600,True,True,0,0
1,445700,True,True,0,0
1,445800,True,True,0,0
1,445900,True,True,0,0
1,446000,True,True,0,0
1,446100,True,True,0,0
1,446200,True,True,0,0
1,446300,True,True,0,0
1,446400,True,True,0,0
1,446500,True,True,0,0
1,446600,True,True,0,0
1,446700,True,True,0,0
1,446800,True,True,0,0
1,446900,True,True,0,0
1,447000,True,True,0,0
1,447100,True,True,0,0
1,447200,True,True,0,0
1,447300,True,True,0,0
1,447400,True,True,0,0
1,447500,True,True,0,0
1,447600,True,True,0,0
1,447700,True,True,0,0
1,447800,True,True,0,0
1,447900,True,True,0,0
1,448000,True,True,0,0
1,448100,True,True,0,0
1,448200,True,True,0,0
1,448300,True,True,0,0
1,448400,True,True,0,0
1,448500,True,True,0,0
1,448600,True,True,0,0
1,448700,True,True,0,0
1,448800,True,True,0,0
1,448900,True,True,0,0
1,449000,True,True,0,0
1,449100,True,True,0,0
1,449200,True,True,0,0
1,449300,True,True,0,0
1,449400,True,True,0,0
1,449500,True,True,0,0
1,449600,True,True,0,0
1,449700,True,True,0,0
1,449800,True,True,0,0
1,449900,True,True,0,0
1,450000,True,True,0,0
1,450100,True,True,0,0
1,450200,True,True,0,0
1,450300,True,True,0,0
1,450400,True,True,0,0
1,450500,True,True,0,0
1,450600,True,True,0,0
1,450700,True,True,0,0
1,450800,True,True,0,0
1,450900,True,True,0,0
1,451000,True,True,0,0
1,451100,True,True,0,0
1,451200,True,True,0,0
1,451300,True,True,0,0
1,451400,True,True,0,0
1,451500,True,True,0,0
1,451600,True,True,0,0
1,451700,True,True,0,0
1,451800,True,True,0,0
1,451900,True,True,0,0
1,452000,True,True,0,0
1,452100,True,True,0,0
1,452200,True,True,0,0
1,452300,True,True,0,0
1,452400,True,True,0,0
1,452500,True,True,0,0
1,452600,True,True,0,0
1,452700,True,True,0,0
1,452800,True,True,0,0
1,452900,True,True,0,0
1,453000,True,True,0,0
1,453100,True,True,0,0
1,453200,True,True,0,0
1,453300,True,True,0,0
1,453400,True,True,0,0
1,453500,True,True,0,0
1,453600,True,True,0,0
1,453700,True,True,0,0
1,453800,True,True,0,0
1,453900,True,True,0,0
1,454000,True,True,0,0
1,454100,True,True,0,0
1,454200,True,True,0,0
1,454300,True,True,0,0
1,454400,True,True,0,0
1,454500,True,True,0,0
1,454600,True,True,0,0
1,454700,True,True,0,0
1,454800,True,True,0,0
1,454900,True,True,0,0
1,455000,True,True,0,0
1,455100,True,True,0,0
1,455200,True,True,0,0
1,455300,True,True,0,0
1,455400,True,True,0,0
1,455500,True,True,0,0
1,455600,True,True,0,0
1,455700,True,True,0,0
1,455800,True,True,0,0
1,455900,True,True,0,0
1,456000,True,True,0,0
1,456100,True,True,0,0
1,456200,True,True,0,0
1,456300,True,True,0,0
1,456400,True,True,0,0
1,456500,True,True,0,0
1,456600,True,True,0,0
1,456700,True,True,0,0
1,456800,True,True,0,0
1,456900,True,True,0,0
1,457000,True,True,0,0
1,457100,True,True,0,0
1,457200,True,True,0,0
1,457300,True,True,0,0
1,457400,True,True,0,0
1,457500,True,True,0,0
1,457600,True,True,0,0
1,457700,True,True,0,0
1,457800,True,True,0,0
1,457900,True,True,0,0
1,458000,True,True,0,0
1,458100,True,True,0,0
1,458200,True,True,0,0
1,458300,True,True,0,0
1,458400,True,True,0,0
1,458500,True,True,0,0
1,458600,True,True,0,0
1,458700,True,True,0,0
1,458800,True,True,0,0
1,458900,True,True,0,0
1,459000,True,True,0,0
1,459100,True,True,0,0
1,459200,True,True,0,0
1,459300,True,True,0,0
1,459400,True,True,0,0
1,459500,True,True,0,0
1,459600,True,True,0,0
1,459700,True,True,0,0
1,459800,True,True,0,0
1,459900,True,True,0,0
1,460000,True,True,0,0
1,460100,True,True,0,0
1,460200,True,True,0,0
1,460300,True,True,0,0
1,460400,True,True,0,0
1,460500,True,True,0,0
1,460600,True,True,0,0
1,460700,True,True,0,0
1,460800,True,True,0,0
1,460900,True,True,0,0
1,461000,True,True,0,0
1,461100,True,True,0,0
1,461200,True,True,0,0
1,461300,True,True,0,0
1,461400,True,True,0,0
1,461500,True,True,0,0
1,461600,True,True,0,0
1,461700,True,True,0,0
1,461800,True,True,0,0
1,461900,True,True,0,0
1,462000,True,True,0,0
1,462100,True,True,0,0
1,462200,True,True,0,0
1,462300,True,True,0,0
1,462400,True,True,0,0
1,462500,True,True,0,0
1,462600,True,True,0,0
1,462700,True,True,0,0
1,462800,True,True,0,0
1,462900,True,True,0,0
1,463000,True,True,0,0
1,463100,True,True,0,0
1,463200,True,True,0,0
1,463300,True,True,0,0
1,463400,True,True,0,0
1,463500,True,True,0,0
1,463600,True,True,0,0
1,463700,True,True,0,0
1,463800,True,True,0,0
1,463900,True,True,0,0
1,464000,True,True,0,0
1,464100,True,True,0,0
1,464200,True,True,0,0
1,464300,True,True,0,0
1,464400,True,True,0,0
1,464500,True,True,0,0
1,464600,True,True,0,0
1,464700,True,True,0,0
1,464800,True,True,0,0
1,464900,True,True,0,0
1,465000,True,True,0,0
1,465100,True,True,0,0
1,465200,True,True,0,0
1,465300,True,True,0,0
1,465400,True,True,0,0
1,465500,True,True,0,0
1,465600,True,True,0,0
1,465700,True,True,0,0
1,465800,True,True,0,0
1,465900,True,True,0,0
1,466000,True,True,0,0
1,466100,True,True,0,0
1,466200,True,True,0,0
1,466300,True,True,0,0
1,466400,True,True,0,0
1,466500,True,True,0,0
1,466600,True,True,0,0
1,466700,True,True,0,0
1,466800,True,True,0,0
1,466900,True,True,0,0
1,467000,True,True,0,0
1,467100,True,True,0,0
1,467200,True,True,0,0
1,467300,True,True,0,0
1,467400,True,True,0,0
1,467500,True,True,0,0
1,467600,True,True,0,0
1,467700,True,True,0,0
1,467800,True,True,0,0
1,467900,True,True,0,0
1,468000,True,True,0,0
1,468100,True,True,0,0
1,468200,True,True,0,0
1,468300,True,True,0,0
1,468400,True,True,0,0
1,468500,True,True,0,0
1,468600,True,True,0,0
1,468700,True,True,0,0
1,468800,True,True,0,0
1,468900,True,True,0,0
1,469000,True,True,0,0
1,469100,True,True,0,0
1,469200,True,True,0,0
1,469300,True,True,0,0
1,469400,True,True,0,0
1,469500,True,True,0,0
1,469600,True,True,0,0
1,469700,True,True,0,0
1,469800,True,True,0,0
1,469900,True,True,0,0
1,470000,True,True,0,0
1,470100,True,True,0,0
1,470200,True,True,0,0
1,470300,True,True,0,0
1,470400,True,True,0,0
1,470500,True,True,0,0
1,470600,True,True,0,0
1,470700,True,True,0,0
1,470800,True,True,0,0
1,470900,True,True,0,0
1,471000,True,True,0,0
1,471100,True,True,0,0
1,471200,True,True,0,0
1,471300,True,True,0,0
1,471400,True,True,0,0
1,471500,True,True,0,0
1,471600,True,True,0,0
1,471700,True,True,0,0
1,471800,True,True,0,0
1,471900,True,True,0,0
1,472000,True,True,0,0
1,472100,True,True,0,0
1,472200,True,True,0,0
1,472300,True,True,0,0
1,472400,True,True,0,0
1,472500,True,True,0,0
1,472600,True,True,0,0
1,472700,True,True,0,0
1,472800,True,True,0,0
1,472900,True,True,0,0
1,473000,True,True,0,0
1,473100,True,True,0,0
1,473200,True,True,0,0
1,473300,True,True,0,0
1,473400,True,True,0,0
1,473500,True,True,0,0
1,473600,True,True,0,0
1,473700,True,True,0,0
1,473800,True,True,0,0
1,473900,True,True,0,0
1,474000,True,True,0,0
1,474100,True,True,0,0
1,474200,True,True,0,0
1,474300,True,True,0,0
1,474400,True,True,0,0
1,474500,True,True,0,0
1,474600,True,True,0,0
1,474700,True,True,0,0
1,474800,True,True,0,0
1,474900,True,True,0,0
1,475000,True,True,0,0
1,475100,True,True,0,0
1,475200,True,True,0,0
1,475300,True,True,0,0
1,475400,True,True,0,0
1,475500,True,True,0,0
1,475600,True,True,0,0
1,475700,True,True,0,0
1,475800,True,True,0,0
1,475900,True,True,0,0
1,476000,True,True,0,0
1,476100,True,True,0,0
1,476200,True,True,0,0
1,476300,True,True,0,0
1,476400,True,True,0,0
1,476500,True,True,0,0
1,476600,True,True,0,0
1,476700,True,True,0,0
1,476800,True,True,0,0
1,476900,True,True,0,0
1,477000,True,True,0,0
1,477100,True,True,0,0
1,477200,True,True,0,0
1,477300,True,True,0,0
1,477400,True,True,0,0
1,477500,True,True,0,0
1,477600,True,True,0,0
1,477700,True,True,0,0
1,477800,True,True,0,0
1,477900,True,True,0,0
1,478000,True,True,0,0
1,478100,True,True,0,0
1,478200,True,True,0,0
1,478300,True,True,0,0
1,478400,True,True,0,0
1,478500,True,True,0,0
1,478600,True,True,0,0
1,478700,True,True,0,0
1,478800,True,True,0,0
1,478900,True,True,0,0
1,479000,True,True,0,0
1,479100,True,True,0,0
1,479200,True,True,0,0
1,479300,True,True,0,0
1,479400,True,True,0,0
1,479500,True,True,0,0
1,479600,True,True,0,0
1,479700,True,True,0,0
1,479800,True,True,0,0
1,479900,True,True,0,0
1,480000,True,True,0,0
1,480100,True,True,0,0
1,480200,True,True,0,0
1,480300,True,True,0,0
1,480400,True,True,0,0
1,480500,True,True,0,0
1,480600,True,True,0,0
1,480700,True,True,0,0
1,480800,True,True,0,0
1,480900,True,True,0,0
1,481000,True,True,0,0
1,481100,True,True,0,0
1,481200,True,True,0,0
1,481300,True,True,0,0
1,481400,True,True,0,0
1,481500,True,True,0,0
1,481600,True,True,0,0
1,481700,True,True,0,0
1,481800,True,True,0,0
1,481900,True,True,0,0
1,482000,True,True,0,0
1,482100,True,True,0,0
1,482200,True,True,0,0
1,482300,True,True,0,0
1,482400,True,True,0,0
1,482500,True,True,0,0
1,482600,True,True,0,0
1,482700,True,True,0,0
1,482800,True,True,0,0
1,482900,True,True,0,0
1,483000,True,True,0,0
1,483100,True,True,0,0
1,483200,True,True,0,0
1,483300,True,True,0,0
1,483400,True,True,0,0
1,483500,True,True,0,0
1,483600,True,True,0,0
1,483700,True,True,0,0
1,483800,True,True,0,0
1,483900,True,True,0,0
1,484000,True,True,0,0
1,484100,True,True,0,0
1,484200,True,True,0,0
1,484300,True,True,0,0
1,484400,True,True,0,0
1,484500,True,True,0,0
1,484600,True,True,0,0
1,484700,True,True,0,0
1,484800,True,True,0,0
1,484900,True,True,0,0
1,485000,True,True,0,0
1,485100,True,True,0,0
1,485200,True,True,0,0
1,485300,True,True,0,0
1,485400,True,True,0,0
1,485500,True,True,0,0
1,485600,True,True,0,0
1,485700,True,True,0,0
1,485800,True,True,0,0
1,485900,True,True,0,0
1,486000,True,True,0,0
1,486100,True,True,0,0
1,486200,True,True,0,0
1,486300,True,True,0,0
1,486400,True,True,0,0
1,486500,True,True,0,0
1,486600,True,True,0,0
1,486700,True,True,0,0
1,486800,True,True,0,0
1,486900,True,True,0,0
1,487000,True,True,0,0
1,487100,True,True,0,0
1,487200,True,True,0,0
1,487300,True,True,0,0
1,487400,True,True,0,0
1,487500,True,True,0,0
1,487600,True,True,0,0
1,487700,True,True,0,0
1,487800,True,True,0,0
1,487900,True,True,0,0
1,488000,True,True,0,0
1,488100,True,True,0,0
1,488200,True,True,0,0
1,488300,True,True,0,0
1,488400,True,True,0,0
1,488500,True,True,0,0
1,488600,True,True,0,0
1,488700,True,True,0,0
1,488800,True,True,0,0
1,488900,True,True,0,0
1,489000,True,True,0,0
1,489100,True,True,0,0
1,489200,True,True,0,0
1,489300,True,True,0,0
1,489400,True,True,0,0
1,489500,True,True,0,0
1,489600,True,True,0,0
1,489700,True,True,0,0
1,489800,True,True,0,0
1,489900,True,True,0,0
1,490000,True,True,0,0
1,490100,True,True,0,0
1,490200,True,True,0,0
1,490300,True,True,0,0
1,490400,True,True,0,0
1,490500,True,True,0,0
1,490600,True,True,0,0
1,490700,True,True,0,0
1,490800,True,True,0,0
1,490900,True,True,0,0
1,491000,True,True,0,0
1,491100,True,True,0,0
1,491200,True,True,0,0
1,491300,True,True,0,0
1,491400,True,True,0,0
1,491500,True,True,0,0
1,491600,True,True,0,0
1,491700,True,True,0,0
1,491800,True,True,0,0
1,491900,True,True,0,0
1,492000,True,True,0,0
1,492100,True,True,0,0
1,492200,True,True,0,0
1,492300,True,True,0,0
1,492400,True,True,0,0
1,492500,True,True,0,0
1,492600,True,True,0,0
1,492700,True,True,0,0
1,492800,True,True,0,0
1,492900,True,True,0,0
1,493000,True,True,0,0
1,493100,True,True,0,0
1,493200,True,True,0,0
1,493300,True,True,0,0
1,493400,True,True,0,0
1,493500,True,True,0,0
1,493600,True,True,0,0
1,493700,True,True,0,0
1,493800,True,True,0,0
1,493900,True,True,0,0
1,494000,True,True,0,0
1,494100,True,True,0,0
1,494200,True,True,0,0
1,494300,True,True,0,0
1,494400,True,True,0,0
1,494500,True,True,0,0
1,494600,True,True,0,0
1,494700,True,True,0,0
1,494800,True,True,0,0
1,494900,True,True,0,0
1,495000,True,True,0,0
1,495100,True,True,0,0
1,495200,True,True,0,0
1,495300,True,True,0,0
1,495400,True,True,0,0
1,495500,True,True,0,0
1,495600,True,True,0,0
1,495700,True,True,0,0
1,495800,True,True,0,0
1,495900,True,True,0,0
1,496000,True,True,0,0
1,496100,True,True,0,0
1,496200,True,True,0,0
1,496300,True,True,0,0
1,496400,True,True,0,0
1,496500,True,True,0,0
1,496600,True,True,0,0
1,496700,True,True,0,0
1,496800,True,True,0,0
1,496900,True,True,0,0
1,497000,True,True,0,0
1,497100,True,True,0,0
1,497200,True,True,0,0
1,497300,True,True,0,0
1,497400,True,True,0,0
1,497500,True,True,0,0
1,497600,True,True,0,0
1,497700,True,True,0,0
1,497800,True,True,0,0
1,497900,True,True,0,0
1,498000,True,True,0,0
1,498100,True,True,0,0
1,498200,True,True,0,0
1,498300,True,True,0,0
1,498400,True,True,0,0
1,498500,True,True,0,0
1,498600,True,True,0,0
1,498700,True,True,0,0
1,498800,True,True,0,0
1,498900,True,True,0,0
1,499000,True,True,0,0
1,499100,True,True,0,0
1,499200,True,True,0,0
1,499300,True,True,0,0
1,499400,True,True,0,0
1,499500,True,True,0,0
1,499600,True,True,0,0
1,499700,True,True,0,0
1,499800,True,True,0,0
1,499900,True,True,0,0
1,500000,True,True,0,0
1,500100,True,True,0,0
1,500200,True,True,0,0
1,500300,True,True,0,0
1,500400,True,True,0,0
1,500500,True,True,0,0
1,500600,True,True,0,0
1,500700,True,True,0,0
1,500800,True,True,0,0
1,500900,True,True,0,0
1,501000,True,True,0,0
1,501100,True,True,0,0
1,501200,True,True,0,0
1,501300,True,True,0,0
1,501400,True,True,0,0
1,501500,True,True,0,0
1,501600,True,True,0,0
1,501700,True,True,0,0
1,501800,True,True,0,0
1,501900,True,True,0,0
1,502000,True,True,0,0
1,502100,True,True,0,0
1,502200,True,True,0,0
1,502300,True,True,0,0
1,502400,True,True,0,0
1,502500,True,True,0,0
1,502600,True,True,0,0
1,502700,True,True,0,0
1,502800,True,True,0,0
1,502900,True,True,0,0
1,503000,True,True,0,0
1,503100,True,True,0,0
1,503200,True,True,0,0
1,503300,True,True,0,0
1,503400,True,True,0,0
1,503500,True,True,0,0
1,503600,True,True,0,0
1,503700,True,True,0,0
1,503800,True,True,0,0
1,503900,True,True,0,0
1,504000,True,True,0,0
1,504100,True,True,0,0
1,504200,True,True,0,0
1,504300,True,True,0,0
1,504400,True,True,0,0
1,504500,True,True,0,0
1,504600,True,True,0,0
1,504700,True,True,0,0
1,504800,True,True,0,0
1,504900,True,True,0,0
1,505000,True,True,0,0
1,505100,True,True,0,0
1,505200,True,True,0,0
1,505300,True,True,0,0
1,505400,True,True,0,0
1,505500,True,True,0,0
1,505600,True,True,0,0
1,505700,True,True,0,0
1,505800,True,True,0,0
1,505900,True,True,0,0
1,506000,True,True,0,0
1,506100,True,True,0,0
1,506200,True,True,0,0
1,506300,True,True,0,0
1,506400,True,True,0,0
1,506500,True,True,0,0
1,506600,True,True,0,0
1,506700,True,True,0,0
1,506800,True,True,0,0
1,506900,True,True,0,0
1,507000,True,True,0,0
1,507100,True,True,0,0
1,507200,True,True,0,0
1,507300,True,True,0,0
1,507400,True,True,0,0
1,507500,True,True,0,0
1,507600,True,True,0,0
1,507700,True,True,0,0
1,507800,True,True,0,0
1,507900,True,True,0,0
1,508000,True,True,0,0
1,508100,True,True,0,0
1,508200,True,True,0,0
1,508300,True,True,0,0
1,508400,True,True,0,0
1,508500,True,True,0,0
1,508600,True,True,0,0
1,508700,True,True,0,0
1,508800,True,True,0,0
1,508900,True,True,0,0
1,509000,True,True,0,0
1,509100,True,True,0,0
1,509200,True,True,0,0
1,509300,True,True,0,0
1,509400,True,True,0,0
1,509500,True,True,0,0
1,509600,True,True,0,0
1,509700,True,True,0,0
1,509800,True,True,0,0
1,509900,True,True,0,0
1,510000,True,True,0,0
1,510100,True,True,0,0
1,510200,True,True,0,0
1,510300,True,True,0,0
1,510400,True,True,0,0
1,510500,True,True,0,0
1,510600,True,True,0,0
1,510700,True,True,0,0
1,510800,True,True,0,0
1,510900,True,True,0,0
1,511000,True,True,0,0
1,511100,True,True,0,0
1,511200,True,True,0,0
1,511300,True,True,0,0
1,511400,True,True,0,0
1,511500,True,True,0,0
1,511600,True,True,0,0
1,511700,True,True,0,0
1,511800,True,True,0,0
1,511900,True,True,0,0
1,512000,True,True,0,0
1,512100,True,True,0,0
1,512200,True,True,0,0
1,512300,True,True,0,0
1,512400,True,True,0,0
1,512500,True,True,0,0
1,512600,True,True,0,0
1,512700,True,True,0,0
1,512800,True,True,0,0
1,512900,True,True,0,0
1,513000,True,True,0,0
1,513100,True,True,0,0
1,513200,True,True,0,0
1,513300,True,True,0,0
1,513400,True,True,0,0
1,513500,True,True,0,0
1,513600,True,True,0,0
1,513700,True,True,0,0
1,513800,True,True,0,0
1,513900,True,True,0,0
1,514000,True,True,0,0
1,514100,True,True,0,0
1,514200,True,True,0,0
1,514300,True,True,0,0
1,514400,True,True,0,0
1,514500,True,True,0,0
1,514600,True,True,0,0
1,514700,True,True,0,0
1,514800,True,True,0,0
1,514900,True,True,0,0
1,515000,True,True,0,0
1,515100,True,True,0,0
1,515200,True,True,0,0
1,515300,True,True,0,0
1,515400,True,True,0,0
1,515500,True,True,0,0
1,515600,True,True,0,0
1,515700,True,True,0,0
1,515800,True,True,0,0
1,515900,True,True,0,0
1,516000,True,True,0,0
1,516100,True,True,0,0
1,516200,True,True,0,0
1,516300,True,True,0,0
1,516400,True,True,0,0
1,516500,True,True,0,0
1,516600,True,True,0,0
1,516700,True,True,0,0
1,516800,True,True,0,0
1,516900,True,True,0,0
1,517000,True,True,0,0
1,517100,True,True,0,0
1,517200,True,True,0,0
1,517300,True,True,0,0
1,517400,True,True,0,0
1,517500,True,True,0,0
1,517600,True,True,0,0
1,517700,True,True,0,0
1,517800,True,True,0,0
1,517900,True,True,0,0
1,518000,True,True,0,0
1,518100,True,True,0,0
1,518200,True,True,0,0
1,518300,True,True,0,0
1,518400,True,True,0,0
1,518500,True,True,0,0
1,518600,True,True,0,0
1,518700,True,True,0,0
1,518800,True,True,0,0
1,518900,True,True,0,0
1,519000,True,True,0,0
1,519100,True,True,0,0
1,519200,True,True,0,0
1,519300,True,True,0,0
1,519400,True,True,0,0
1,519500,True,True,0,0
1,519600,True,True,0,0
1,519700,True,True,0,0
1,519800,True,True,0,0
1,519900,True,True,0,0
1,520000,True,True,0,0
1,520100,True,True,0,0
1,520200,True,True,0,0
1,520300,True,True,0,0
1,520400,True,True,0,0
1,520500,True,True,0,0
1,520600,True,True,0,0
1,520700,True,True,0,0
1,520800,True,True,0,0
1,520900,True,True,0,0
1,521000,True,True,0,0
1,521100,True,True,0,0
1,521200,True,True,0,0
1,521300,True,True,0,0
1,521400,True,True,0,0
1,521500,True,True,0,0
1,521600,True,True,0,0
1,521700,True,True,0,0
1,521800,True,True,0,0
1,521900,True,True,0,0
1,522000,True,True,0,0
1,522100,True,True,0,0
1,522200,True,True,0,0
1,522300,True,True,0,0
1,522400,True,True,0,0
1,522500,True,True,0,0
1,522600,True,True,0,0
1,522700,True,True,0,0
1,522800,True,True,0,0
1,522900,True,True,0,0
1,523000,True,True,0,0
1,523100,True,True,0,0
1,523200,True,True,0,0
1,523300,True,True,0,0
1,523400,True,True,0,0
1,523500,True,True,0,0
1,523600,True,True,0,0
1,523700,True,True,0,0
1,523800,True,True,0,0
1,523900,True,True,0,0
1,524000,True,True,0,0
1,524100,True,True,0,0
1,524200,True,True,0,0
1,524300,True,True,0,0
1,524400,True,True,0,0
1,524500,True,True,0,0
1,524600,True,True,0,0
1,524700,True,True,0,0
1,524800,True,True,0,0
1,524900,True,True,0,0
1,525000,True,True,0,0
1,525100,True,True,0,0
1,525200,True,True,0,0
1,525300,True,True,0,0
1,525400,True,True,0,0
1,525500,True,True,0,0
1,525600,True,True,0,0
1,525700,True,True,0,0
1,525800,True,True,0,0
1,525900,True,True,0,0
1,526000,True,True,0,0
1,526100,True,True,0,0
1,526200,True,True,0,0
1,526300,True,True,0,0
1,526400,True,True,0,0
1,526500,True,True,0,0
1,526600,True,True,0,0
1,526700,True,True,0,0
1,526800,True,True,0,0
1,526900,True,True,0,0
1,527000,True,True,0,0
1,527100,True,True,0,0
1,527200,True,True,0,0
1,527300,True,True,0,0
1,527400,True,True,0,0
1,527500,True,True,0,0
1,527600,True,True,0,0
1,527700,True,True,0,0
1,527800,True,True,0,0
1,527900,True,True,0,0
1,528000,True,True,0,0
1,528100,True,True,0,0
1,528200,True,True,0,0
1,528300,True,True,0,0
1,528400,True,True,0,0
1,528500,True,True,0,0
1,528600,True,True,0,0
1,528700,True,True,0,0
1,528800,True,True,0,0
1,528900,True,True,0,0
1,529000,True,True,0,0
1,529100,True,True,0,0
1,529200,True,True,0,0
1,529300,True,True,0,0
1,529400,True,True,0,0
1,529500,True,True,0,0
1,529600,True,True,0,0
1,529700,True,True,0,0
1,529800,True,True,0,0
1,529900,True,True,0,0
1,530000,True,True,0,0
1,530100,True,True,0,0
1,530200,True,True,0,0
1,530300,True,True,0,0
1,530400,True,True,0,0
1,530500,True,True,0,0
1,530600,True,True,0,0
1,530700,True,True,0,0
1,530800,True,True,0,0
1,530900,True,True,0,0
1,531000,True,True,0,0
1,531100,True,True,0,0
1,531200,True,True,0,0
1,531300,True,True,0,0
1,531400,True,True,0,0
1,531500,True,True,0,0
1,531600,True,True,0,0
1,531700,True,True,0,0
1,531800,True,True,0,0
1,531900,True,True,0,0
1,532000,True,True,0,0
1,532100,True,True,0,0
1,532200,True,True,0,0
1,532300,True,True,0,0
1,532400,True,True,0,0
1,532500,True,True,0,0
1,532600,True,True,0,0
1,532700,True,True,0,0
1,532800,True,True,0,0
1,532900,True,True,0,0
1,533000,True,True,0,0
1,533100,True,True,0,0
1,533200,True,True,0,0
1,533300,True,True,0,0
1,533400,True,True,0,0
1,533500,True,True,0,0
1,533600,True,True,0,0
1,533700,True,True,0,0
1,533800,True,True,0,0
1,533900,True,True,0,0
1,534000,True,True,0,0
1,534100,True,True,0,0
1,534200,True,True,0,0
1,534300,True,True,0,0
1,534400,True,True,0,0
1,534500,True,True,0,0
1,534600,True,True,0,0
1,534700,True,True,0,0
1,534800,True,True,0,0
1,534900,True,True,0,0
1,535000,True,True,0,0
1,535100,True,True,0,0
1,535200,True,True,0,0
1,535300,True,True,0,0
1,535400,True,True,0,0
1,535500,True,True,0,0
1,535600,True,True,0,0
1,535700,True,True,0,0
1,535800,True,True,0,0
1,535900,True,True,0,0
1,536000,True,True,0,0
1,536100,True,True,0,0
1,536200,True,True,0,0
1,536300,True,True,0,0
1,536400,True,True,0,0
1,536500,True,True,0,0
1,536600,True,True,0,0
1,536700,True,True,0,0
1,536800,True,True,0,0
1,536900,True,True,0,0
1,537000,True,True,0,0
1,537100,True,True,0,0
1,537200,True,True,0,0
1,537300,True,True,0,0
1,537400,True,True,0,0
1,537500,True,True,0,0
1,537600,True,True,0,0
1,537700,True,True,0,0
1,537800,True,True,0,0
1,537900,True,True,0,0
1,538000,True,True,0,0
1,538100,True,True,0,0
1,538200,True,True,0,0
1,538300,True,True,0,0
1,538400,True,True,0,0
1,538500,True,True,0,0
1,538600,True,True,0,0
1,538700,True,True,0,0
1,538800,True,True,0,0
1,538900,True,True,0,0
1,539000,True,True,0,0
1,539100,True,True,0,0
1,539200,True,True,0,0
1,539300,True,True,0,0
1,539400,True,True,0,0
1,539500,True,True,0,0
1,539600,True,True,0,0
1,539700,True,True,0,0
1,539800,True,True,0,0
1,539900,True,True,0,0
1,540000,True,True,0,0
1,540100,True,True,0,0
1,540200,True,True,0,0
1,540300,True,True,0,0
1,540400,True,True,0,0
1,540500,True,True,0,0
1,540600,True,True,0,0
1,540700,True,True,0,0
1,540800,True,True,0,0
1,540900,True,True,0,0
1,541000,True,True,0,0
1,541100,True,True,0,0
1,541200,True,True,0,0
1,541300,True,True,0,0
1,541400,True,True,0,0
1,541500,True,True,0,0
1,541600,True,True,0,0
1,541700,True,True,0,0
1,541800,True,True,0,0
1,541900,True,True,0,0
1,542000,True,True,0,0
1,542100,True,True,0,0
1,542200,True,True,0,0
1,542300,True,True,0,0
1,542400,True,True,0,0
1,542500,True,True,0,0
1,542600,True,True,0,0
1,542700,True,True,0,0
1,542800,True,True,0,0
1,542900,True,True,0,0
1,543000,True,True,0,0
1,543100,True,True,0,0
1,543200,True,True,0,0
1,543300,True,True,0,0
1,543400,True,True,0,0
1,543500,True,True,0,0
1,543600,True,True,0,0
1,543700,True,True,0,0
1,543800,True,True,0,0
1,543900,True,True,0,0
1,544000,True,True,0,0
1,544100,True,True,0,0
1,544200,True,True,0,0
1,544300,True,True,0,0
1,544400,True,True,0,0
1,544500,True,True,0,0
1,544600,True,True,0,0
1,544700,True,True,0,0
1,544800,True,True,0,0
1,544900,True,True,0,0
1,545000,True,True,0,0
1,545100,True,True,0,0
1,545200,True,True,0,0
1,545300,True,True,0,0
1,545400,True,True,0,0
1,545500,True,True,0,0
1,545600,True,True,0,0
1,545700,True,True,0,0
1,545800,True,True,0,0
1,545900,True,True,0,0
1,546000,True,True,0,0
1,546100,True,True,0,0
1,546200,True,True,0,0
1,546300,True,True,0,0
1,546400,True,True,0,0
1,546500,True,True,0,0
1,546600,True,True,0,0
1,546700,True,True,0,0
1,546800,True,True,0,0
1,546900,True,True,0,0
1,547000,True,True,0,0
1,547100,True,True,0,0
1,547200,True,True,0,0
1,547300,True,True,0,0
1,547400,True,True,0,0
1,547500,True,True,0,0
1,547600,True,True,0,0
1,547700,True,True,0,0
1,547800,True,True,0,0
1,547900,True,True,0,0
1,548000,True,True,0,0
1,548100,True,True,0,0
1,548200,True,True,0,0
1,548300,True,True,0,0
1,548400,True,True,0,0
1,548500,True,True,0,0
1,548600,True,True,0,0
1,548700,True,True,0,0
1,548800,True,True,0,0
1,548900,True,True,0,0
1,549000,True,True,0,0
1,549100,True,True,0,0
1,549200,True,True,0,0
1,549300,True,True,0,0
1,549400,True,True,0,0
1,549500,True,True,0,0
1,549600,True,True,0,0
1,549700,True,True,0,0
1,549800,True,True,0,0
1,549900,True,True,0,0
1,550000,True,True,0,0
1,550100,True,True,0,0
1,550200,True,True,0,0
1,550300,True,True,0,0
1,550400,True,True,0,0
1,550500,True,True,0,0
1,550600,True,True,0,0
1,550700,True,True,0,0
1,550800,True,True,0,0
1,550900,True,True,0,0
1,551000,True,True,0,0
1,551100,True,True,0,0
1,551200,True,True,0,0
1,551300,True,True,0,0
1,551400,True,True,0,0
1,551500,True,True,0,0
1,551600,True,True,0,0
1,551700,True,True,0,0
1,551800,True,True,0,0
1,551900,True,True,0,0
1,552000,True,True,0,0
1,552100,True,True,0,0
1,552200,True,True,0,0
1,552300,True,True,0,0
1,552400,True,True,0,0
1,552500,True,True,0,0
1,552600,True,True,0,0
1,552700,True,True,0,0
1,552800,True,True,0,0
1,552900,True,True,0,0
1,553000,True,True,0,0
1,553100,True,True,0,0
1,553200,True,True,0,0
1,553300,True,True,0,0
1,553400,True,True,0,0
1,553500,True,True,0,0
1,553600,True,True,0,0
1,553700,True,True,0,0
1,553800,True,True,0,0
1,553900,True,True,0,0
1,554000,True,True,0,0
1,554100,True,True,0,0
1,554200,True,True,0,0
1,554300,True,True,0,0
1,554400,True,True,0,0
1,554500,True,True,0,0
1,554600,True,True,0,0
1,554700,True,True,0,0
1,554800,True,True,0,0
1,554900,True,True,0,0
1,555000,True,True,0,0
1,555100,True,True,0,0
1,555200,True,True,0,0
1,555300,True,True,0,0
1,555400,True,True,0,0
1,555500,True,True,0,0
1,555600,True,True,0,0
1,555700,True,True,0,0
1,555800,True,True,0,0
1,555900,True,True,0,0
1,556000,True,True,0,0
1,556100,True,True,0,0
1,556200,True,True,0,0
1,556300,True,True,0,0
1,556400,True,True,0,0
1,556500,True,True,0,0
1,556600,True,True,0,0
1,556700,True,True,0,0
1,556800,True,True,0,0
1,556900,True,True,0,0
1,557000,True,True,0,0
1,557100,True,True,0,0
1,557200,True,True,0,0
1,557300,True,True,0,0
1,557400,True,True,0,0
1,557500,True,True,0,0
1,557600,True,True,0,0
1,557700,True,True,0,0
1,557800,True,True,0,0
1,557900,True,True,0,0
1,558000,True,True,0,0
1,558100,True,True,0,0
1,558200,True,True,0,0
1,558300,True,True,0,0
1,558400,True,True,0,0
1,558500,True,True,0,0
1,558600,True,True,0,0
1,558700,True,True,0,0
1,558800,True,True,0,0
1,558900,True,True,0,0
1,559000,True,True,0,0
1,559100,True,True,0,0
1,559200,True,True,0,0
1,559300,True,True,0,0
1,559400,True,True,0,0
1,559500,True,True,0,0
1,559600,True,True,0,0
1,559700,True,True,0,0
1,559800,True,True,0,0
1,559900,True,True,0,0
1,560000,True,True,0,0
1,560100,True,True,0,0
1,560200,True,True,0,0
1,560300,True,True,0,0
1,560400,True,True,0,0
1,560500,True,True,0,0
1,560600,True,True,0,0
1,560700,True,True,0,0
1,560800,True,True,0,0
1,560900,True,True,0,0
1,561000,True,True,0,0
1,561100,True,True,0,0
1,561200,True,True,0,0
1,561300,True,True,0,0
1,561400,True,True,0,0
1,561500,True,True,0,0
1,561600,True,True,0,0
1,561700,True,True,0,0
1,561800,True,True,0,0
1,561900,True,True,0,0
1,562000,True,True,0,0
1,562100,True,True,0,0
1,562200,True,True,0,0
1,562300,True,True,0,0
1,562400,True,True,0,0
1,562500,True,True,0,0
1,562600,True,True,0,0
1,562700,True,True,0,0
1,562800,True,True,0,0
1,562900,True,True,0,0
1,563000,True,True,0,0
1,563100,True,True,0,0
1,563200,True,True,0,0
1,563300,True,True,0,0
1,563400,True,True,0,0
1,563500,True,True,0,0
1,563600,True,True,0,0
1,563700,True,True,0,0
1,563800,True,True,0,0
1,563900,True,True,0,0
1,564000,True,True,0,0
1,564100,True,True,0,0
1,564200,True,True,0,0
1,564300,True,True,0,0
1,564400,True,True,0,0
1,564500,True,True,0,0
1,564600,True,True,0,0
1,564700,True,True,0,0
1,564800,True,True,0,0
1,564900,True,True,0,0
1,565000,True,True,0,0
1,565100,True,True,0,0
1,565200,True,True,0,0
1,565300,True,True,0,0
1,565400,True,True,0,0
1,565500,True,True,0,0
1,565600,True,True,0,0
1,565700,True,True,0,0
1,565800,True,True,0,0
1,565900,True,True,0,0
1,566000,True,True,0,0
1,566100,True,True,0,0
1,566200,True,True,0,0
1,566300,True,True,0,0
1,566400,True,True,0,0
1,566500,True,True,0,0
1,566600,True,True,0,0
1,566700,True,True,0,0
1,566800,True,True,0,0
1,566900,True,True,0,0
1,567000,True,True,0,0
1,567100,True,True,0,0
1,567200,True,True,0,0
1,567300,True,True,0,0
1,567400,True,True,0,0
1,567500,True,True,0,0
1,567600,True,True,0,0
1,567700,True,True,0,0
1,567800,True,True,0,0
1,567900,True,True,0,0
1,568000,True,True,0,0
1,568100,True,True,0,0
1,568200,True,True,0,0
1,568300,True,True,0,0
1,568400,True,True,0,0
1,568500,True,True,0,0
1,568600,True,True,0,0
1,568700,True,True,0,0
1,568800,True,True,0,0
1,568900,True,True,0,0
1,569000,True,True,0,0
1,569100,True,True,0,0
1,569200,True,True,0,0
1,569300,True,True,0,0
1,569400,True,True,0,0
1,569500,True,True,0,0
1,569600,True,True,0,0
1,569700,True,True,0,0
1,569800,True,True,0,0
1,569900,True,True,0,0
1,570000,True,True,0,0
1,570100,True,True,0,0
1,570200,True,True,0,0
1,570300,True,True,0,0
1,570400,True,True,0,0
1,570500,True,True,0,0
1,570600,True,True,0,0
1,570700,True,True,0,0
1,570800,True,True,0,0
1,570900,True,True,0,0
1,571000,True,True,0,0
1,571100,True,True,0,0
1,571200,True,True,0,0
1,571300,True,True,0,0
1,571400,True,True,0,0
1,571500,True,True,0,0
1,571600,True,True,0,0
1,571700,True,True,0,0
1,571800,True,True,0,0
1,571900,True,True,0,0
1,572000,True,True,0,0
1,572100,True,True,0,0
1,572200,True,True,0,0
1,572300,True,True,0,0
1,572400,True,True,0,0
1,572500,True,True,0,0
1,572600,True,True,0,0
1,572700,True,True,0,0
1,572800,True,True,0,0
1,572900,True,True,0,0
1,573000,True,True,0,0
1,573100,True,True,0,0
1,573200,True,True,0,0
1,573300,True,True,0,0
1,573400,True,True,0,0
1,573500,True,True,0,0
1,573600,True,True,0,0
1,573700,True,True,0,0
1,573800,True,True,0,0
1,573900,True,True,0,0
1,574000,True,True,0,0
1,574100,True,True,0,0
1,574200,True,True,0,0
1,574300,True,True,0,0
1,574400,True,True,0,0
1,574500,True,True,0,0
1,574600,True,True,0,0
1,574700,True,True,0,0
1,574800,True,True,0,0
1,574900,True,True,0,0
1,575000,True,True,0,0
1,575100,True,True,0,0
1,575200,True,True,0,0
1,575300,True,True,0,0
1,575400,True,True,0,0
1,575500,True,True,0,0
1,575600,True,True,0,0
1,575700,True,True,0,0
1,575800,True,True,0,0
1,575900,True,True,0,0
1,576000,True,True,0,0
1,576100,True,True,0,0
1,576200,True,True,0,0
1,576300,True,True,0,0
1,576400,True,True,0,0
1,576500,True,True,0,0
1,576600,True,True,0,0
1,576700,True,True,0,0
1,576800,True,True,0,0
1,576900,True,True,0,0
1,577000,True,True,0,0
1,577100,True,True,0,0
1,577200,True,True,0,0
1,577300,True,True,0,0
1,577400,True,True,0,0
1,577500,True,True,0,0
1,577600,True,True,0,0
1,577700,True,True,0,0
1,577800,True,True,0,0
1,577900,True,True,0,0
1,578000,True,True,0,0
1,578100,True,True,0,0
1,578200,True,True,0,0
1,578300,True,True,0,0
1,578400,True,True,0,0
1,578500,True,True,0,0
1,578600,True,True,0,0
1,578700,True,True,0,0
1,578800,True,True,0,0
1,578900,True,True,0,0
1,579000,True,True,0,0
1,579100,True,True,0,0
1,579200,True,True,0,0
1,579300,True,True,0,0
1,579400,True,True,0,0
1,579500,True,True,0,0
1,579600,True,True,0,0
1,579700,True,True,0,0
1,579800,True,True,0,0
1,579900,True,True,0,0
1,580000,True,True,0,0
1,580100,True,True,0,0
1,580200,True,True,0,0
1,580300,True,True,0,0
1,580400,True,True,0,0
1,580500,True,True,0,0
1,580600,True,True,0,0
1,580700,True,True,0,0
1,580800,True,True,0,0
1,580900,True,True,0,0
1,581000,True,True,0,0
1,581100,True,True,0,0
1,581200,True,True,0,0
1,581300,True,True,0,0
1,581400,True,True,0,0
1,581500,True,True,0,0
1,581600,True,True,0,0
1,581700,True,True,0,0
1,581800,True,True,0,0
1,581900,True,True,0,0
1,582000,True,True,0,0
1,582100,True,True,0,0
1,582200,True,True,0,0
1,582300,True,True,0,0
1,582400,True,True,0,0
1,582500,True,True,0,0
1,582600,True,True,0,0
1,582700,True,True,0,0
1,582800,True,True,0,0
1,582900,True,True,0,0
1,583000,True,True,0,0
1,583100,True,True,0,0
1,583200,True,True,0,0
1,583300,True,True,0,0
1,583400,True,True,0,0
1,583500,True,True,0,0
1,583600,True,True,0,0
1,583700,True,True,0,0
1,583800,True,True,0,0
1,583900,True,True,0,0
1,584000,True,True,0,0
1,584100,True,True,0,0
1,584200,True,True,0,0
1,584300,True,True,0,0
1,584400,True,True,0,0
1,584500,True,True,0,0
1,584600,True,True,0,0
1,584700,True,True,0,0
1,584800,True,True,0,0
1,584900,True,True,0,0
1,585000,True,True,0,0
1,585100,True,True,0,0
1,585200,True,True,0,0
1,585300,True,True,0,0
1,585400,True,True,0,0
1,585500,True,True,0,0
1,585600,True,True,0,0
1,585700,True,True,0,0
1,585800,True,True,0,0
1,585900,True,True,0,0
1,586000,True,True,0,0
1,586100,True,True,0,0
1,586200,True,True,0,0
1,586300,True,True,0,0
1,586400,True,True,0,0
1,586500,True,True,0,0
1,586600,True,True,0,0
1,586700,True,True,0,0
1,586800,True,True,0,0
1,586900,True,True,0,0
1,587000,True,True,0,0
1,587100,True,True,0,0
1,587200,True,True,0,0
1,587300,True,True,0,0
1,587400,True,True,0,0
1,587500,True,True,0,0
1,587600,True,True,0,0
1,587700,True,True,0,0
1,587800,True,True,0,0
1,587900,True,True,0,0
1,588000,True,True,0,0
1,588100,True,True,0,0
1,588200,True,True,0,0
1,588300,True,True,0,0
1,588400,True,True,0,0
1,588500,True,True,0,0
1,588600,True,True,0,0
1,588700,True,True,0,0
1,588800,True,True,0,0
1,588900,True,True,0,0
1,589000,True,True,0,0
1,589100,True,True,0,0
1,589200,True,True,0,0
1,589300,True,True,0,0
1,589400,True,True,0,0
1,589500,True,True,0,0
1,589600,True,True,0,0
1,589700,True,True,0,0
1,589800,True,True,0,0
1,589900,True,True,0,0
1,590000,True,True,0,0
1,590100,True,True,0,0
1,590200,True,True,0,0
1,590300,True,True,0,0
1,590400,True,True,0,0
1,590500,True,True,0,0
1,590600,True,True,0,0
1,590700,True,True,0,0
1,590800,True,True,0,0
1,590900,True,True,0,0
1,591000,True,True,0,0
1,591100,True,True,0,0
1,591200,True,True,0,0
1,591300,True,True,0,0
1,591400,True,True,0,0
1,591500,True,True,0,0
1,591600,True,True,0,0
1,591700,True,True,0,0
1,591800,True,True,0,0
1,591900,True,True,0,0
1,592000,True,True,0,0
1,592100,True,True,0,0
1,592200,True,True,0,0
1,592300,True,True,0,0
1,592400,True,True,0,0
1,592500,True,True,0,0
1,592600,True,True,0,0
1,592700,True,True,0,0
1,592800,True,True,0,0
1,592900,True,True,0,0
1,593000,True,True,0,0
1,593100,True,True,0,0
1,593200,True,True,0,0
1,593300,True,True,0,0
1,593400,True,True,0,0
1,593500,True,True,0,0
1,593600,True,True,0,0
1,593700,True,True,0,0
1,593800,True,True,0,0
1,593900,True,True,0,0
1,594000,True,True,0,0
1,594100,True,True,0,0
1,594200,True,True,0,0
1,594300,True,True,0,0
1,594400,True,True,0,0
1,594500,True,True,0,0
1,594600,True,True,0,0
1,594700,True,True,0,0
1,594800,True,True,0,0
1,594900,True,True,0,0
1,595000,True,True,0,0
1,595100,True,True,0,0
1,595200,True,True,0,0
1,595300,True,True,0,0
1,595400,True,True,0,0
1,595500,True,True,0,0
1,595600,True,True,0,0
1,595700,True,True,0,0
1,595800,True,True,0,0
1,595900,True,True,0,0
1,596000,True,True,0,0
1,596100,True,True,0,0
1,596200,True,True,0,0
1,596300,True,True,0,0
1,596400,True,True,0,0
1,596500,True,True,0,0
1,596600,True,True,0,0
1,596700,True,True,0,0
1,596800,True,True,0,0
1,596900,True,True,0,0
1,597000,True,True,0,0
1,597100,True,True,0,0
1,597200,True,True,0,0
1,597300,True,True,0,0
1,597400,True,True,0,0
1,597500,True,True,0,0
1,597600,True,True,0,0
1,597700,True,True,0,0
1,597800,True,True,0,0
1,597900,True,True,0,0
1,598000,True,True,0,0
1,598100,True,True,0,0
1,598200,True,True,0,0
1,598300,True,True,0,0
1,598400,True,True,0,0
1,598500,True,True,0,0
1,598600,True,True,0,0
1,598700,True,True,0,0
1,598800,True,True,0,0
1,598900,True,True,0,0
1,599000,True,True,0,0
1,599100,True,True,0,0
1,599200,True,True,0,0
1,599300,True,True,0,0
1,599400,True,True,0,0
1,599500,True,True,0,0
1,599600,True,True,0,0
1,599700,True,True,0,0
1,599800,True,True,0,0
1,599900,True,True,0,0
1,600000,True,True,0,0
1,600100,True,True,0,0
1,600200,True,True,0,0
1,600300,True,True,0,0
1,600400,True,True,0,0
1,600500,True,True,0,0
1,600600,True,True,0,0
1,600700,True,True,0,0
1,600800,True,True,0,0
1,600900,True,True,0,0
1,601000,True,True,0,0
1,601100,True,True,0,0
1,601200,True,True,0,0
1,601300,True,True,0,0
1,601400,True,True,0,0
1,601500,True,True,0,0
1,601600,True,True,0,0
1,601700,True,True,0,0
1,601800,True,True,0,0
1,601900,True,True,0,0
1,602000,True,True,0,0
1,602100,True,True,0,0
1,602200,True,True,0,0
1,602300,True,True,0,0
1,602400,True,True,0,0
1,602500,True,True,0,0
1,602600,True,True,0,0
1,602700,True,True,0,0
1,602800,True,True,0,0
1,602900,True,True,0,0
1,603000,True,True,0,0
1,603100,True,True,0,0
1,603200,True,True,0,0
1,603300,True,True,0,0
1,603400,True,True,0,0
1,603500,True,True,0,0
1,603600,True,True,0,0
1,603700,True,True,0,0
1,603800,True,True,0,0
1,603900,True,True,0,0
1,604000,True,True,0,0
1,604100,True,True,0,0
1,604200,True,True,0,0
1,604300,True,True,0,0
1,604400,True,True,0,0
1,604500,True,True,0,0
1,604600,True,True,0,0
1,604700,True,True,0,0
1,604800,True,True,0,0
1,604900,True,True,0,0
1,605000,True,True,0,0
1,605100,True,True,0,0
1,605200,True,True,0,0
1,605300,True,True,0,0
1,605400,True,True,0,0
1,605500,True,True,0,0
1,605600,True,True,0,0
1,605700,True,True,0,0
1,605800,True,True,0,0
1,605900,True,True,0,0
1,606000,True,True,0,0
1,606100,True,True,0,0
1,606200,True,True,0,0
1,606300,True,True,0,0
1,606400,True,True,0,0
1,606500,True,True,0,0
1,606600,True,True,0,0
1,606700,True,True,0,0
1,606800,True,True,0,0
1,606900,True,True,0,0
1,607000,True,True,0,0
1,607100,True,True,0,0
1,607200,True,True,0,0
1,607300,True,True,0,0
1,607400,True,True,0,0
1,607500,True,True,0,0
1,607600,True,True,0,0
1,607700,True,True,0,0
1,607800,True,True,0,0
1,607900,True,True,0,0
1,608000,True,True,0,0
1,608100,True,True,0,0
1,608200,True,True,0,0
1,608300,True,True,0,0
1,608400,True,True,0,0
1,608500,True,True,0,0
1,608600,True,True,0,0
1,608700,True,True,0,0
1,608800,True,True,0,0
1,608900,True,True,0,0
1,609000,True,True,0,0
1,609100,True,True,0,0
1,609200,True,True,0,0
1,609300,True,True,0,0
1,609400,True,True,0,0
1,609500,True,True,0,0
1,609600,True,True,0,0
1,609700,True,True,0,0
1,609800,True,True,0,0
1,609900,True,True,0,0
1,610000,True,True,0,0
1,610100,True,True,0,0
1,610200,True,True,0,0
1,610300,True,True,0,0
1,610400,True,True,0,0
1,610500,True,True,0,0
1,610600,True,True,0,0
1,610700,True,True,0,0
1,610800,True,True,0,0
1,610900,True,True,0,0
1,611000,True,True,0,0
1,611100,True,True,0,0
1,611200,True,True,0,0
1,611300,True,True,0,0
1,611400,True,True,0,0
1,611500,True,True,0,0
1,611600,True,True,0,0
1,611700,True,True,0,0
1,611800,True,True,0,0
1,611900,True,True,0,0
1,612000,True,True,0,0
1,612100,True,True,0,0
1,612200,True,True,0,0
1,612300,True,True,0,0
1,612400,True,True,0,0
1,612500,True,True,0,0
1,612600,True,True,0,0
1,612700,True,True,0,0
1,612800,True,True,0,0
1,612900,True,True,0,0
1,613000,True,True,0,0
1,613100,True,True,0,0
1,613200,True,True,0,0
1,613300,True,True,0,0
1,613400,True,True,0,0
1,613500,True,True,0,0
1,613600,True,True,0,0
1,613700,True,True,0,0
1,613800,True,True,0,0
1,613900,True,True,0,0
1,614000,True,True,0,0
1,614100,True,True,0,0
1,614200,True,True,0,0
1,614300,True,True,0,0
1,614400,True,True,0,0
1,614500,True,True,0,0
1,614600,True,True,0,0
1,614700,True,True,0,0
1,614800,True,True,0,0
1,614900,True,True,0,0
1,615000,True,True,0,0
1,615100,True,True,0,0
1,615200,True,True,0,0
1,615300,True,True,0,0
1,615400,True,True,0,0
1,615500,True,True,0,0
1,615600,True,True,0,0
1,615700,True,True,0,0
1,615800,True,True,0,0
1,615900,True,True,0,0
1,616000,True,True,0,0
1,616100,True,True,0,0
1,616200,True,True,0,0
1,616300,True,True,0,0
1,616400,True,True,0,0
1,616500,True,True,0,0
1,616600,True,True,0,0
1,616700,True,True,0,0
1,616800,True,True,0,0
1,616900,True,True,0,0
1,617000,True,True,0,0
1,617100,True,True,0,0
1,617200,True,True,0,0
1,617300,True,True,0,0
1,617400,True,True,0,0
1,617500,True,True,0,0
1,617600,True,True,0,0
1,617700,True,True,0,0
1,617800,True,True,0,0
1,617900,True,True,0,0
1,618000,True,True,0,0
1,618100,True,True,0,0
1,618200,True,True,0,0
1,618300,True,True,0,0
1,618400,True,True,0,0
1,618500,True,True,0,0
1,618600,True,True,0,0
1,618700,True,True,0,0
1,618800,True,True,0,0
1,618900,True,True,0,0
1,619000,True,True,0,0
1,619100,True,True,0,0
1,619200,True,True,0,0
1,619300,True,True,0,0
1,619400,True,True,0,0
1,619500,True,True,0,0
1,619600,True,True,0,0
1,619700,True,True,0,0
1,619800,True,True,0,0
1,619900,True,True,0,0
1,620000,True,True,0,0
1,620100,True,True,0,0
1,620200,True,True,0,0
1,620300,True,True,0,0
1,620400,True,True,0,0
1,620500,True,True,0,0
1,620600,True,True,0,0
1,620700,True,True,0,0
1,620800,True,True,0,0
1,620900,True,True,0,0
1,621000,True,True,0,0
1,621100,True,True,0,0
1,621200,True,True,0,0
1,621300,True,True,0,0
1,621400,True,True,0,0
1,621500,True,True,0,0
1,621600,True,True,0,0
1,621700,True,True,0,0
1,621800,True,True,0,0
1,621900,True,True,0,0
1,622000,True,True,0,0
1,622100,True,True,0,0
1,622200,True,True,0,0
1,622300,True,True,0,0
1,622400,True,True,0,0
1,622500,True,True,0,0
1,622600,True,True,0,0
1,622700,True,True,0,0
1,622800,True,True,0,0
1,622900,True,True,0,0
1,623000,True,True,0,0
1,623100,True,True,0,0
1,623200,True,True,0,0
1,623300,True,True,0,0
1,623400,True,True,0,0
1,623500,True,True,0,0
1,623600,True,True,0,0
1,623700,True,True,0,0
1,623800,True,True,0,0
1,623900,True,True,0,0
1,624000,True,True,0,0
1,624100,True,True,0,0
1,624200,True,True,0,0
1,624300,True,True,0,0
1,624400,True,True,0,0
1,624500,True,True,0,0
1,624600,True,True,0,0
1,624700,True,True,0,0
1,624800,True,True,0,0
1,624900,True,True,0,0
1,625000,True,True,0,0
1,625100,True,True,0,0
1,625200,True,True,0,0
1,625300,True,True,0,0
1,625400,True,True,0,0
1,625500,True,True,0,0
1,625600,True,True,0,0
1,625700,True,True,0,0
1,625800,True,True,0,0
1,625900,True,True,0,0
1,626000,True,True,0,0
1,626100,True,True,0,0
1,626200,True,True,0,0
1,626300,True,True,0,0
1,626400,True,True,0,0
1,626500,True,True,0,0
1,626600,True,True,0,0
1,626700,True,True,0,0
1,626800,True,True,0,0
1,626900,True,True,0,0
1,627000,True,True,0,0
1,627100,True,True,0,0
1,627200,True,True,0,0
1,627300,True,True,0,0
1,627400,True,True,0,0
1,627500,True,True,0,0
1,627600,True,True,0,0
1,627700,True,True,0,0
1,627800,True,True,0,0
1,627900,True,True,0,0
1,628000,True,True,0,0
1,628100,True,True,0,0
1,628200,True,True,0,0
1,628300,True,True,0,0
1,628400,True,True,0,0
1,628500,True,True,0,0
1,628600,True,True,0,0
1,628700,True,True,0,0
1,628800,True,True,0,0
1,628900,True,True,0,0
1,629000,True,True,0,0
1,629100,True,True,0,0
1,629200,True,True,0,0
1,629300,True,True,0,0
1,629400,True,True,0,0
1,629500,True,True,0,0
1,629600,True,True,0,0
1,629700,True,True,0,0
1,629800,True,True,0,0
1,629900,True,True,0,0
1,630000,True,True,0,0
1,630100,True,True,0,0
1,630200,True,True,0,0
1,630300,True,True,0,0
1,630400,True,True,0,0
1,630500,True,True,0,0
1,630600,True,True,0,0
1,630700,True,True,0,0
1,630800,True,True,0,0
1,630900,True,True,0,0
1,631000,True,True,0,0
1,631100,True,True,0,0
1,631200,True,True,0,0
1,631300,True,True,0,0
1,631400,True,True,0,0
1,631500,True,True,0,0
1,631600,True,True,0,0
1,631700,True,True,0,0
1,631800,True,True,0,0
1,631900,True,True,0,0
1,632000,True,True,0,0
1,632100,True,True,0,0
1,632200,True,True,0,0
1,632300,True,True,0,0
1,632400,True,True,0,0
1,632500,True,True,0,0
1,632600,True,True,0,0
1,632700,True,True,0,0
1,632800,True,True,0,0
1,632900,True,True,0,0
1,633000,True,True,0,0
1,633100,True,True,0,0
1,633200,True,True,0,0
1,633300,True,True,0,0
1,633400,True,True,0,0
1,633500,True,True,0,0
1,633600,True,True,0,0
1,633700,True,True,0,0
1,633800,True,True,0,0
1,633900,True,True,0,0
1,634000,True,True,0,0
1,634100,True,True,0,0
1,634200,True,True,0,0
1,634300,True,True,0,0
1,634400,True,True,0,0
1,634500,True,True,0,0
1,634600,True,True,0,0
1,634700,True,True,0,0
1,634800,True,True,0,0
1,634900,True,True,0,0
1,635000,True,True,0,0
1,635100,True,True,0,0
1,635200,True,True,0,0
1,635300,True,True,0,0
1,635400,True,True,0,0
1,635500,True,True,0,0
1,635600,True,True,0,0
1,635700,True,True,0,0
1,635800,True,True,0,0
1,635900,True,True,0,0
1,636000,True,True,0,0
1,636100,True,True,0,0
1,636200,True,True,0,0
1,636300,True,True,0,0
1,636400,True,True,0,0
1,636500,True,True,0,0
1,636600,True,True,0,0
1,636700,True,True,0,0
1,636800,True,True,0,0
1,636900,True,True,0,0
1,637000,True,True,0,0
1,637100,True,True,0,0
1,637200,True,True,0,0
1,637300,True,True,0,0
1,637400,True,True,0,0
1,637500,True,True,0,0
1,637600,True,True,0,0
1,637700,True,True,0,0
1,637800,True,True,0,0
1,637900,True,True,0,0
1,638000,True,True,0,0
1,638100,True,True,0,0
1,638200,True,True,0,0
1,638300,True,True,0,0
1,638400,True,True,0,0
1,638500,True,True,0,0
1,638600,True,True,0,0
1,638700,True,True,0,0
1,638800,True,True,0,0
1,638900,True,True,0,0
1,639000,True,True,0,0
1,639100,True,True,0,0
1,639200,True,True,0,0
1,639300,True,True,0,0
1,639400,True,True,0,0
1,639500,True,True,0,0
1,639600,True,True,0,0
1,639700,True,True,0,0
1,639800,True,True,0,0
1,639900,True,True,0,0
1,640000,True,True,0,0
1,640100,True,True,0,0
1,640200,True,True,0,0
1,640300,True,True,0,0
1,640400,True,True,0,0
1,640500,True,True,0,0
1,640600,True,True,0,0
1,640700,True,True,0,0
1,640800,True,True,0,0
1,640900,True,True,0,0
1,641000,True,True,0,0
1,641100,True,True,0,0
1,641200,True,True,0,0
1,641300,True,True,0,0
1,641400,True,True,0,0
1,641500,True,True,0,0
1,641600,True,True,0,0
1,641700,True,True,0,0
1,641800,True,True,0,0
1,641900,True,True,0,0
1,642000,True,True,0,0
1,642100,True,True,0,0
1,642200,True,True,0,0
1,642300,True,True,0,0
1,642400,True,True,0,0
1,642500,True,True,0,0
1,642600,True,True,0,0
1,642700,True,True,0,0
1,642800,True,True,0,0
1,642900,True,True,0,0
1,643000,True,True,0,0
1,643100,True,True,0,0
1,643200,True,True,0,0
1,643300,True,True,0,0
1,643400,True,True,0,0
1,643500,True,True,0,0
1,643600,True,True,0,0
1,643700,True,True,0,0
1,643800,True,True,0,0
1,643900,True,True,0,0
1,644000,True,True,0,0
1,644100,True,True,0,0
1,644200,True,True,0,0
1,644300,True,True,0,0
1,644400,True,True,0,0
1,644500,True,True,0,0
1,644600,True,True,0,0
1,644700,True,True,0,0
1,644800,True,True,0,0
1,644900,True,True,0,0
1,645000,True,True,0,0
1,645100,True,True,0,0
1,645200,True,True,0,0
1,645300,True,True,0,0
1,645400,True,True,0,0
1,645500,True,True,0,0
1,645600,True,True,0,0
1,645700,True,True,0,0
1,645800,True,True,0,0
1,645900,True,True,0,0
1,646000,True,True,0,0
1,646100,True,True,0,0
1,646200,True,True,0,0
1,646300,True,True,0,0
1,646400,True,True,0,0
1,646500,True,True,0,0
1,646600,True,True,0,0
1,646700,True,True,0,0
1,646800,True,True,0,0
1,646900,True,True,0,0
1,647000,True,True,0,0
1,647100,True,True,0,0
1,647200,True,True,0,0
1,647300,True,True,0,0
1,647400,True,True,0,0
1,647500,True,True,0,0
1,647600,True,True,0,0
1,647700,True,True,0,0
1,647800,True,True,0,0
1,647900,True,True,0,0
1,648000,True,True,0,0
1,648100,True,True,0,0
1,648200,True,True,0,0
1,648300,True,True,0,0
1,648400,True,True,0,0
1,648500,True,True,0,0
1,648600,True,True,0,0
1,648700,True,True,0,0
1,648800,True,True,0,0
1,648900,True,True,0,0
1,649000,True,True,0,0
1,649100,True,True,0,0
1,649200,True,True,0,0
1,649300,True,True,0,0
1,649400,True,True,0,0
1,649500,True,True,0,0
1,649600,True,True,0,0
1,649700,True,True,0,0
1,649800,True,True,0,0
1,649900,True,True,0,0
1,650000,True,True,0,0
1,650100,True,True,0,0
1,650200,True,True,0,0
1,650300,True,True,0,0
1,650400,True,True,0,0
1,650500,True,True,0,0
1,650600,True,True,0,0
1,650700,True,True,0,0
1,650800,True,True,0,0
1,650900,True,True,0,0
1,651000,True,True,0,0
1,651100,True,True,0,0
1,651200,True,True,0,0
1,651300,True,True,0,0
1,651400,True,True,0,0
1,651500,True,True,0,0
1,651600,True,True,0,0
1,651700,True,True,0,0
1,651800,True,True,0,0
1,651900,True,True,0,0
1,652000,True,True,0,0
1,652100,True,True,0,0
1,652200,True,True,0,0
1,652300,True,True,0,0
1,652400,True,True,0,0
1,652500,True,True,0,0
1,652600,True,True,0,0
1,652700,True,True,0,0
1,652800,True,True,0,0
1,652900,True,True,0,0
1,653000,True,True,0,0
1,653100,True,True,0,0
1,653200,True,True,0,0
1,653300,True,True,0,0
1,653400,True,True,0,0
1,653500,True,True,0,0
1,653600,True,True,0,0
1,653700,True,True,0,0
1,653800,True,True,0,0
1,653900,True,True,0,0
1,654000,True,True,0,0
1,654100,True,True,0,0
1,654200,True,True,0,0
1,654300,True,True,0,0
1,654400,True,True,0,0
1,654500,True,True,0,0
1,654600,True,True,0,0
1,654700,True,True,0,0
1,654800,True,True,0,0
1,654900,True,True,0,0
1,655000,True,True,0,0
1,655100,True,True,0,0
1,655200,True,True,0,0
1,655300,True,True,0,0
1,655400,True,True,0,0
1,655500,True,True,0,0
1,655600,True,True,0,0
1,655700,True,True,0,0
1,655800,True,True,0,0
1,655900,True,True,0,0
1,656000,True,True,0,0
1,656100,True,True,0,0
1,656200,True,True,0,0
1,656300,True,True,0,0
1,656400,True,True,0,0
1,656500,True,True,0,0
1,656600,True,True,0,0
1,656700,True,True,0,0
1,656800,True,True,0,0
1,656900,True,True,0,0
1,657000,True,True,0,0
1,657100,True,True,0,0
1,657200,True,True,0,0
1,657300,True,True,0,0
1,657400,True,True,0,0
1,657500,True,True,0,0
1,657600,True,True,0,0
1,657700,True,True,0,0
1,657800,True,True,0,0
1,657900,True,True,0,0
1,658000,True,True,0,0
1,658100,True,True,0,0
1,658200,True,True,0,0
1,658300,True,True,0,0
1,658400,True,True,0,0
1,658500,True,True,0,0
1,658600,True,True,0,0
1,658700,True,True,0,0
1,658800,True,True,0,0
1,658900,True,True,0,0
1,659000,True,True,0,0
1,659100,True,True,0,0
1,659200,True,True,0,0
1,659300,True,True,0,0
1,659400,True,True,0,0
1,659500,True,True,0,0
1,659600,True,True,0,0
1,659700,True,True,0,0
1,659800,True,True,0,0
1,659900,True,True,0,0
1,660000,True,True,0,0
1,660100,True,True,0,0
1,660200,True,True,0,0
1,660300,True,True,0,0
1,660400,True,True,0,0
1,660500,True,True,0,0
1,660600,True,True,0,0
1,660700,True,True,0,0
1,660800,True,True,0,0
1,660900,True,True,0,0
1,661000,True,True,0,0
1,661100,True,True,0,0
1,661200,True,True,0,0
1,661300,True,True,0,0
1,661400,True,True,0,0
1,661500,True,True,0,0
1,661600,True,True,0,0
1,661700,True,True,0,0
1,661800,True,True,0,0
1,661900,True,True,0,0
1,662000,True,True,0,0
1,662100,True,True,0,0
1,662200,True,True,0,0
1,662300,True,True,0,0
1,662400,True,True,0,0
1,662500,True,True,0,0
1,662600,True,True,0,0
1,662700,True,True,0,0
1,662800,True,True,0,0
1,662900,True,True,0,0
1,663000,True,True,0,0
1,663100,True,True,0,0
1,663200,True,True,0,0
1,663300,True,True,0,0
1,663400,True,True,0,0
1,663500,True,True,0,0
1,663600,True,True,0,0
1,663700,True,True,0,0
1,663800,True,True,0,0
1,663900,True,True,0,0
1,664000,True,True,0,0
1,664100,True,True,0,0
1,664200,True,True,0,0
1,664300,True,True,0,0
1,664400,True,True,0,0
1,664500,True,True,0,0
1,664600,True,True,0,0
1,664700,True,True,0,0
1,664800,True,True,0,0
1,664900,True,True,0,0
1,665000,True,True,0,0
1,665100,True,True,0,0
1,665200,True,True,0,0
1,665300,True,True,0,0
1,665400,True,True,0,0
1,665500,True,True,0,0
1,665600,True,True,0,0
1,665700,True,True,0,0
1,665800,True,True,0,0
1,665900,True,True,0,0
1,666000,True,True,0,0
1,666100,True,True,0,0
1,666200,True,True,0,0
1,666300,True,True,0,0
1,666400,True,True,0,0
1,666500,True,True,0,0
1,666600,True,True,0,0
1,666700,True,True,0,0
1,666800,True,True,0,0
1,666900,True,True,0,0
1,667000,True,True,0,0
1,667100,True,True,0,0
1,667200,True,True,0,0
1,667300,True,True,0,0
1,667400,True,True,0,0
1,667500,True,True,0,0
1,667600,True,True,0,0
1,667700,True,True,0,0
1,667800,True,True,0,0
1,667900,True,True,0,0
1,668000,True,True,0,0
1,668100,True,True,0,0
1,668200,True,True,0,0
1,668300,True,True,0,0
1,668400,True,True,0,0
1,668500,True,True,0,0
1,668600,True,True,0,0
1,668700,True,True,0,0
1,668800,True,True,0,0
1,668900,True,True,0,0
1,669000,True,True,0,0
1,669100,True,True,0,0
1,669200,True,True,0,0
1,669300,True,True,0,0
1,669400,True,True,0,0
1,669500,True,True,0,0
1,669600,True,True,0,0
1,669700,True,True,0,0
1,669800,True,True,0,0
1,669900,True,True,0,0
1,670000,True,True,0,0
1,670100,True,True,0,0
1,670200,True,True,0,0
1,670300,True,True,0,0
1,670400,True,True,0,0
1,670500,True,True,0,0
1,670600,True,True,0,0
1,670700,True,True,0,0
1,670800,True,True,0,0
1,670900,True,True,0,0
1,671000,True,True,0,0
1,671100,True,True,0,0
1,671200,True,True,0,0
1,671300,True,True,0,0
1,671400,True,True,0,0
1,671500,True,True,0,0
1,671600,True,True,0,0
1,671700,True,True,0,0
1,671800,True,True,0,0
1,671900,True,True,0,0
1,672000,True,True,0,0
1,672100,True,True,0,0
1,672200,True,True,0,0
1,672300,True,True,0,0
1,672400,True,True,0,0
1,672500,True,True,0,0
1,672600,True,True,0,0
1,672700,True,True,0,0
1,672800,True,True,0,0
1,672900,True,True,0,0
1,673000,True,True,0,0
1,673100,True,True,0,0
1,673200,True,True,0,0
1,673300,True,True,0,0
1,673400,True,True,0,0
1,673500,True,True,0,0
1,673600,True,True,0,0
1,673700,True,True,0,0
1,673800,True,True,0,0
1,673900,True,True,0,0
1,674000,True,True,0,0
1,674100,True,True,0,0
1,674200,True,True,0,0
1,674300,True,True,0,0
1,674400,True,True,0,0
1,674500,True,True,0,0
1,674600,True,True,0,0
1,674700,True,True,0,0
1,674800,True,True,0,0
1,674900,True,True,0,0
1,675000,True,True,0,0
1,675100,True,True,0,0
1,675200,True,True,0,0
1,675300,True,True,0,0
1,675400,True,True,0,0
1,675500,True,True,0,0
1,675600,True,True,0,0
1,675700,True,True,0,0
1,675800,True,True,0,0
1,675900,True,True,0,0
1,676000,True,True,0,0
1,676100,True,True,0,0
1,676200,True,True,0,0
1,676300,True,True,0,0
1,676400,True,True,0,0
1,676500,True,True,0,0
1,676600,True,True,0,0
1,676700,True,True,0,0
1,676800,True,True,0,0
1,676900,True,True,0,0
1,677000,True,True,0,0
1,677100,True,True,0,0
1,677200,True,True,0,0
1,677300,True,True,0,0
1,677400,True,True,0,0
1,677500,True,True,0,0
1,677600,True,True,0,0
1,677700,True,True,0,0
1,677800,True,True,0,0
1,677900,True,True,0,0
1,678000,True,True,0,0
1,678100,True,True,0,0
1,678200,True,True,0,0
1,678300,True,True,0,0
1,678400,True,True,0,0
1,678500,True,True,0,0
1,678600,True,True,0,0
1,678700,True,True,0,0
1,678800,True,True,0,0
1,678900,True,True,0,0
1,679000,True,True,0,0
1,679100,True,True,0,0
1,679200,True,True,0,0
1,679300,True,True,0,0
1,679400,True,True,0,0
1,679500,True,True,0,0
1,679600,True,True,0,0
1,679700,True,True,0,0
1,679800,True,True,0,0
1,679900,True,True,0,0
1,680000,True,True,0,0
1,680100,True,True,0,0
1,680200,True,True,0,0
1,680300,True,True,0,0
1,680400,True,True,0,0
1,680500,True,True,0,0
1,680600,True,True,0,0
1,680700,True,True,0,0
1,680800,True,True,0,0
1,680900,True,True,0,0
1,681000,True,True,0,0
1,681100,True,True,0,0
1,681200,True,True,0,0
1,681300,True,True,0,0
1,681400,True,True,0,0
1,681500,True,True,0,0
1,681600,True,True,0,0
1,681700,True,True,0,0
1,681800,True,True,0,0
1,681900,True,True,0,0
1,682000,True,True,0,0
1,682100,True,True,0,0
1,682200,True,True,0,0
1,682300,True,True,0,0
1,682400,True,True,0,0
1,682500,True,True,0,0
1,682600,True,True,0,0
1,682700,True,True,0,0
1,682800,True,True,0,0
1,682900,True,True,0,0
1,683000,True,True,0,0
1,683100,True,True,0,0
1,683200,True,True,0,0
1,683300,True,True,0,0
1,683400,True,True,0,0
1,683500,True,True,0,0
1,683600,True,True,0,0
1,683700,True,True,0,0
1,683800,True,True,0,0
1,683900,True,True,0,0
1,684000,True,True,0,0
1,684100,True,True,0,0
1,684200,True,True,0,0
1,684300,True,True,0,0
1,684400,True,True,0,0
1,684500,True,True,0,0
1,684600,True,True,0,0
1,684700,True,True,0,0
1,684800,True,True,0,0
1,684900,True,True,0,0
1,685000,True,True,0,0
1,685100,True,True,0,0
1,685200,True,True,0,0
1,685300,True,True,0,0
1,685400,True,True,0,0
1,685500,True,True,0,0
1,685600,True,True,0,0
1,685700,True,True,0,0
1,685800,True,True,0,0
1,685900,True,True,0,0
1,686000,True,True,0,0
1,686100,True,True,0,0
1,686200,True,True,0,0
1,686300,True,True,0,0
1,686400,True,True,0,0
1,686500,True,True,0,0
1,686600,True,True,0,0
1,686700,True,True,0,0
1,686800,True,True,0,0
1,686900,True,True,0,0
1,687000,True,True,0,0
1,687100,True,True,0,0
1,687200,True,True,0,0
1,687300,True,True,0,0
1,687400,True,True,0,0
1,687500,True,True,0,0
1,687600,True,True,0,0
1,687700,True,True,0,0
1,687800,True,True,0,0
1,687900,True,True,0,0
1,688000,True,True,0,0
1,688100,True,True,0,0
1,688200,True,True,0,0
1,688300,True,True,0,0
1,688400,True,True,0,0
1,688500,True,True,0,0
1,688600,True,True,0,0
1,688700,True,True,0,0
1,688800,True,True,0,0
1,688900,True,True,0,0
1,689000,True,True,0,0
1,689100,True,True,0,0
1,689200,True,True,0,0
1,689300,True,True,0,0
1,689400,True,True,0,0
1,689500,True,True,0,0
1,689600,True,True,0,0
1,689700,True,True,0,0
1,689800,True,True,0,0
1,689900,True,True,0,0
1,690000,True,True,0,0
1,690100,True,True,0,0
1,690200,True,True,0,0
1,690300,True,True,0,0
1,690400,True,True,0,0
1,690500,True,True,0,0
1,690600,True,True,0,0
1,690700,True,True,0,0
1,690800,True,True,0,0
1,690900,True,True,0,0
1,691000,True,True,0,0
1,691100,True,True,0,0
1,691200,True,True,0,0
1,691300,True,True,0,0
1,691400,True,True,0,0
1,691500,True,True,0,0
1,691600,True,True,0,0
1,691700,True,True,0,0
1,691800,True,True,0,0
1,691900,True,True,0,0
1,692000,True,True,0,0
1,692100,True,True,0,0
1,692200,True,True,0,0
1,692300,True,True,0,0
1,692400,True,True,0,0
1,692500,True,True,0,0
1,692600,True,True,0,0
1,692700,True,True,0,0
1,692800,True,True,0,0
1,692900,True,True,0,0
1,693000,True,True,0,0
1,693100,True,True,0,0
1,693200,True,True,0,0
1,693300,True,True,0,0
1,693400,True,True,0,0
1,693500,True,True,0,0
1,693600,True,True,0,0
1,693700,True,True,0,0
1,693800,True,True,0,0
1,693900,True,True,0,0
1,694000,True,True,0,0
1,694100,True,True,0,0
1,694200,True,True,0,0
1,694300,True,True,0,0
1,694400,True,True,0,0
1,694500,True,True,0,0
1,694600,True,True,0,0
1,694700,True,True,0,0
1,694800,True,True,0,0
1,694900,True,True,0,0
1,695000,True,True,0,0
1,695100,True,True,0,0
1,695200,True,True,0,0
1,695300,True,True,0,0
1,695400,True,True,0,0
1,695500,True,True,0,0
1,695600,True,True,0,0
1,695700,True,True,0,0
1,695800,True,True,0,0
1,695900,True,True,0,0
1,696000,True,True,0,0
1,696100,True,True,0,0
1,696200,True,True,0,0
1,696300,True,True,0,0
1,696400,True,True,0,0
1,696500,True,True,0,0
1,696600,True,True,0,0
1,696700,True,True,0,0
1,696800,True,True,0,0
1,696900,True,True,0,0
1,697000,True,True,0,0
1,697100,True,True,0,0
1,697200,True,True,0,0
1,697300,True,True,0,0
1,697400,True,True,0,0
1,697500,True,True,0,0
1,697600,True,True,0,0
1,697700,True,True,0,0
1,697800,True,True,0,0
1,697900,True,True,0,0
1,698000,True,True,0,0
1,698100,True,True,0,0
1,698200,True,True,0,0
1,698300,True,True,0,0
1,698400,True,True,0,0
1,698500,True,True,0,0
1,698600,True,True,0,0
1,698700,True,True,0,0
1,698800,True,True,0,0
1,698900,True,True,0,0
1,699000,True,True,0,0
1,699100,True,True,0,0
1,699200,True,True,0,0
1,699300,True,True,0,0
1,699400,True,True,0,0
1,699500,True,True,0,0
1,699600,True,True,0,0
1,699700,True,True,0,0
1,699800,True,True,0,0
1,699900,True,True,0,0
1,700000,True,True,0,0
1,700100,True,True,0,0
1,700200,True,True,0,0
1,700300,True,True,0,0
1,700400,True,True,0,0
1,700500,True,True,0,0
1,700600,True,True,0,0
1,700700,True,True,0,0
1,700800,True,True,0,0
1,700900,True,True,0,0
1,701000,True,True,0,0
1,701100,True,True,0,0
1,701200,True,True,0,0
1,701300,True,True,0,0
1,701400,True,True,0,0
1,701500,True,True,0,0
1,701600,True,True,0,0
1,701700,True,True,0,0
1,701800,True,True,0,0
1,701900,True,True,0,0
1,702000,True,True,0,0
1,702100,True,True,0,0
1,702200,True,True,0,0
1,702300,True,True,0,0
1,702400,True,True,0,0
1,702500,True,True,0,0
1,702600,True,True,0,0
1,702700,True,True,0,0
1,702800,True,True,0,0
1,702900,True,True,0,0
1,703000,True,True,0,0
1,703100,True,True,0,0
1,703200,True,True,0,0
1,703300,True,True,0,0
1,703400,True,True,0,0
1,703500,True,True,0,0
1,703600,True,True,0,0
1,703700,True,True,0,0
1,703800,True,True,0,0
1,703900,True,True,0,0
1,704000,True,True,0,0
1,704100,True,True,0,0
1,704200,True,True,0,0
1,704300,True,True,0,0
1,704400,True,True,0,0
1,704500,True,True,0,0
1,704600,True,True,0,0
1,704700,True,True,0,0
1,704800,True,True,0,0
1,704900,True,True,0,0
1,705000,True,True,0,0
1,705100,True,True,0,0
1,705200,True,True,0,0
1,705300,True,True,0,0
1,705400,True,True,0,0
1,705500,True,True,0,0
1,705600,True,True,0,0
1,705700,True,True,0,0
1,705800,True,True,0,0
1,705900,True,True,0,0
1,706000,True,True,0,0
1,706100,True,True,0,0
1,706200,True,True,0,0
1,706300,True,True,0,0
1,706400,True,True,0,0
1,706500,True,True,0,0
1,706600,True,True,0,0
1,706700,True,True,0,0
1,706800,True,True,0,0
1,706900,True,True,0,0
1,707000,True,True,0,0
1,707100,True,True,0,0
1,707200,True,True,0,0
1,707300,True,True,0,0
1,707400,True,True,0,0
1,707500,True,True,0,0
1,707600,True,True,0,0
1,707700,True,True,0,0
1,707800,True,True,0,0
1,707900,True,True,0,0
1,708000,True,True,0,0
1,708100,True,True,0,0
1,708200,True,True,0,0
1,708300,True,True,0,0
1,708400,True,True,0,0
1,708500,True,True,0,0
1,708600,True,True,0,0
1,708700,True,True,0,0
1,708800,True,True,0,0
1,708900,True,True,0,0
1,709000,True,True,0,0
1,709100,True,True,0,0
1,709200,True,True,0,0
1,709300,True,True,0,0
1,709400,True,True,0,0
1,709500,True,True,0,0
1,709600,True,True,0,0
1,709700,True,True,0,0
1,709800,True,True,0,0
1,709900,True,True,0,0
1,710000,True,True,0,0
1,710100,True,True,0,0
1,710200,True,True,0,0
1,710300,True,True,0,0
1,710400,True,True,0,0
1,710500,True,True,0,0
1,710600,True,True,0,0
1,710700,True,True,0,0
1,710800,True,True,0,0
1,710900,True,True,0,0
1,711000,True,True,0,0
1,711100,True,True,0,0
1,711200,True,True,0,0
1,711300,True,True,0,0
1,711400,True,True,0,0
1,711500,True,True,0,0
1,711600,True,True,0,0
1,711700,True,True,0,0
1,711800,True,True,0,0
1,711900,True,True,0,0
1,712000,True,True,0,0
1,712100,True,True,0,0
1,712200,True,True,0,0
1,712300,True,True,0,0
1,712400,True,True,0,0
1,712500,True,True,0,0
1,712600,True,True,0,0
1,712700,True,True,0,0
1,712800,True,True,0,0
1,712900,True,True,0,0
1,713000,True,True,0,0
1,713100,True,True,0,0
1,713200,True,True,0,0
1,713300,True,True,0,0
1,713400,True,True,0,0
1,713500,True,True,0,0
1,713600,True,True,0,0
1,713700,True,True,0,0
1,713800,True,True,0,0
1,713900,True,True,0,0
1,714000,True,True,0,0
1,714100,True,True,0,0
1,714200,True,True,0,0
1,714300,True,True,0,0
1,714400,True,True,0,0
1,714500,True,True,0,0
1,714600,True,True,0,0
1,714700,True,True,0,0
1,714800,True,True,0,0
1,714900,True,True,0,0
1,715000,True,True,0,0
1,715100,True,True,0,0
1,715200,True,True,0,0
1,715300,True,True,0,0
1,715400,True,True,0,0
1,715500,True,True,0,0
1,715600,True,True,0,0
1,715700,True,True,0,0
1,715800,True,True,0,0
1,715900,True,True,0,0
1,716000,True,True,0,0
1,716100,True,True,0,0
1,716200,True,True,0,0
1,716300,True,True,0,0
1,716400,True,True,0,0
1,716500,True,True,0,0
1,716600,True,True,0,0
1,716700,True,True,0,0
1,716800,True,True,0,0
1,716900,True,True,0,0
1,717000,True,True,0,0
1,717100,True,True,0,0
1,717200,True,True,0,0
1,717300,True,True,0,0
1,717400,True,True,0,0
1,717500,True,True,0,0
1,717600,True,True,0,0
1,717700,True,True,0,0
1,717800,True,True,0,0
1,717900,True,True,0,0
1,718000,True,True,0,0
1,718100,True,True,0,0
1,718200,True,True,0,0
1,718300,True,True,0,0
1,718400,True,True,0,0
1,718500,True,True,0,0
1,718600,True,True,0,0
1,718700,True,True,0,0
1,718800,True,True,0,0
1,718900,True,True,0,0
1,719000,True,True,0,0
1,719100,True,True,0,0
1,719200,True,True,0,0
1,719300,True,True,0,0
1,719400,True,True,0,0
1,719500,True,True,0,0
1,719600,True,True,0,0
1,719700,True,True,0,0
1,719800,True,True,0,0
1,719900,True,True,0,0
1,720000,True,True,0,0
1,720100,True,True,0,0
1,720200,True,True,0,0
1,720300,True,True,0,0
1,720400,True,True,0,0
1,720500,True,True,0,0
1,720600,True,True,0,0
1,720700,True,True,0,0
1,720800,True,True,0,0
1,720900,True,True,0,0
1,721000,True,True,0,0
1,721100,True,True,0,0
1,721200,True,True,0,0
1,721300,True,True,0,0
1,721400,True,True,0,0
1,721500,True,True,0,0
1,721600,True,True,0,0
1,721700,True,True,0,0
1,721800,True,True,0,0
1,721900,True,True,0,0
1,722000,True,True,0,0
1,722100,True,True,0,0
1,722200,True,True,0,0
1,722300,True,True,0,0
1,722400,True,True,0,0
1,722500,True,True,0,0
1,722600,True,True,0,0
1,722700,True,True,0,0
1,722800,True,True,0,0
1,722900,True,True,0,0
1,723000,True,True,0,0
1,723100,True,True,0,0
1,723200,True,True,0,0
1,723300,True,True,0,0
1,723400,True,True,0,0
1,723500,True,True,0,0
1,723600,True,True,0,0
1,723700,True,True,0,0
1,723800,True,True,0,0
1,723900,True,True,0,0
1,724000,True,True,0,0
1,724100,True,True,0,0
1,724200,True,True,0,0
1,724300,True,True,0,0
1,724400,True,True,0,0
1,724500,True,True,0,0
1,724600,True,True,0,0
1,724700,True,True,0,0
1,724800,True,True,0,0
1,724900,True,True,0,0
1,725000,True,True,0,0
1,725100,True,True,0,0
1,725200,True,True,0,0
1,725300,True,True,0,0
1,725400,True,True,0,0
1,725500,True,True,0,0
1,725600,True,True,0,0
1,725700,True,True,0,0
1,725800,True,True,0,0
1,725900,True,True,0,0
1,726000,True,True,0,0
1,726100,True,True,0,0
1,726200,True,True,0,0
1,726300,True,True,0,0
1,726400,True,True,0,0
1,726500,True,True,0,0
1,726600,True,True,0,0
1,726700,True,True,0,0
1,726800,True,True,0,0
1,726900,True,True,0,0
1,727000,True,True,0,0
1,727100,True,True,0,0
1,727200,True,True,0,0
1,727300,True,True,0,0
1,727400,True,True,0,0
1,727500,True,True,0,0
1,727600,True,True,0,0
1,727700,True,True,0,0
1,727800,True,True,0,0
1,727900,True,True,0,0
1,728000,True,True,0,0
1,728100,True,True,0,0
1,728200,True,True,0,0
1,728300,True,True,0,0
1,728400,True,True,0,0
1,728500,True,True,0,0
1,728600,True,True,0,0
1,728700,True,True,0,0
1,728800,True,True,0,0
1,728900,True,True,0,0
1,729000,True,True,0,0
1,729100,True,True,0,0
1,729200,True,True,0,0
1,729300,True,True,0,0
1,729400,True,True,0,0
1,729500,True,True,0,0
1,729600,True,True,0,0
1,729700,True,True,0,0
1,729800,True,True,0,0
1,729900,True,True,0,0
1,730000,True,True,0,0
1,730100,True,True,0,0
1,730200,True,True,0,0
1,730300,True,True,0,0
1,730400,True,True,0,0
1,730500,True,True,0,0
1,730600,True,True,0,0
1,730700,True,True,0,0
1,730800,True,True,0,0
1,730900,True,True,0,0
1,731000,True,True,0,0
1,731100,True,True,0,0
1,731200,True,True,0,0
1,731300,True,True,0,0
1,731400,True,True,0,0
1,731500,True,True,0,0
1,731600,True,True,0,0
1,731700,True,True,0,0
1,731800,True,True,0,0
1,731900,True,True,0,0
1,732000,True,True,0,0
1,732100,True,True,0,0
1,732200,True,True,0,0
1,732300,True,True,0,0
1,732400,True,True,0,0
1,732500,True,True,0,0
1,732600,True,True,0,0
1,732700,True,True,0,0
1,732800,True,True,0,0
1,732900,True,True,0,0
1,733000,True,True,0,0
1,733100,True,True,0,0
1,733200,True,True,0,0
1,733300,True,True,0,0
1,733400,True,True,0,0
1,733500,True,True,0,0
1,733600,True,True,0,0
1,733700,True,True,0,0
1,733800,True,True,0,0
1,733900,True,True,0,0
1,734000,True,True,0,0
1,734100,True,True,0,0
1,734200,True,True,0,0
1,734300,True,True,0,0
1,734400,True,True,0,0
1,734500,True,True,0,0
1,734600,True,True,0,0
1,734700,True,True,0,0
1,734800,True,True,0,0
1,734900,True,True,0,0
1,735000,True,True,0,0
1,735100,True,True,0,0
1,735200,True,True,0,0
1,735300,True,True,0,0
1,735400,True,True,0,0
1,735500,True,True,0,0
1,735600,True,True,0,0
1,735700,True,True,0,0
1,735800,True,True,0,0
1,735900,True,True,0,0
1,736000,True,True,0,0
1,736100,True,True,0,0
1,736200,True,True,0,0
1,736300,True,True,0,0
1,736400,True,True,0,0
1,736500,True,True,0,0
1,736600,True,True,0,0
1,736700,True,True,0,0
1,736800,True,True,0,0
1,736900,True,True,0,0
1,737000,True,True,0,0
1,737100,True,True,0,0
1,737200,True,True,0,0
1,737300,True,True,0,0
1,737400,True,True,0,0
1,737500,True,True,0,0
1,737600,True,True,0,0
1,737700,True,True,0,0
1,737800,True,True,0,0
1,737900,True,True,0,0
1,738000,True,True,0,0
1,738100,True,True,0,0
1,738200,True,True,0,0
1,738300,True,True,0,0
1,738400,True,True,0,0
1,738500,True,True,0,0
1,738600,True,True,0,0
1,738700,True,True,0,0
1,738800,True,True,0,0
1,738900,True,True,0,0
1,739000,True,True,0,0
1,739100,True,True,0,0
1,739200,True,True,0,0
1,739300,True,True,0,0
1,739400,True,True,0,0
1,739500,True,True,0,0
1,739600,True,True,0,0
1,739700,True,True,0,0
1,739800,True,True,0,0
1,739900,True,True,0,0
1,740000,True,True,0,0
1,740100,True,True,0,0
1,740200,True,True,0,0
1,740300,True,True,0,0
1,740400,True,True,0,0
1,740500,True,True,0,0
1,740600,True,True,0,0
1,740700,True,True,0,0
1,740800,True,True,0,0
1,740900,True,True,0,0
1,741000,True,True,0,0
1,741100,True,True,0,0
1,741200,True,True,0,0
1,741300,True,True,0,0
1,741400,True,True,0,0
1,741500,True,True,0,0
1,741600,True,True,0,0
1,741700,True,True,0,0
1,741800,True,True,0,0
1,741900,True,True,0,0
1,742000,True,True,0,0
1,742100,True,True,0,0
1,742200,True,True,0,0
1,742300,True,True,0,0
1,742400,True,True,0,0
1,742500,True,True,0,0
1,742600,True,True,0,0
1,742700,True,True,0,0
1,742800,True,True,0,0
1,742900,True,True,0,0
1,743000,True,True,0,0
1,743100,True,True,0,0
1,743200,True,True,0,0
1,743300,True,True,0,0
1,743400,True,True,0,0
1,743500,True,True,0,0
1,743600,True,True,0,0
1,743700,True,True,0,0
1,743800,True,True,0,0
1,743900,True,True,0,0
1,744000,True,True,0,0
1,744100,True,True,0,0
1,744200,True,True,0,0
1,744300,True,True,0,0
1,744400,True,True,0,0
1,744500,True,True,0,0
1,744600,True,True,0,0
1,744700,True,True,0,0
1,744800,True,True,0,0
1,744900,True,True,0,0
1,745000,True,True,0,0
1,745100,True,True,0,0
1,745200,True,True,0,0
1,745300,True,True,0,0
1,745400,True,True,0,0
1,745500,True,True,0,0
1,745600,True,True,0,0
1,745700,True,True,0,0
1,745800,True,True,0,0
1,745900,True,True,0,0
1,746000,True,True,0,0
1,746100,True,True,0,0
1,746200,True,True,0,0
1,746300,True,True,0,0
1,746400,True,True,0,0
1,746500,True,True,0,0
1,746600,True,True,0,0
1,746700,True,True,0,0
1,746800,True,True,0,0
1,746900,True,True,0,0
1,747000,True,True,0,0
1,747100,True,True,0,0
1,747200,True,True,0,0
1,747300,True,True,0,0
1,747400,True,True,0,0
1,747500,True,True,0,0
1,747600,True,True,0,0
1,747700,True,True,0,0
1,747800,True,True,0,0
1,747900,True,True,0,0
1,748000,True,True,0,0
1,748100,True,True,0,0
1,748200,True,True,0,0
1,748300,True,True,0,0
1,748400,True,True,0,0
1,748500,True,True,0,0
1,748600,True,True,0,0
1,748700,True,True,0,0
1,748800,True,True,0,0
1,748900,True,True,0,0
1,749000,True,True,0,0
1,749100,True,True,0,0
1,749200,True,True,0,0
1,749300,True,True,0,0
1,749400,True,True,0,0
1,749500,True,True,0,0
1,749600,True,True,0,0
1,749700,True,True,0,0
1,749800,True,True,0,0
1,749900,True,True,0,0
1,750000,True,True,0,0
1,750100,True,True,0,0
1,750200,True,True,0,0
1,750300,True,True,0,0
1,750400,True,True,0,0
1,750500,True,True,0,0
1,750600,True,True,0,0
1,750700,True,True,0,0
1,750800,True,True,0,0
1,750900,True,True,0,0
1,751000,True,True,0,0
1,751100,True,True,0,0
1,751200,True,True,0,0
1,751300,True,True,0,0
1,751400,True,True,0,0
1,751500,True,True,0,0
1,751600,True,True,0,0
1,751700,True,True,0,0
1,751800,True,True,0,0
1,751900,True,True,0,0
1,752000,True,True,0,0
1,752100,True,True,0,0
1,752200,True,True,0,0
1,752300,True,True,0,0
1,752400,True,True,0,0
1,752500,True,True,0,0
1,752600,True,True,0,0
1,752700,True,True,0,0
1,752800,True,True,0,0
1,752900,True,True,0,0
1,753000,True,True,0,0
1,753100,True,True,0,0
1,753200,True,True,0,0
1,753300,True,True,0,0
1,753400,True,True,0,0
1,753500,True,True,0,0
1,753600,True,True,0,0
1,753700,True,True,0,0
1,753800,True,True,0,0
1,753900,True,True,0,0
1,754000,True,True,0,0
1,754100,True,True,0,0
1,754200,True,True,0,0
1,754300,True,True,0,0
1,754400,True,True,0,0
1,754500,True,True,0,0
1,754600,True,True,0,0
1,754700,True,True,0,0
1,754800,True,True,0,0
1,754900,True,True,0,0
1,755000,True,True,0,0
1,755100,True,True,0,0
1,755200,True,True,0,0
1,755300,True,True,0,0
1,755400,True,True,0,0
1,755500,True,True,0,0
1,755600,True,True,0,0
1,755700,True,True,0,0
1,755800,True,True,0,0
1,755900,True,True,0,0
1,756000,True,True,0,0
1,756100,True,True,0,0
1,756200,True,True,0,0
1,756300,True,True,0,0
1,756400,True,True,0,0
1,756500,True,True,0,0
1,756600,True,True,0,0
1,756700,True,True,0,0
1,756800,True,True,0,0
1,756900,True,True,0,0
1,757000,True,True,0,0
1,757100,True,True,0,0
1,757200,True,True,0,0
1,757300,True,True,0,0
1,757400,True,True,0,0
1,757500,True,True,0,0
1,757600,True,True,0,0
1,757700,True,True,0,0
1,757800,True,True,0,0
1,757900,True,True,0,0
1,758000,True,True,0,0
1,758100,True,True,0,0
1,758200,True,True,0,0
1,758300,True,True,0,0
1,758400,True,True,0,0
1,758500,True,True,0,0
1,758600,True,True,0,0
1,758700,True,True,0,0
1,758800,True,True,0,0
1,758900,True,True,0,0
1,759000,True,True,0,0
1,759100,True,True,0,0
1,759200,True,True,0,0
1,759300,True,True,0,0
1,759400,True,True,0,0
1,759500,True,True,0,0
1,759600,True,True,0,0
1,759700,True,True,0,0
1,759800,True,True,0,0
1,759900,True,True,0,0
1,760000,True,True,0,0
1,760100,True,True,0,0
1,760200,True,True,0,0
1,760300,True,True,0,0
1,760400,True,True,0,0
1,760500,True,True,0,0
1,760600,True,True,0,0
1,760700,True,True,0,0
1,760800,True,True,0,0
1,760900,True,True,0,0
1,761000,True,True,0,0
1,761100,True,True,0,0
1,761200,True,True,0,0
1,761300,True,True,0,0
1,761400,True,True,0,0
1,761500,True,True,0,0
1,761600,True,True,0,0
1,761700,True,True,0,0
1,761800,True,True,0,0
1,761900,True,True,0,0
1,762000,True,True,0,0
1,762100,True,True,0,0
1,762200,True,True,0,0
1,762300,True,True,0,0
1,762400,True,True,0,0
1,762500,True,True,0,0
1,762600,True,True,0,0
1,762700,True,True,0,0
1,762800,True,True,0,0
1,762900,True,True,0,0
1,763000,True,True,0,0
1,763100,True,True,0,0
1,763200,True,True,0,0
1,763300,True,True,0,0
1,763400,True,True,0,0
1,763500,True,True,0,0
1,763600,True,True,0,0
1,763700,True,True,0,0
1,763800,True,True,0,0
1,763900,True,True,0,0
1,764000,True,True,0,0
1,764100,True,True,0,0
1,764200,True,True,0,0
1,764300,True,True,0,0
1,764400,True,True,0,0
1,764500,True,True,0,0
1,764600,True,True,0,0
1,764700,True,True,0,0
1,764800,True,True,0,0
1,764900,True,True,0,0
1,765000,True,True,0,0
1,765100,True,True,0,0
1,765200,True,True,0,0
1,765300,True,True,0,0
1,765400,True,True,0,0
1,765500,True,True,0,0
1,765600,True,True,0,0
1,765700,True,True,0,0
1,765800,True,True,0,0
1,765900,True,True,0,0
1,766000,True,True,0,0
1,766100,True,True,0,0
1,766200,True,True,0,0
1,766300,True,True,0,0
1,766400,True,True,0,0
1,766500,True,True,0,0
1,766600,True,True,0,0
1,766700,True,True,0,0
1,766800,True,True,0,0
1,766900,True,True,0,0
1,767000,True,True,0,0
1,767100,True,True,0,0
1,767200,True,True,0,0
1,767300,True,True,0,0
1,767400,True,True,0,0
1,767500,True,True,0,0
1,767600,True,True,0,0
1,767700,True,True,0,0
1,767800,True,True,0,0
1,767900,True,True,0,0
1,768000,True,True,0,0
1,768100,True,True,0,0
1,768200,True,True,0,0
1,768300,True,True,0,0
1,768400,True,True,0,0
1,768500,True,True,0,0
1,768600,True,True,0,0
1,768700,True,True,0,0
1,768800,True,True,0,0
1,768900,True,True,0,0
1,769000,True,True,0,0
1,769100,True,True,0,0
1,769200,True,True,0,0
1,769300,True,True,0,0
1,769400,True,True,0,0
1,769500,True,True,0,0
1,769600,True,True,0,0
1,769700,True,True,0,0
1,769800,True,True,0,0
1,769900,True,True,0,0
1,770000,True,True,0,0
1,770100,True,True,0,0
1,770200,True,True,0,0
1,770300,True,True,0,0
1,770400,True,True,0,0
1,770500,True,True,0,0
1,770600,True,True,0,0
1,770700,True,True,0,0
1,770800,True,True,0,0
1,770900,True,True,0,0
1,771000,True,True,0,0
1,771100,True,True,0,0
1,771200,True,True,0,0
1,771300,True,True,0,0
1,771400,True,True,0,0
1,771500,True,True,0,0
1,771600,True,True,0,0
1,771700,True,True,0,0
1,771800,True,True,0,0
1,771900,True,True,0,0
1,772000,True,True,0,0
1,772100,True,True,0,0
1,772200,True,True,0,0
1,772300,True,True,0,0
1,772400,True,True,0,0
1,772500,True,True,0,0
1,772600,True,True,0,0
1,772700,True,True,0,0
1,772800,True,True,0,0
1,772900,True,True,0,0
1,773000,True,True,0,0
1,773100,True,True,0,0
1,773200,True,True,0,0
1,773300,True,True,0,0
1,773400,True,True,0,0
1,773500,True,True,0,0
1,773600,True,True,0,0
1,773700,True,True,0,0
1,773800,True,True,0,0
1,773900,True,True,0,0
1,774000,True,True,0,0
1,774100,True,True,0,0
1,774200,True,True,0,0
1,774300,True,True,0,0
1,774400,True,True,0,0
1,774500,True,True,0,0
1,774600,True,True,0,0
1,774700,True,True,0,0
1,774800,True,True,0,0
1,774900,True,True,0,0
1,775000,True,True,0,0
1,775100,True,True,0,0
1,775200,True,True,0,0
1,775300,True,True,0,0
1,775400,True,True,0,0
1,775500,True,True,0,0
1,775600,True,True,0,0
1,775700,True,True,0,0
1,775800,True,True,0,0
1,775900,True,True,0,0
1,776000,True,True,0,0
1,776100,True,True,0,0
1,776200,True,True,0,0
1,776300,True,True,0,0
1,776400,True,True,0,0
1,776500,True,True,0,0
1,776600,True,True,0,0
1,776700,True,True,0,0
1,776800,True,True,0,0
1,776900,True,True,0,0
1,777000,True,True,0,0
1,777100,True,True,0,0
1,777200,True,True,0,0
1,777300,True,True,0,0
1,777400,True,True,0,0
1,777500,True,True,0,0
1,777600,True,True,0,0
1,777700,True,True,0,0
1,777800,True,True,0,0
1,777900,True,True,0,0
1,778000,True,True,0,0
1,778100,True,True,0,0
1,778200,True,True,0,0
1,778300,True,True,0,0
1,778400,True,True,0,0
1,778500,True,True,0,0
1,778600,True,True,0,0
1,778700,True,True,0,0
1,778800,True,True,0,0
1,778900,True,True,0,0
1,779000,True,True,0,0
1,779100,True,True,0,0
1,779200,True,True,0,0
1,779300,True,True,0,0
1,779400,True,True,0,0
1,779500,True,True,0,0
1,779600,True,True,0,0
1,779700,True,True,0,0
1,779800,True,True,0,0
1,779900,True,True,0,0
1,780000,True,True,0,0
1,780100,True,True,0,0
1,780200,True,True,0,0
1,780300,True,True,0,0
1,780400,True,True,0,0
1,780500,True,True,0,0
1,780600,True,True,0,0
1,780700,True,True,0,0
1,780800,True,True,0,0
1,780900,True,True,0,0
1,781000,True,True,0,0
1,781100,True,True,0,0
1,781200,True,True,0,0
1,781300,True,True,0,0
1,781400,True,True,0,0
1,781500,True,True,0,0
1,781600,True,True,0,0
1,781700,True,True,0,0
1,781800,True,True,0,0
1,781900,True,True,0,0
1,782000,True,True,0,0
1,782100,True,True,0,0
1,782200,True,True,0,0
1,782300,True,True,0,0
1,782400,True,True,0,0
1,782500,True,True,0,0
1,782600,True,True,0,0
1,782700,True,True,0,0
1,782800,True,True,0,0
1,782900,True,True,0,0
1,783000,True,True,0,0
1,783100,True,True,0,0
1,783200,True,True,0,0
1,783300,True,True,0,0
1,783400,True,True,0,0
1,783500,True,True,0,0
1,783600,True,True,0,0
1,783700,True,True,0,0
1,783800,True,True,0,0
1,783900,True,True,0,0
1,784000,True,True,0,0
1,784100,True,True,0,0
1,784200,True,True,0,0
1,784300,True,True,0,0
1,784400,True,True,0,0
1,784500,True,True,0,0
1,784600,True,True,0,0
1,784700,True,True,0,0
1,784800,True,True,0,0
1,784900,True,True,0,0
1,785000,True,True,0,0
1,785100,True,True,0,0
1,785200,True,True,0,0
1,785300,True,True,0,0
1,785400,True,True,0,0
1,785500,True,True,0,0
1,785600,True,True,0,0
1,785700,True,True,0,0
1,785800,True,True,0,0
1,785900,True,True,0,0
1,786000,True,True,0,0
1,786100,True,True,0,0
1,786200,True,True,0,0
1,786300,True,True,0,0
1,786400,True,True,0,0
1,786500,True,True,0,0
1,786600,True,True,0,0
1,786700,True,True,0,0
1,786800,True,True,0,0
1,786900,True,True,0,0
1,787000,True,True,0,0
1,787100,True,True,0,0
1,787200,True,True,0,0
1,787300,True,True,0,0
1,787400,True,True,0,0
1,787500,True,True,0,0
1,787600,True,True,0,0
1,787700,True,True,0,0
1,787800,True,True,0,0
1,787900,True,True,0,0
1,788000,True,True,0,0
1,788100,True,True,0,0
1,788200,True,True,0,0
1,788300,True,True,0,0
1,788400,True,True,0,0
1,788500,True,True,0,0
1,788600,True,True,0,0
1,788700,True,True,0,0
1,788800,True,True,0,0
1,788900,True,True,0,0
1,789000,True,True,0,0
1,789100,True,True,0,0
1,789200,True,True,0,0
1,789300,True,True,0,0
1,789400,True,True,0,0
1,789500,True,True,0,0
1,789600,True,True,0,0
1,789700,True,True,0,0
1,789800,True,True,0,0
1,789900,True,True,0,0
1,790000,True,True,0,0
1,790100,True,True,0,0
1,790200,True,True,0,0
1,790300,True,True,0,0
1,790400,True,True,0,0
1,790500,True,True,0,0
1,790600,True,True,0,0
1,790700,True,True,0,0
1,790800,True,True,0,0
1,790900,True,True,0,0
1,791000,True,True,0,0
1,791100,True,True,0,0
1,791200,True,True,0,0
1,791300,True,True,0,0
1,791400,True,True,0,0
1,791500,True,True,0,0
1,791600,True,True,0,0
1,791700,True,True,0,0
1,791800,True,True,0,0
1,791900,True,True,0,0
1,792000,True,True,0,0
1,792100,True,True,0,0
1,792200,True,True,0,0
1,792300,True,True,0,0
1,792400,True,True,0,0
1,792500,True,True,0,0
1,792600,True,True,0,0
1,792700,True,True,0,0
1,792800,True,True,0,0
1,792900,True,True,0,0
1,793000,True,True,0,0
1,793100,True,True,0,0
1,793200,True,True,0,0
1,793300,True,True,0,0
1,793400,True,True,0,0
1,793500,True,True,0,0
1,793600,True,True,0,0
1,793700,True,True,0,0
1,793800,True,True,0,0
1,793900,True,True,0,0
1,794000,True,True,0,0
1,794100,True,True,0,0
1,794200,True,True,0,0
1,794300,True,True,0,0
1,794400,True,True,0,0
1,794500,True,True,0,0
1,794600,True,True,0,0
1,794700,True,True,0,0
1,794800,True,True,0,0
1,794900,True,True,0,0
1,795000,True,True,0,0
1,795100,True,True,0,0
1,795200,True,True,0,0
1,795300,True,True,0,0
1,795400,True,True,0,0
1,795500,True,True,0,0
1,795600,True,True,0,0
1,795700,True,True,0,0
1,795800,True,True,0,0
1,795900,True,True,0,0
1,796000,True,True,0,0
1,796100,True,True,0,0
1,796200,True,True,0,0
1,796300,True,True,0,0
1,796400,True,True,0,0
1,796500,True,True,0,0
1,796600,True,True,0,0
1,796700,True,True,0,0
1,796800,True,True,0,0
1,796900,True,True,0,0
1,797000,True,True,0,0
1,797100,True,True,0,0
1,797200,True,True,0,0
1,797300,True,True,0,0
1,797400,True,True,0,0
1,797500,True,True,0,0
1,797600,True,True,0,0
1,797700,True,True,0,0
1,797800,True,True,0,0
1,797900,True,True,0,0
1,798000,True,True,0,0
1,798100,True,True,0,0
1,798200,True,True,0,0
1,798300,True,True,0,0
1,798400,True,True,0,0
1,798500,True,True,0,0
1,798600,True,True,0,0
1,798700,True,True,0,0
1,798800,True,True,0,0
1,798900,True,True,0,0
1,799000,True,True,0,0
1,799100,True,True,0,0
1,799200,True,True,0,0
1,799300,True,True,0,0
1,799400,True,True,0,0
1,799500,True,True,0,0
1,799600,True,True,0,0
1,799700,True,True,0,0
1,799800,True,True,0,0
1,799900,True,True,0,0
1,800000,True,True,0,0
1,800100,True,True,0,0
1,800200,True,True,0,0
1,800300,True,True,0,0
1,800400,True,True,0,0
1,800500,True,True,0,0
1,800600,True,True,0,0
1,800700,True,True,0,0
1,800800,True,True,0,0
1,800900,True,True,0,0
1,801000,True,True,0,0
1,801100,True,True,0,0
1,801200,True,True,0,0
1,801300,True,True,0,0
1,801400,True,True,0,0
1,801500,True,True,0,0
1,801600,True,True,0,0
1,801700,True,True,0,0
1,801800,True,True,0,0
1,801900,True,True,0,0
1,802000,True,True,0,0
1,802100,True,True,0,0
1,802200,True,True,0,0
1,802300,True,True,0,0
1,802400,True,True,0,0
1,802500,True,True,0,0
1,802600,True,True,0,0
1,802700,True,True,0,0
1,802800,True,True,0,0
1,802900,True,True,0,0
1,803000,True,True,0,0
1,803100,True,True,0,0
1,803200,True,True,0,0
1,803300,True,True,0,0
1,803400,True,True,0,0
1,803500,True,True,0,0
1,803600,True,True,0,0
1,803700,True,True,0,0
1,803800,True,True,0,0
1,803900,True,True,0,0
1,804000,True,True,0,0
1,804100,True,True,0,0
1,804200,True,True,0,0
1,804300,True,True,0,0
1,804400,True,True,0,0
1,804500,True,True,0,0
1,804600,True,True,0,0
1,804700,True,True,0,0
1,804800,True,True,0,0
1,804900,True,True,0,0
1,805000,True,True,0,0
1,805100,True,True,0,0
1,805200,True,True,0,0
1,805300,True,True,0,0
1,805400,True,True,0,0
1,805500,True,True,0,0
1,805600,True,True,0,0
1,805700,True,True,0,0
1,805800,True,True,0,0
1,805900,True,True,0,0
1,806000,True,True,0,0
1,806100,True,True,0,0
1,806200,True,True,0,0
1,806300,True,True,0,0
1,806400,True,True,0,0
1,806500,True,True,0,0
1,806600,True,True,0,0
1,806700,True,True,0,0
1,806800,True,True,0,0
1,806900,True,True,0,0
1,807000,True,True,0,0
1,807100,True,True,0,0
1,807200,True,True,0,0
1,807300,True,True,0,0
1,807400,True,True,0,0
1,807500,True,True,0,0
1,807600,True,True,0,0
1,807700,True,True,0,0
1,807800,True,True,0,0
1,807900,True,True,0,0
1,808000,True,True,0,0
1,808100,True,True,0,0
1,808200,True,True,0,0
1,808300,True,True,0,0
1,808400,True,True,0,0
1,808500,True,True,0,0
1,808600,True,True,0,0
1,808700,True,True,0,0
1,808800,True,True,0,0
1,808900,True,True,0,0
1,809000,True,True,0,0
1,809100,True,True,0,0
1,809200,True,True,0,0
1,809300,True,True,0,0
1,809400,True,True,0,0
1,809500,True,True,0,0
1,809600,True,True,0,0
1,809700,True,True,0,0
1,809800,True,True,0,0
1,809900,True,True,0,0
1,810000,True,True,0,0
1,810100,True,True,0,0
1,810200,True,True,0,0
1,810300,True,True,0,0
1,810400,True,True,0,0
1,810500,True,True,0,0
1,810600,True,True,0,0
1,810700,True,True,0,0
1,810800,True,True,0,0
1,810900,True,True,0,0
1,811000,True,True,0,0
1,811100,True,True,0,0
1,811200,True,True,0,0
1,811300,True,True,0,0
1,811400,True,True,0,0
1,811500,True,True,0,0
1,811600,True,True,0,0
1,811700,True,True,0,0
1,811800,True,True,0,0
1,811900,True,True,0,0
1,812000,True,True,0,0
1,812100,True,True,0,0
1,812200,True,True,0,0
1,812300,True,True,0,0
1,812400,True,True,0,0
1,812500,True,True,0,0
1,812600,True,True,0,0
1,812700,True,True,0,0
1,812800,True,True,0,0
1,812900,True,True,0,0
1,813000,True,True,0,0
1,813100,True,True,0,0
1,813200,True,True,0,0
1,813300,True,True,0,0
1,813400,True,True,0,0
1,813500,True,True,0,0
1,813600,True,True,0,0
1,813700,True,True,0,0
1,813800,True,True,0,0
1,813900,True,True,0,0
1,814000,True,True,0,0
1,814100,True,True,0,0
1,814200,True,True,0,0
1,814300,True,True,0,0
1,814400,True,True,0,0
1,814500,True,True,0,0
1,814600,True,True,0,0
1,814700,True,True,0,0
1,814800,True,True,0,0
1,814900,True,True,0,0
1,815000,True,True,0,0
1,815100,True,True,0,0
1,815200,True,True,0,0
1,815300,True,True,0,0
1,815400,True,True,0,0
1,815500,True,True,0,0
1,815600,True,True,0,0
1,815700,True,True,0,0
1,815800,True,True,0,0
1,815900,True,True,0,0
1,816000,True,True,0,0
1,816100,True,True,0,0
1,816200,True,True,0,0
1,816300,True,True,0,0
1,816400,True,True,0,0
1,816500,True,True,0,0
1,816600,True,True,0,0
1,816700,True,True,0,0
1,816800,True,True,0,0
1,816900,True,True,0,0
1,817000,True,True,0,0
1,817100,True,True,0,0
1,817200,True,True,0,0
1,817300,True,True,0,0
1,817400,True,True,0,0
1,817500,True,True,0,0
1,817600,True,True,0,0
1,817700,True,True,0,0
1,817800,True,True,0,0
1,817900,True,True,0,0
1,818000,True,True,0,0
1,818100,True,True,0,0
1,818200,True,True,0,0
1,818300,True,True,0,0
1,818400,True,True,0,0
1,818500,True,True,0,0
1,818600,True,True,0,0
1,818700,True,True,0,0
1,818800,True,True,0,0
1,818900,True,True,0,0
1,819000,True,True,0,0
1,819100,True,True,0,0
1,819200,True,True,0,0
1,819300,True,True,0,0
1,819400,True,True,0,0
1,819500,True,True,0,0
1,819600,True,True,0,0
1,819700,True,True,0,0
1,819800,True,True,0,0
1,819900,True,True,0,0
1,820000,True,True,0,0
1,820100,True,True,0,0
1,820200,True,True,0,0
1,820300,True,True,0,0
1,820400,True,True,0,0
1,820500,True,True,0,0
1,820600,True,True,0,0
1,820700,True,True,0,0
1,820800,True,True,0,0
1,820900,True,True,0,0
1,821000,True,True,0,0
1,821100,True,True,0,0
1,821200,True,True,0,0
1,821300,True,True,0,0
1,821400,True,True,0,0
1,821500,True,True,0,0
1,821600,True,True,0,0
1,821700,True,True,0,0
1,821800,True,True,0,0
1,821900,True,True,0,0
1,822000,True,True,0,0
1,822100,True,True,0,0
1,822200,True,True,0,0
1,822300,True,True,0,0
1,822400,True,True,0,0
1,822500,True,True,0,0
1,822600,True,True,0,0
1,822700,True,True,0,0
1,822800,True,True,0,0
1,822900,True,True,0,0
1,823000,True,True,0,0
1,823100,True,True,0,0
1,823200,True,True,0,0
1,823300,True,True,0,0
1,823400,True,True,0,0
1,823500,True,True,0,0
1,823600,True,True,0,0
1,823700,True,True,0,0
1,823800,True,True,0,0
1,823900,True,True,0,0
1,824000,True,True,0,0
1,824100,True,True,0,0
1,824200,True,True,0,0
1,824300,True,True,0,0
1,824400,True,True,0,0
1,824500,True,True,0,0
1,824600,True,True,0,0
1,824700,True,True,0,0
1,824800,True,True,0,0
1,824900,True,True,0,0
1,825000,True,True,0,0
1,825100,True,True,0,0
1,825200,True,True,0,0
1,825300,True,True,0,0
1,825400,True,True,0,0
1,825500,True,True,0,0
1,825600,True,True,0,0
1,825700,True,True,0,0
1,825800,True,True,0,0
1,825900,True,True,0,0
1,826000,True,True,0,0
1,826100,True,True,0,0
1,826200,True,True,0,0
1,826300,True,True,0,0
1,826400,True,True,0,0
1,826500,True,True,0,0
1,826600,True,True,0,0
1,826700,True,True,0,0
1,826800,True,True,0,0
1,826900,True,True,0,0
1,827000,True,True,0,0
1,827100,True,True,0,0
1,827200,True,True,0,0
1,827300,True,True,0,0
1,827400,True,True,0,0
1,827500,True,True,0,0
1,827600,True,True,0,0
1,827700,True,True,0,0
1,827800,True,True,0,0
1,827900,True,True,0,0
1,828000,True,True,0,0
1,828100,True,True,0,0
1,828200,True,True,0,0
1,828300,True,True,0,0
1,828400,True,True,0,0
1,828500,True,True,0,0
1,828600,True,True,0,0
1,828700,True,True,0,0
1,828800,True,True,0,0
1,828900,True,True,0,0
1,829000,True,True,0,0
1,829100,True,True,0,0
1,829200,True,True,0,0
1,829300,True,True,0,0
1,829400,True,True,0,0
1,829500,True,True,0,0
1,829600,True,True,0,0
1,829700,True,True,0,0
1,829800,True,True,0,0
1,829900,True,True,0,0
1,830000,True,True,0,0
1,830100,True,True,0,0
1,830200,True,True,0,0
1,830300,True,True,0,0
1,830400,True,True,0,0
1,830500,True,True,0,0
1,830600,True,True,0,0
1,830700,True,True,0,0
1,830800,True,True,0,0
1,830900,True,True,0,0
1,831000,True,True,0,0
1,831100,True,True,0,0
1,831200,True,True,0,0
1,831300,True,True,0,0
1,831400,True,True,0,0
1,831500,True,True,0,0
1,831600,True,True,0,0
1,831700,True,True,0,0
1,831800,True,True,0,0
1,831900,True,True,0,0
1,832000,True,True,0,0
1,832100,True,True,0,0
1,832200,True,True,0,0
1,832300,True,True,0,0
1,832400,True,True,0,0
1,832500,True,True,0,0
1,832600,True,True,0,0
1,832700,True,True,0,0
1,832800,True,True,0,0
1,832900,True,True,0,0
1,833000,True,True,0,0
1,833100,True,True,0,0
1,833200,True,True,0,0
1,833300,True,True,0,0
1,833400,True,True,0,0
1,833500,True,True,0,0
1,833600,True,True,0,0
1,833700,True,True,0,0
1,833800,True,True,0,0
1,833900,True,True,0,0
1,834000,True,True,0,0
1,834100,True,True,0,0
1,834200,True,True,0,0
1,834300,True,True,0,0
1,834400,True,True,0,0
1,834500,True,True,0,0
1,834600,True,True,0,0
1,834700,True,True,0,0
1,834800,True,True,0,0
1,834900,True,True,0,0
1,835000,True,True,0,0
1,835100,True,True,0,0
1,835200,True,True,0,0
1,835300,True,True,0,0
1,835400,True,True,0,0
1,835500,True,True,0,0
1,835600,True,True,0,0
1,835700,True,True,0,0
1,835800,True,True,0,0
1,835900,True,True,0,0
1,836000,True,True,0,0
1,836100,True,True,0,0
1,836200,True,True,0,0
1,836300,True,True,0,0
1,836400,True,True,0,0
1,836500,True,True,0,0
1,836600,True,True,0,0
1,836700,True,True,0,0
1,836800,True,True,0,0
1,836900,True,True,0,0
1,837000,True,True,0,0
1,837100,True,True,0,0
1,837200,True,True,0,0
1,837300,True,True,0,0
1,837400,True,True,0,0
1,837500,True,True,0,0
1,837600,True,True,0,0
1,837700,True,True,0,0
1,837800,True,True,0,0
1,837900,True,True,0,0
1,838000,True,True,0,0
1,838100,True,True,0,0
1,838200,True,True,0,0
1,838300,True,True,0,0
1,838400,True,True,0,0
1,838500,True,True,0,0
1,838600,True,True,0,0
1,838700,True,True,0,0
1,838800,True,True,0,0
1,838900,True,True,0,0
1,839000,True,True,0,0
1,839100,True,True,0,0
1,839200,True,True,0,0
1,839300,True,True,0,0
1,839400,True,True,0,0
1,839500,True,True,0,0
1,839600,True,True,0,0
1,839700,True,True,0,0
1,839800,True,True,0,0
1,839900,True,True,0,0
1,840000,True,True,0,0
1,840100,True,True,0,0
1,840200,True,True,0,0
1,840300,True,True,0,0
1,840400,True,True,0,0
1,840500,True,True,0,0
1,840600,True,True,0,0
1,840700,True,True,0,0
1,840800,True,True,0,0
1,840900,True,True,0,0
1,841000,True,True,0,0
1,841100,True,True,0,0
1,841200,True,True,0,0
1,841300,True,True,0,0
1,841400,True,True,0,0
1,841500,True,True,0,0
1,841600,True,True,0,0
1,841700,True,True,0,0
1,841800,True,True,0,0
1,841900,True,True,0,0
1,842000,True,True,0,0
1,842100,True,True,0,0
1,842200,True,True,0,0
1,842300,True,True,0,0
1,842400,True,True,0,0
1,842500,True,True,0,0
1,842600,True,True,0,0
1,842700,True,True,0,0
1,842800,True,True,0,0
1,842900,True,True,0,0
1,843000,True,True,0,0
1,843100,True,True,0,0
1,843200,True,True,0,0
1,843300,True,True,0,0
1,843400,True,True,0,0
1,843500,True,True,0,0
1,843600,True,True,0,0
1,843700,True,True,0,0
1,843800,True,True,0,0
1,843900,True,True,0,0
1,844000,True,True,0,0
1,844100,True,True,0,0
1,844200,True,True,0,0
1,844300,True,True,0,0
1,844400,True,True,0,0
1,844500,True,True,0,0
1,844600,True,True,0,0
1,844700,True,True,0,0
1,844800,True,True,0,0
1,844900,True,True,0,0
1,845000,True,True,0,0
1,845100,True,True,0,0
1,845200,True,True,0,0
1,845300,True,True,0,0
1,845400,True,True,0,0
1,845500,True,True,0,0
1,845600,True,True,0,0
1,845700,True,True,0,0
1,845800,True,True,0,0
1,845900,True,True,0,0
1,846000,True,True,0,0
1,846100,True,True,0,0
1,846200,True,True,0,0
1,846300,True,True,0,0
1,846400,True,True,0,0
1,846500,True,True,0,0
1,846600,True,True,0,0
1,846700,True,True,0,0
1,846800,True,True,0,0
1,846900,True,True,0,0
1,847000,True,True,0,0
1,847100,True,True,0,0
1,847200,True,True,0,0
1,847300,True,True,0,0
1,847400,True,True,0,0
1,847500,True,True,0,0
1,847600,True,True,0,0
1,847700,True,True,0,0
1,847800,True,True,0,0
1,847900,True,True,0,0
1,848000,True,True,0,0
1,848100,True,True,0,0
1,848200,True,True,0,0
1,848300,True,True,0,0
1,848400,True,True,0,0
1,848500,True,True,0,0
1,848600,True,True,0,0
1,848700,True,True,0,0
1,848800,True,True,0,0
1,848900,True,True,0,0
1,849000,True,True,0,0
1,849100,True,True,0,0
1,849200,True,True,0,0
1,849300,True,True,0,0
1,849400,True,True,0,0
1,849500,True,True,0,0
1,849600,True,True,0,0
1,849700,True,True,0,0
1,849800,True,True,0,0
1,849900,True,True,0,0
1,850000,True,True,0,0
1,850100,True,True,0,0
1,850200,True,True,0,0
1,850300,True,True,0,0
1,850400,True,True,0,0
1,850500,True,True,0,0
1,850600,True,True,0,0
1,850700,True,True,0,0
1,850800,True,True,0,0
1,850900,True,True,0,0
1,851000,True,True,0,0
1,851100,True,True,0,0
1,851200,True,True,0,0
1,851300,True,True,0,0
1,851400,True,True,0,0
1,851500,True,True,0,0
1,851600,True,True,0,0
1,851700,True,True,0,0
1,851800,True,True,0,0
1,851900,True,True,0,0
1,852000,True,True,0,0
1,852100,True,True,0,0
1,852200,True,True,0,0
1,852300,True,True,0,0
1,852400,True,True,0,0
1,852500,True,True,0,0
1,852600,True,True,0,0
1,852700,True,True,0,0
1,852800,True,True,0,0
1,852900,True,True,0,0
1,853000,True,True,0,0
1,853100,True,True,0,0
1,853200,True,True,0,0
1,853300,True,True,0,0
1,853400,True,True,0,0
1,853500,True,True,0,0
1,853600,True,True,0,0
1,853700,True,True,0,0
1,853800,True,True,0,0
1,853900,True,True,0,0
1,854000,True,True,0,0
1,854100,True,True,0,0
1,854200,True,True,0,0
1,854300,True,True,0,0
1,854400,True,True,0,0
1,854500,True,True,0,0
1,854600,True,True,0,0
1,854700,True,True,0,0
1,854800,True,True,0,0
1,854900,True,True,0,0
1,855000,True,True,0,0
1,855100,True,True,0,0
1,855200,True,True,0,0
1,855300,True,True,0,0
1,855400,True,True,0,0
1,855500,True,True,0,0
1,855600,True,True,0,0
1,855700,True,True,0,0
1,855800,True,True,0,0
1,855900,True,True,0,0
1,856000,True,True,0,0
1,856100,True,True,0,0
1,856200,True,True,0,0
1,856300,True,True,0,0
1,856400,True,True,0,0
1,856500,True,True,0,0
1,856600,True,True,0,0
1,856700,True,True,0,0
1,856800,True,True,0,0
1,856900,True,True,0,0
1,857000,True,True,0,0
1,857100,True,True,0,0
1,857200,True,True,0,0
1,857300,True,True,0,0
1,857400,True,True,0,0
1,857500,True,True,0,0
1,857600,True,True,0,0
1,857700,True,True,0,0
1,857800,True,True,0,0
1,857900,True,True,0,0
1,858000,True,True,0,0
1,858100,True,True,0,0
1,858200,True,True,0,0
1,858300,True,True,0,0
1,858400,True,True,0,0
1,858500,True,True,0,0
1,858600,True,True,0,0
1,858700,True,True,0,0
1,858800,True,True,0,0
1,858900,True,True,0,0
1,859000,True,True,0,0
1,859100,True,True,0,0
1,859200,True,True,0,0
1,859300,True,True,0,0
1,859400,True,True,0,0
1,859500,True,True,0,0
1,859600,True,True,0,0
1,859700,True,True,0,0
1,859800,True,True,0,0
1,859900,True,True,0,0
1,860000,True,True,0,0
1,860100,True,True,0,0
1,860200,True,True,0,0
1,860300,True,True,0,0
1,860400,True,True,0,0
1,860500,True,True,0,0
1,860600,True,True,0,0
1,860700,True,True,0,0
1,860800,True,True,0,0
1,860900,True,True,0,0
1,861000,True,True,0,0
1,861100,True,True,0,0
1,861200,True,True,0,0
1,861300,True,True,0,0
1,861400,True,True,0,0
1,861500,True,True,0,0
1,861600,True,True,0,0
1,861700,True,True,0,0
1,861800,True,True,0,0
1,861900,True,True,0,0
1,862000,True,True,0,0
1,862100,True,True,0,0
1,862200,True,True,0,0
1,862300,True,True,0,0
1,862400,True,True,0,0
1,862500,True,True,0,0
1,862600,True,True,0,0
1,862700,True,True,0,0
1,862800,True,True,0,0
1,862900,True,True,0,0
1,863000,True,True,0,0
1,863100,True,True,0,0
1,863200,True,True,0,0
1,863300,True,True,0,0
1,863400,True,True,0,0
1,863500,True,True,0,0
1,863600,True,True,0,0
1,863700,True,True,0,0
1,863800,True,True,0,0
1,863900,True,True,0,0
1,864000,True,True,0,0
1,864100,True,True,0,0
1,864200,True,True,0,0
1,864300,True,True,0,0
1,864400,True,True,0,0
1,864500,True,True,0,0
1,864600,True,True,0,0
1,864700,True,True,0,0
1,864800,True,True,0,0
1,864900,True,True,0,0
1,865000,True,True,0,0
1,865100,True,True,0,0
1,865200,True,True,0,0
1,865300,True,True,0,0
1,865400,True,True,0,0
1,865500,True,True,0,0
1,865600,True,True,0,0
1,865700,True,True,0,0
1,865800,True,True,0,0
1,865900,True,True,0,0
1,866000,True,True,0,0
1,866100,True,True,0,0
1,866200,True,True,0,0
1,866300,True,True,0,0
1,866400,True,True,0,0
1,866500,True,True,0,0
1,866600,True,True,0,0
1,866700,True,True,0,0
1,866800,True,True,0,0
1,866900,True,True,0,0
1,867000,True,True,0,0
1,867100,True,True,0,0
1,867200,True,True,0,0
1,867300,True,True,0,0
1,867400,True,True,0,0
1,867500,True,True,0,0
1,867600,True,True,0,0
1,867700,True,True,0,0
1,867800,True,True,0,0
1,867900,True,True,0,0
1,868000,True,True,0,0
1,868100,True,True,0,0
1,868200,True,True,0,0
1,868300,True,True,0,0
1,868400,True,True,0,0
1,868500,True,True,0,0
1,868600,True,True,0,0
1,868700,True,True,0,0
1,868800,True,True,0,0
1,868900,True,True,0,0
1,869000,True,True,0,0
1,869100,True,True,0,0
1,869200,True,True,0,0
1,869300,True,True,0,0
1,869400,True,True,0,0
1,869500,True,True,0,0
1,869600,True,True,0,0
1,869700,True,True,0,0
1,869800,True,True,0,0
1,869900,True,True,0,0
1,870000,True,True,0,0
1,870100,True,True,0,0
1,870200,True,True,0,0
1,870300,True,True,0,0
1,870400,True,True,0,0
1,870500,True,True,0,0
1,870600,True,True,0,0
1,870700,True,True,0,0
1,870800,True,True,0,0
1,870900,True,True,0,0
1,871000,True,True,0,0
1,871100,True,True,0,0
1,871200,True,True,0,0
1,871300,True,True,0,0
1,871400,True,True,0,0
1,871500,True,True,0,0
1,871600,True,True,0,0
1,871700,True,True,0,0
1,871800,True,True,0,0
1,871900,True,True,0,0
1,872000,True,True,0,0
1,872100,True,True,0,0
1,872200,True,True,0,0
1,872300,True,True,0,0
1,872400,True,True,0,0
1,872500,True,True,0,0
1,872600,True,True,0,0
1,872700,True,True,0,0
1,872800,True,True,0,0
1,872900,True,True,0,0
1,873000,True,True,0,0
1,873100,True,True,0,0
1,873200,True,True,0,0
1,873300,True,True,0,0
1,873400,True,True,0,0
1,873500,True,True,0,0
1,873600,True,True,0,0
1,873700,True,True,0,0
1,873800,True,True,0,0
1,873900,True,True,0,0
1,874000,True,True,0,0
1,874100,True,True,0,0
1,874200,True,True,0,0
1,874300,True,True,0,0
1,874400,True,True,0,0
1,874500,True,True,0,0
1,874600,True,True,0,0
1,874700,True,True,0,0
1,874800,True,True,0,0
1,874900,True,True,0,0
1,875000,True,True,0,0
1,875100,True,True,0,0
1,875200,True,True,0,0
1,875300,True,True,0,0
1,875400,True,True,0,0
1,875500,True,True,0,0
1,875600,True,True,0,0
1,875700,True,True,0,0
1,875800,True,True,0,0
1,875900,True,True,0,0
1,876000,True,True,0,0
1,876100,True,True,0,0
1,876200,True,True,0,0
1,876300,True,True,0,0
1,876400,True,True,0,0
1,876500,True,True,0,0
1,876600,True,True,0,0
1,876700,True,True,0,0
1,876800,True,True,0,0
1,876900,True,True,0,0
1,877000,True,True,0,0
1,877100,True,True,0,0
1,877200,True,True,0,0
1,877300,True,True,0,0
1,877400,True,True,0,0
1,877500,True,True,0,0
1,877600,True,True,0,0
1,877700,True,True,0,0
1,877800,True,True,0,0
1,877900,True,True,0,0
1,878000,True,True,0,0
1,878100,True,True,0,0
1,878200,True,True,0,0
1,878300,True,True,0,0
1,878400,True,True,0,0
1,878500,True,True,0,0
1,878600,True,True,0,0
1,878700,True,True,0,0
1,878800,True,True,0,0
1,878900,True,True,0,0
1,879000,True,True,0,0
1,879100,True,True,0,0
1,879200,True,True,0,0
1,879300,True,True,0,0
1,879400,True,True,0,0
1,879500,True,True,0,0
1,879600,True,True,0,0
1,879700,True,True,0,0
1,879800,True,True,0,0
1,879900,True,True,0,0
1,880000,True,True,0,0
1,880100,True,True,0,0
1,880200,True,True,0,0
1,880300,True,True,0,0
1,880400,True,True,0,0
1,880500,True,True,0,0
1,880600,True,True,0,0
1,880700,True,True,0,0
1,880800,True,True,0,0
1,880900,True,True,0,0
1,881000,True,True,0,0
1,881100,True,True,0,0
1,881200,True,True,0,0
1,881300,True,True,0,0
1,881400,True,True,0,0
1,881500,True,True,0,0
1,881600,True,True,0,0
1,881700,True,True,0,0
1,881800,True,True,0,0
1,881900,True,True,0,0
1,882000,True,True,0,0
1,882100,True,True,0,0
1,882200,True,True,0,0
1,882300,True,True,0,0
1,882400,True,True,0,0
1,882500,True,True,0,0
1,882600,True,True,0,0
1,882700,True,True,0,0
1,882800,True,True,0,0
1,882900,True,True,0,0
1,883000,True,True,0,0
1,883100,True,True,0,0
1,883200,True,True,0,0
1,883300,True,True,0,0
1,883400,True,True,0,0
1,883500,True,True,0,0
1,883600,True,True,0,0
1,883700,True,True,0,0
1,883800,True,True,0,0
1,883900,True,True,0,0
1,884000,True,True,0,0
1,884100,True,True,0,0
1,884200,True,True,0,0
1,884300,True,True,0,0
1,884400,True,True,0,0
1,884500,True,True,0,0
1,884600,True,True,0,0
1,884700,True,True,0,0
1,884800,True,True,0,0
1,884900,True,True,0,0
1,885000,True,True,0,0
1,885100,True,True,0,0
1,885200,True,True,0,0
1,885300,True,True,0,0
1,885400,True,True,0,0
1,885500,True,True,0,0
1,885600,True,True,0,0
1,885700,True,True,0,0
1,885800,True,True,0,0
1,885900,True,True,0,0
1,886000,True,True,0,0
1,886100,True,True,0,0
1,886200,True,True,0,0
1,886300,True,True,0,0
1,886400,True,True,0,0
1,886500,True,True,0,0
1,886600,True,True,0,0
1,886700,True,True,0,0
1,886800,True,True,0,0
1,886900,True,True,0,0
1,887000,True,True,0,0
1,887100,True,True,0,0
1,887200,True,True,0,0
1,887300,True,True,0,0
1,887400,True,True,0,0
1,887500,True,True,0,0
1,887600,True,True,0,0
1,887700,True,True,0,0
1,887800,True,True,0,0
1,887900,True,True,0,0
1,888000,True,True,0,0
1,888100,True,True,0,0
1,888200,True,True,0,0
1,888300,True,True,0,0
1,888400,True,True,0,0
1,888500,True,True,0,0
1,888600,True,True,0,0
1,888700,True,True,0,0
1,888800,True,True,0,0
1,888900,True,True,0,0
1,889000,True,True,0,0
1,889100,True,True,0,0
1,889200,True,True,0,0
1,889300,True,True,0,0
1,889400,True,True,0,0
1,889500,True,True,0,0
1,889600,True,True,0,0
1,889700,True,True,0,0
1,889800,True,True,0,0
1,889900,True,True,0,0
1,890000,True,True,0,0
1,890100,True,True,0,0
1,890200,True,True,0,0
1,890300,True,True,0,0
1,890400,True,True,0,0
1,890500,True,True,0,0
1,890600,True,True,0,0
1,890700,True,True,0,0
1,890800,True,True,0,0
1,890900,True,True,0,0
1,891000,True,True,0,0
1,891100,True,True,0,0
1,891200,True,True,0,0
1,891300,True,True,0,0
1,891400,True,True,0,0
1,891500,True,True,0,0
1,891600,True,True,0,0
1,891700,True,True,0,0
1,891800,True,True,0,0
1,891900,True,True,0,0
1,892000,True,True,0,0
1,892100,True,True,0,0
1,892200,True,True,0,0
1,892300,True,True,0,0
1,892400,True,True,0,0
1,892500,True,True,0,0
1,892600,True,True,0,0
1,892700,True,True,0,0
1,892800,True,True,0,0
1,892900,True,True,0,0
1,893000,True,True,0,0
1,893100,True,True,0,0
1,893200,True,True,0,0
1,893300,True,True,0,0
1,893400,True,True,0,0
1,893500,True,True,0,0
1,893600,True,True,0,0
1,893700,True,True,0,0
1,893800,True,True,0,0
1,893900,True,True,0,0
1,894000,True,True,0,0
1,894100,True,True,0,0
1,894200,True,True,0,0
1,894300,True,True,0,0
1,894400,True,True,0,0
1,894500,True,True,0,0
1,894600,True,True,0,0
1,894700,True,True,0,0
1,894800,True,True,0,0
1,894900,True,True,0,0
1,895000,True,True,0,0
1,895100,True,True,0,0
1,895200,True,True,0,0
1,895300,True,True,0,0
1,895400,True,True,0,0
1,895500,True,True,0,0
1,895600,True,True,0,0
1,895700,True,True,0,0
1,895800,True,True,0,0
1,895900,True,True,0,0
1,896000,True,True,0,0
1,896100,True,True,0,0
1,896200,True,True,0,0
1,896300,True,True,0,0
1,896400,True,True,0,0
1,896500,True,True,0,0
1,896600,True,True,0,0
1,896700,True,True,0,0
1,896800,True,True,0,0
1,896900,True,True,0,0
1,897000,True,True,0,0
1,897100,True,True,0,0
1,897200,True,True,0,0
1,897300,True,True,0,0
1,897400,True,True,0,0
1,897500,True,True,0,0
1,897600,True,True,0,0
1,897700,True,True,0,0
1,897800,True,True,0,0
1,897900,True,True,0,0
1,898000,True,True,0,0
1,898100,True,True,0,0
1,898200,True,True,0,0
1,898300,True,True,0,0
1,898400,True,True,0,0
1,898500,True,True,0,0
1,898600,True,True,0,0
1,898700,True,True,0,0
1,898800,True,True,0,0
1,898900,True,True,0,0
1,899000,True,True,0,0
1,899100,True,True,0,0
1,899200,True,True,0,0
1,899300,True,True,0,0
1,899400,True,True,0,0
1,899500,True,True,0,0
1,899600,True,True,0,0
1,899700,True,True,0,0
1,899800,True,True,0,0
1,899900,True,True,0,0
1,900000,True,True,0,0
1,900100,True,True,0,0
1,900200,True,True,0,0
1,900300,True,True,0,0
1,900400,True,True,0,0
1,900500,True,True,0,0
1,900600,True,True,0,0
1,900700,True,True,0,0
1,900800,True,True,0,0
1,900900,True,True,0,0
1,901000,True,True,0,0
1,901100,True,True,0,0
1,901200,True,True,0,0
1,901300,True,True,0,0
1,901400,True,True,0,0
1,901500,True,True,0,0
1,901600,True,True,0,0
1,901700,True,True,0,0
1,901800,True,True,0,0
1,901900,True,True,0,0
1,902000,True,True,0,0
1,902100,True,True,0,0
1,902200,True,True,0,0
1,902300,True,True,0,0
1,902400,True,True,0,0
1,902500,True,True,0,0
1,902600,True,True,0,0
1,902700,True,True,0,0
1,902800,True,True,0,0
1,902900,True,True,0,0
1,903000,True,True,0,0
1,903100,True,True,0,0
1,903200,True,True,0,0
1,903300,True,True,0,0
1,903400,True,True,0,0
1,903500,True,True,0,0
1,903600,True,True,0,0
1,903700,True,True,0,0
1,903800,True,True,0,0
1,903900,True,True,0,0
1,904000,True,True,0,0
1,904100,True,True,0,0
1,904200,True,True,0,0
1,904300,True,True,0,0
1,904400,True,True,0,0
1,904500,True,True,0,0
1,904600,True,True,0,0
1,904700,True,True,0,0
1,904800,True,True,0,0
1,904900,True,True,0,0
1,905000,True,True,0,0
1,905100,True,True,0,0
1,905200,True,True,0,0
1,905300,True,True,0,0
1,905400,True,True,0,0
1,905500,True,True,0,0
1,905600,True,True,0,0
1,905700,True,True,0,0
1,905800,True,True,0,0
1,905900,True,True,0,0
1,906000,True,True,0,0
1,906100,True,True,0,0
1,906200,True,True,0,0
1,906300,True,True,0,0
1,906400,True,True,0,0
1,906500,True,True,0,0
1,906600,True,True,0,0
1,906700,True,True,0,0
1,906800,True,True,0,0
1,906900,True,True,0,0
1,907000,True,True,0,0
1,907100,True,True,0,0
1,907200,True,True,0,0
1,907300,True,True,0,0
1,907400,True,True,0,0
1,907500,True,True,0,0
1,907600,True,True,0,0
1,907700,True,True,0,0
1,907800,True,True,0,0
1,907900,True,True,0,0
1,908000,True,True,0,0
1,908100,True,True,0,0
1,908200,True,True,0,0
1,908300,True,True,0,0
1,908400,True,True,0,0
1,908500,True,True,0,0
1,908600,True,True,0,0
1,908700,True,True,0,0
1,908800,True,True,0,0
1,908900,True,True,0,0
1,909000,True,True,0,0
1,909100,True,True,0,0
1,909200,True,True,0,0
1,909300,True,True,0,0
1,909400,True,True,0,0
1,909500,True,True,0,0
1,909600,True,True,0,0
1,909700,True,True,0,0
1,909800,True,True,0,0
1,909900,True,True,0,0
1,910000,True,True,0,0
1,910100,True,True,0,0
1,910200,True,True,0,0
1,910300,True,True,0,0
1,910400,True,True,0,0
1,910500,True,True,0,0
1,910600,True,True,0,0
1,910700,True,True,0,0
1,910800,True,True,0,0
1,910900,True,True,0,0
1,911000,True,True,0,0
1,911100,True,True,0,0
1,911200,True,True,0,0
1,911300,True,True,0,0
1,911400,True,True,0,0
1,911500,True,True,0,0
1,911600,True,True,0,0
1,911700,True,True,0,0
1,911800,True,True,0,0
1,911900,True,True,0,0
1,912000,True,True,0,0
1,912100,True,True,0,0
1,912200,True,True,0,0
1,912300,True,True,0,0
1,912400,True,True,0,0
1,912500,True,True,0,0
1,912600,True,True,0,0
1,912700,True,True,0,0
1,912800,True,True,0,0
1,912900,True,True,0,0
1,913000,True,True,0,0
1,913100,True,True,0,0
1,913200,True,True,0,0
1,913300,True,True,0,0
1,913400,True,True,0,0
1,913500,True,True,0,0
1,913600,True,True,0,0
1,913700,True,True,0,0
1,913800,True,True,0,0
1,913900,True,True,0,0
1,914000,True,True,0,0
1,914100,True,True,0,0
1,914200,True,True,0,0
1,914300,True,True,0,0
1,914400,True,True,0,0
1,914500,True,True,0,0
1,914600,True,True,0,0
1,914700,True,True,0,0
1,914800,True,True,0,0
1,914900,True,True,0,0
1,915000,True,True,0,0
1,915100,True,True,0,0
1,915200,True,True,0,0
1,915300,True,True,0,0
1,915400,True,True,0,0
1,915500,True,True,0,0
1,915600,True,True,0,0
1,915700,True,True,0,0
1,915800,True,True,0,0
1,915900,True,True,0,0
1,916000,True,True,0,0
1,916100,True,True,0,0
1,916200,True,True,0,0
1,916300,True,True,0,0
1,916400,True,True,0,0
1,916500,True,True,0,0
1,916600,True,True,0,0
1,916700,True,True,0,0
1,916800,True,True,0,0
1,916900,True,True,0,0
1,917000,True,True,0,0
1,917100,True,True,0,0
1,917200,True,True,0,0
1,917300,True,True,0,0
1,917400,True,True,0,0
1,917500,True,True,0,0
1,917600,True,True,0,0
1,917700,True,True,0,0
1,917800,True,True,0,0
1,917900,True,True,0,0
1,918000,True,True,0,0
1,918100,True,True,0,0
1,918200,True,True,0,0
1,918300,True,True,0,0
1,918400,True,True,0,0
1,918500,True,True,0,0
1,918600,True,True,0,0
1,918700,True,True,0,0
1,918800,True,True,0,0
1,918900,True,True,0,0
1,919000,True,True,0,0
1,919100,True,True,0,0
1,919200,True,True,0,0
1,919300,True,True,0,0
1,919400,True,True,0,0
1,919500,True,True,0,0
1,919600,True,True,0,0
1,919700,True,True,0,0
1,919800,True,True,0,0
1,919900,True,True,0,0
1,920000,True,True,0,0
1,920100,True,True,0,0
1,920200,True,True,0,0
1,920300,True,True,0,0
1,920400,True,True,0,0
1,920500,True,True,0,0
1,920600,True,True,0,0
1,920700,True,True,0,0
1,920800,True,True,0,0
1,920900,True,True,0,0
1,921000,True,True,0,0
1,921100,True,True,0,0
1,921200,True,True,0,0
1,921300,True,True,0,0
1,921400,True,True,0,0
1,921500,True,True,0,0
1,921600,True,True,0,0
1,921700,True,True,0,0
1,921800,True,True,0,0
1,921900,True,True,0,0
1,922000,True,True,0,0
1,922100,True,True,0,0
1,922200,True,True,0,0
1,922300,True,True,0,0
1,922400,True,True,0,0
1,922500,True,True,0,0
1,922600,True,True,0,0
1,922700,True,True,0,0
1,922800,True,True,0,0
1,922900,True,True,0,0
1,923000,True,True,0,0
1,923100,True,True,0,0
1,923200,True,True,0,0
1,923300,True,True,0,0
1,923400,True,True,0,0
1,923500,True,True,0,0
1,923600,True,True,0,0
1,923700,True,True,0,0
1,923800,True,True,0,0
1,923900,True,True,0,0
1,924000,True,True,0,0
1,924100,True,True,0,0
1,924200,True,True,0,0
1,924300,True,True,0,0
1,924400,True,True,0,0
1,924500,True,True,0,0
1,924600,True,True,0,0
1,924700,True,True,0,0
1,924800,True,True,0,0
1,924900,True,True,0,0
1,925000,True,True,0,0
1,925100,True,True,0,0
1,925200,True,True,0,0
1,925300,True,True,0,0
1,925400,True,True,0,0
1,925500,True,True,0,0
1,925600,True,True,0,0
1,925700,True,True,0,0
1,925800,True,True,0,0
1,925900,True,True,0,0
1,926000,True,True,0,0
1,926100,True,True,0,0
1,926200,True,True,0,0
1,926300,True,True,0,0
1,926400,True,True,0,0
1,926500,True,True,0,0
1,926600,True,True,0,0
1,926700,True,True,0,0
1,926800,True,True,0,0
1,926900,True,True,0,0
1,927000,True,True,0,0
1,927100,True,True,0,0
1,927200,True,True,0,0
1,927300,True,True,0,0
1,927400,True,True,0,0
1,927500,True,True,0,0
1,927600,True,True,0,0
1,927700,True,True,0,0
1,927800,True,True,0,0
1,927900,True,True,0,0
1,928000,True,True,0,0
1,928100,True,True,0,0
1,928200,True,True,0,0
1,928300,True,True,0,0
1,928400,True,True,0,0
1,928500,True,True,0,0
1,928600,True,True,0,0
1,928700,True,True,0,0
1,928800,True,True,0,0
1,928900,True,True,0,0
1,929000,True,True,0,0
1,929100,True,True,0,0
1,929200,True,True,0,0
1,929300,True,True,0,0
1,929400,True,True,0,0
1,929500,True,True,0,0
1,929600,True,True,0,0
1,929700,True,True,0,0
1,929800,True,True,0,0
1,929900,True,True,0,0
1,930000,True,True,0,0
1,930100,True,True,0,0
1,930200,True,True,0,0
1,930300,True,True,0,0
1,930400,True,True,0,0
1,930500,True,True,0,0
1,930600,True,True,0,0
1,930700,True,True,0,0
1,930800,True,True,0,0
1,930900,True,True,0,0
1,931000,True,True,0,0
1,931100,True,True,0,0
1,931200,True,True,0,0
1,931300,True,True,0,0
1,931400,True,True,0,0
1,931500,True,True,0,0
1,931600,True,True,0,0
1,931700,True,True,0,0
1,931800,True,True,0,0
1,931900,True,True,0,0
1,932000,True,True,0,0
1,932100,True,True,0,0
1,932200,True,True,0,0
1,932300,True,True,0,0
1,932400,True,True,0,0
1,932500,True,True,0,0
1,932600,True,True,0,0
1,932700,True,True,0,0
1,932800,True,True,0,0
1,932900,True,True,0,0
1,933000,True,True,0,0
1,933100,True,True,0,0
1,933200,True,True,0,0
1,933300,True,True,0,0
1,933400,True,True,0,0
1,933500,True,True,0,0
1,933600,True,True,0,0
1,933700,True,True,0,0
1,933800,True,True,0,0
1,933900,True,True,0,0
1,934000,True,True,0,0
1,934100,True,True,0,0
1,934200,True,True,0,0
1,934300,True,True,0,0
1,934400,True,True,0,0
1,934500,True,True,0,0
1,934600,True,True,0,0
1,934700,True,True,0,0
1,934800,True,True,0,0
1,934900,True,True,0,0
1,935000,True,True,0,0
1,935100,True,True,0,0
1,935200,True,True,0,0
1,935300,True,True,0,0
1,935400,True,True,0,0
1,935500,True,True,0,0
1,935600,True,True,0,0
1,935700,True,True,0,0
1,935800,True,True,0,0
1,935900,True,True,0,0
1,936000,True,True,0,0
1,936100,True,True,0,0
1,936200,True,True,0,0
1,936300,True,True,0,0
1,936400,True,True,0,0
1,936500,True,True,0,0
1,936600,True,True,0,0
1,936700,True,True,0,0
1,936800,True,True,0,0
1,936900,True,True,0,0
1,937000,True,True,0,0
1,937100,True,True,0,0
1,937200,True,True,0,0
1,937300,True,True,0,0
1,937400,True,True,0,0
1,937500,True,True,0,0
1,937600,True,True,0,0
1,937700,True,True,0,0
1,937800,True,True,0,0
1,937900,True,True,0,0
1,938000,True,True,0,0
1,938100,True,True,0,0
1,938200,True,True,0,0
1,938300,True,True,0,0
1,938400,True,True,0,0
1,938500,True,True,0,0
1,938600,True,True,0,0
1,938700,True,True,0,0
1,938800,True,True,0,0
1,938900,True,True,0,0
1,939000,True,True,0,0
1,939100,True,True,0,0
1,939200,True,True,0,0
1,939300,True,True,0,0
1,939400,True,True,0,0
1,939500,True,True,0,0
1,939600,True,True,0,0
1,939700,True,True,0,0
1,939800,True,True,0,0
1,939900,True,True,0,0
1,940000,True,True,0,0
1,940100,True,True,0,0
1,940200,True,True,0,0
1,940300,True,True,0,0
1,940400,True,True,0,0
1,940500,True,True,0,0
1,940600,True,True,0,0
1,940700,True,True,0,0
1,940800,True,True,0,0
1,940900,True,True,0,0
1,941000,True,True,0,0
1,941100,True,True,0,0
1,941200,True,True,0,0
1,941300,True,True,0,0
1,941400,True,True,0,0
1,941500,True,True,0,0
1,941600,True,True,0,0
1,941700,True,True,0,0
1,941800,True,True,0,0
1,941900,True,True,0,0
1,942000,True,True,0,0
1,942100,True,True,0,0
1,942200,True,True,0,0
1,942300,True,True,0,0
1,942400,True,True,0,0
1,942500,True,True,0,0
1,942600,True,True,0,0
1,942700,True,True,0,0
1,942800,True,True,0,0
1,942900,True,True,0,0
1,943000,True,True,0,0
1,943100,True,True,0,0
1,943200,True,True,0,0
1,943300,True,True,0,0
1,943400,True,True,0,0
1,943500,True,True,0,0
1,943600,True,True,0,0
1,943700,True,True,0,0
1,943800,True,True,0,0
1,943900,True,True,0,0
1,944000,True,True,0,0
1,944100,True,True,0,0
1,944200,True,True,0,0
1,944300,True,True,0,0
1,944400,True,True,0,0
1,944500,True,True,0,0
1,944600,True,True,0,0
1,944700,True,True,0,0
1,944800,True,True,0,0
1,944900,True,True,0,0
1,945000,True,True,0,0
1,945100,True,True,0,0
1,945200,True,True,0,0
1,945300,True,True,0,0
1,945400,True,True,0,0
1,945500,True,True,0,0
1,945600,True,True,0,0
1,945700,True,True,0,0
1,945800,True,True,0,0
1,945900,True,True,0,0
1,946000,True,True,0,0
1,946100,True,True,0,0
1,946200,True,True,0,0
1,946300,True,True,0,0
1,946400,True,True,0,0
1,946500,True,True,0,0
1,946600,True,True,0,0
1,946700,True,True,0,0
1,946800,True,True,0,0
1,946900,True,True,0,0
1,947000,True,True,0,0
1,947100,True,True,0,0
1,947200,True,True,0,0
1,947300,True,True,0,0
1,947400,True,True,0,0
1,947500,True,True,0,0
1,947600,True,True,0,0
1,947700,True,True,0,0
1,947800,True,True,0,0
1,947900,True,True,0,0
1,948000,True,True,0,0
1,948100,True,True,0,0
1,948200,True,True,0,0
1,948300,True,True,0,0
1,948400,True,True,0,0
1,948500,True,True,0,0
1,948600,True,True,0,0
1,948700,True,True,0,0
1,948800,True,True,0,0
1,948900,True,True,0,0
1,949000,True,True,0,0
1,949100,True,True,0,0
1,949200,True,True,0,0
1,949300,True,True,0,0
1,949400,True,True,0,0
1,949500,True,True,0,0
1,949600,True,True,0,0
1,949700,True,True,0,0
1,949800,True,True,0,0
1,949900,True,True,0,0
1,950000,True,True,0,0
1,950100,True,True,0,0
1,950200,True,True,0,0
1,950300,True,True,0,0
1,950400,True,True,0,0
1,950500,True,True,0,0
1,950600,True,True,0,0
1,950700,True,True,0,0
1,950800,True,True,0,0
1,950900,True,True,0,0
1,951000,True,True,0,0
1,951100,True,True,0,0
1,951200,True,True,0,0
1,951300,True,True,0,0
1,951400,True,True,0,0
1,951500,True,True,0,0
1,951600,True,True,0,0
1,951700,True,True,0,0
1,951800,True,True,0,0
1,951900,True,True,0,0
1,952000,True,True,0,0
1,952100,True,True,0,0
1,952200,True,True,0,0
1,952300,True,True,0,0
1,952400,True,True,0,0
1,952500,True,True,0,0
1,952600,True,True,0,0
1,952700,True,True,0,0
1,952800,True,True,0,0
1,952900,True,True,0,0
1,953000,True,True,0,0
1,953100,True,True,0,0
1,953200,True,True,0,0
1,953300,True,True,0,0
1,953400,True,True,0,0
1,953500,True,True,0,0
1,953600,True,True,0,0
1,953700,True,True,0,0
1,953800,True,True,0,0
1,953900,True,True,0,0
1,954000,True,True,0,0
1,954100,True,True,0,0
1,954200,True,True,0,0
1,954300,True,True,0,0
1,954400,True,True,0,0
1,954500,True,True,0,0
1,954600,True,True,0,0
1,954700,True,True,0,0
1,954800,True,True,0,0
1,954900,True,True,0,0
1,955000,True,True,0,0
1,955100,True,True,0,0
1,955200,True,True,0,0
1,955300,True,True,0,0
1,955400,True,True,0,0
1,955500,True,True,0,0
1,955600,True,True,0,0
1,955700,True,True,0,0
1,955800,True,True,0,0
1,955900,True,True,0,0
1,956000,True,True,0,0
1,956100,True,True,0,0
1,956200,True,True,0,0
1,956300,True,True,0,0
1,956400,True,True,0,0
1,956500,True,True,0,0
1,956600,True,True,0,0
1,956700,True,True,0,0
1,956800,True,True,0,0
1,956900,True,True,0,0
1,957000,True,True,0,0
1,957100,True,True,0,0
1,957200,True,True,0,0
1,957300,True,True,0,0
1,957400,True,True,0,0
1,957500,True,True,0,0
1,957600,True,True,0,0
1,957700,True,True,0,0
1,957800,True,True,0,0
1,957900,True,True,0,0
1,958000,True,True,0,0
1,958100,True,True,0,0
1,958200,True,True,0,0
1,958300,True,True,0,0
1,958400,True,True,0,0
1,958500,True,True,0,0
1,958600,True,True,0,0
1,958700,True,True,0,0
1,958800,True,True,0,0
1,958900,True,True,0,0
1,959000,True,True,0,0
1,959100,True,True,0,0
1,959200,True,True,0,0
1,959300,True,True,0,0
1,959400,True,True,0,0
1,959500,True,True,0,0
1,959600,True,True,0,0
1,959700,True,True,0,0
1,959800,True,True,0,0
1,959900,True,True,0,0
1,960000,True,True,0,0
1,960100,True,True,0,0
1,960200,True,True,0,0
1,960300,True,True,0,0
1,960400,True,True,0,0
1,960500,True,True,0,0
1,960600,True,True,0,0
1,960700,True,True,0,0
1,960800,True,True,0,0
1,960900,True,True,0,0
1,961000,True,True,0,0
1,961100,True,True,0,0
1,961200,True,True,0,0
1,961300,True,True,0,0
1,961400,True,True,0,0
1,961500,True,True,0,0
1,961600,True,True,0,0
1,961700,True,True,0,0
1,961800,True,True,0,0
1,961900,True,True,0,0
1,962000,True,True,0,0
1,962100,True,True,0,0
1,962200,True,True,0,0
1,962300,True,True,0,0
1,962400,True,True,0,0
1,962500,True,True,0,0
1,962600,True,True,0,0
1,962700,True,True,0,0
1,962800,True,True,0,0
1,962900,True,True,0,0
1,963000,True,True,0,0
1,963100,True,True,0,0
1,963200,True,True,0,0
1,963300,True,True,0,0
1,963400,True,True,0,0
1,963500,True,True,0,0
1,963600,True,True,0,0
1,963700,True,True,0,0
1,963800,True,True,0,0
1,963900,True,True,0,0
1,964000,True,True,0,0
1,964100,True,True,0,0
1,964200,True,True,0,0
1,964300,True,True,0,0
1,964400,True,True,0,0
1,964500,True,True,0,0
1,964600,True,True,0,0
1,964700,True,True,0,0
1,964800,True,True,0,0
1,964900,True,True,0,0
1,965000,True,True,0,0
1,965100,True,True,0,0
1,965200,True,True,0,0
1,965300,True,True,0,0
1,965400,True,True,0,0
1,965500,True,True,0,0
1,965600,True,True,0,0
1,965700,True,True,0,0
1,965800,True,True,0,0
1,965900,True,True,0,0
1,966000,True,True,0,0
1,966100,True,True,0,0
1,966200,True,True,0,0
1,966300,True,True,0,0
1,966400,True,True,0,0
1,966500,True,True,0,0
1,966600,True,True,0,0
1,966700,True,True,0,0
1,966800,True,True,0,0
1,966900,True,True,0,0
1,967000,True,True,0,0
1,967100,True,True,0,0
1,967200,True,True,0,0
1,967300,True,True,0,0
1,967400,True,True,0,0
1,967500,True,True,0,0
1,967600,True,True,0,0
1,967700,True,True,0,0
1,967800,True,True,0,0
1,967900,True,True,0,0
1,968000,True,True,0,0
1,968100,True,True,0,0
1,968200,True,True,0,0
1,968300,True,True,0,0
1,968400,True,True,0,0
1,968500,True,True,0,0
1,968600,True,True,0,0
1,968700,True,True,0,0
1,968800,True,True,0,0
1,968900,True,True,0,0
1,969000,True,True,0,0
1,969100,True,True,0,0
1,969200,True,True,0,0
1,969300,True,True,0,0
1,969400,True,True,0,0
1,969500,True,True,0,0
1,969600,True,True,0,0
1,969700,True,True,0,0
1,969800,True,True,0,0
1,969900,True,True,0,0
1,970000,True,True,0,0
1,970100,True,True,0,0
1,970200,True,True,0,0
1,970300,True,True,0,0
1,970400,True,True,0,0
1,970500,True,True,0,0
1,970600,True,True,0,0
1,970700,True,True,0,0
1,970800,True,True,0,0
1,970900,True,True,0,0
1,971000,True,True,0,0
1,971100,True,True,0,0
1,971200,True,True,0,0
1,971300,True,True,0,0
1,971400,True,True,0,0
1,971500,True,True,0,0
1,971600,True,True,0,0
1,971700,True,True,0,0
1,971800,True,True,0,0
1,971900,True,True,0,0
1,972000,True,True,0,0
1,972100,True,True,0,0
1,972200,True,True,0,0
1,972300,True,True,0,0
1,972400,True,True,0,0
1,972500,True,True,0,0
1,972600,True,True,0,0
1,972700,True,True,0,0
1,972800,True,True,0,0
1,972900,True,True,0,0
1,973000,True,True,0,0
1,973100,True,True,0,0
1,973200,True,True,0,0
1,973300,True,True,0,0
1,973400,True,True,0,0
1,973500,True,True,0,0
1,973600,True,True,0,0
1,973700,True,True,0,0
1,973800,True,True,0,0
1,973900,True,True,0,0
1,974000,True,True,0,0
1,974100,True,True,0,0
1,974200,True,True,0,0
1,974300,True,True,0,0
1,974400,True,True,0,0
1,974500,True,True,0,0
1,974600,True,True,0,0
1,974700,True,True,0,0
1,974800,True,True,0,0
1,974900,True,True,0,0
1,975000,True,True,0,0
1,975100,True,True,0,0
1,975200,True,True,0,0
1,975300,True,True,0,0
1,975400,True,True,0,0
1,975500,True,True,0,0
1,975600,True,True,0,0
1,975700,True,True,0,0
1,975800,True,True,0,0
1,975900,True,True,0,0
1,976000,True,True,0,0
1,976100,True,True,0,0
1,976200,True,True,0,0
1,976300,True,True,0,0
1,976400,True,True,0,0
1,976500,True,True,0,0
1,976600,True,True,0,0
1,976700,True,True,0,0
1,976800,True,True,0,0
1,976900,True,True,0,0
1,977000,True,True,0,0
1,977100,True,True,0,0
1,977200,True,True,0,0
1,977300,True,True,0,0
1,977400,True,True,0,0
1,977500,True,True,0,0
1,977600,True,True,0,0
1,977700,True,True,0,0
1,977800,True,True,0,0
1,977900,True,True,0,0
1,978000,True,True,0,0
1,978100,True,True,0,0
1,978200,True,True,0,0
1,978300,True,True,0,0
1,978400,True,True,0,0
1,978500,True,True,0,0
1,978600,True,True,0,0
1,978700,True,True,0,0
1,978800,True,True,0,0
1,978900,True,True,0,0
1,979000,True,True,0,0
1,979100,True,True,0,0
1,979200,True,True,0,0
1,979300,True,True,0,0
1,979400,True,True,0,0
1,979500,True,True,0,0
1,979600,True,True,0,0
1,979700,True,True,0,0
1,979800,True,True,0,0
1,979900,True,True,0,0
1,980000,True,True,0,0
1,980100,True,True,0,0
1,980200,True,True,0,0
1,980300,True,True,0,0
1,980400,True,True,0,0
1,980500,True,True,0,0
1,980600,True,True,0,0
1,980700,True,True,0,0
1,980800,True,True,0,0
1,980900,True,True,0,0
1,981000,True,True,0,0
1,981100,True,True,0,0
1,981200,True,True,0,0
1,981300,True,True,0,0
1,981400,True,True,0,0
1,981500,True,True,0,0
1,981600,True,True,0,0
1,981700,True,True,0,0
1,981800,True,True,0,0
1,981900,True,True,0,0
1,982000,True,True,0,0
1,982100,True,True,0,0
1,982200,True,True,0,0
1,982300,True,True,0,0
1,982400,True,True,0,0
1,982500,True,True,0,0
1,982600,True,True,0,0
1,982700,True,True,0,0
1,982800,True,True,0,0
1,982900,True,True,0,0
1,983000,True,True,0,0
1,983100,True,True,0,0
1,983200,True,True,0,0
1,983300,True,True,0,0
1,983400,True,True,0,0
1,983500,True,True,0,0
1,983600,True,True,0,0
1,983700,True,True,0,0
1,983800,True,True,0,0
1,983900,True,True,0,0
1,984000,True,True,0,0
1,984100,True,True,0,0
1,984200,True,True,0,0
1,984300,True,True,0,0
1,984400,True,True,0,0
1,984500,True,True,0,0
1,984600,True,True,0,0
1,984700,True,True,0,0
1,984800,True,True,0,0
1,984900,True,True,0,0
1,985000,True,True,0,0
1,985100,True,True,0,0
1,985200,True,True,0,0
1,985300,True,True,0,0
1,985400,True,True,0,0
1,985500,True,True,0,0
1,985600,True,True,0,0
1,985700,True,True,0,0
1,985800,True,True,0,0
1,985900,True,True,0,0
1,986000,True,True,0,0
1,986100,True,True,0,0
1,986200,True,True,0,0
1,986300,True,True,0,0
1,986400,True,True,0,0
1,986500,True,True,0,0
1,986600,True,True,0,0
1,986700,True,True,0,0
1,986800,True,True,0,0
1,986900,True,True,0,0
1,987000,True,True,0,0
1,987100,True,True,0,0
1,987200,True,True,0,0
1,987300,True,True,0,0
1,987400,True,True,0,0
1,987500,True,True,0,0
1,987600,True,True,0,0
1,987700,True,True,0,0
1,987800,True,True,0,0
1,987900,True,True,0,0
1,988000,True,True,0,0
1,988100,True,True,0,0
1,988200,True,True,0,0
1,988300,True,True,0,0
1,988400,True,True,0,0
1,988500,True,True,0,0
1,988600,True,True,0,0
1,988700,True,True,0,0
1,988800,True,True,0,0
1,988900,True,True,0,0
1,989000,True,True,0,0
1,989100,True,True,0,0
1,989200,True,True,0,0
1,989300,True,True,0,0
1,989400,True,True,0,0
1,989500,True,True,0,0
1,989600,True,True,0,0
1,989700,True,True,0,0
1,989800,True,True,0,0
1,989900,True,True,0,0
1,990000,True,True,0,0
1,990100,True,True,0,0
1,990200,True,True,0,0
1,990300,True,True,0,0
1,990400,True,True,0,0
1,990500,True,True,0,0
1,990600,True,True,0,0
1,990700,True,True,0,0
1,990800,True,True,0,0
1,990900,True,True,0,0
1,991000,True,True,0,0
1,991100,True,True,0,0
1,991200,True,True,0,0
1,991300,True,True,0,0
1,991400,True,True,0,0
1,991500,True,True,0,0
1,991600,True,True,0,0
1,991700,True,True,0,0
1,991800,True,True,0,0
1,991900,True,True,0,0
1,992000,True,True,0,0
1,992100,True,True,0,0
1,992200,True,True,0,0
1,992300,True,True,0,0
1,992400,True,True,0,0
1,992500,True,True,0,0
1,992600,True,True,0,0
1,992700,True,True,0,0
1,992800,True,True,0,0
1,992900,True,True,0,0
1,993000,True,True,0,0
1,993100,True,True,0,0
1,993200,True,True,0,0
1,993300,True,True,0,0
1,993400,True,True,0,0
1,993500,True,True,0,0
1,993600,True,True,0,0
1,993700,True,True,0,0
1,993800,True,True,0,0
1,993900,True,True,0,0
1,994000,True,True,0,0
1,994100,True,True,0,0
1,994200,True,True,0,0
1,994300,True,True,0,0
1,994400,True,True,0,0
1,994500,True,True,0,0
1,994600,True,True,0,0
1,994700,True,True,0,0
1,994800,True,True,0,0
1,994900,True,True,0,0
1,995000,True,True,0,0
1,995100,True,True,0,0
1,995200,True,True,0,0
1,995300,True,True,0,0
1,995400,True,True,0,0
1,995500,True,True,0,0
1,995600,True,True,0,0
1,995700,True,True,0,0
1,995800,True,True,0,0
1,995900,True,True,0,0
1,996000,True,True,0,0
1,996100,True,True,0,0
1,996200,True,True,0,0
1,996300,True,True,0,0
1,996400,True,True,0,0
1,996500,True,True,0,0
1,996600,True,True,0,0
1,996700,True,True,0,0
1,996800,True,True,0,0
1,996900,True,True,0,0
1,997000,True,True,0,0
1,997100,True,True,0,0
1,997200,True,True,0,0
1,997300,True,True,0,0
1,997400,True,True,0,0
1,997500,True,True,0,0
1,997600,True,True,0,0
1,997700,True,True,0,0
1,997800,True,True,0,0
1,997900,True,True,0,0
1,998000,True,True,0,0
1,998100,True,True,0,0
1,998200,True,True,0,0
1,998300,True,True,0,0
1,998400,True,True,0,0
1,998500,True,True,0,0
1,998600,True,True,0,0
1,998700,True,True,0,0
1,998800,True,True,0,0
1,998900,True,True,0,0
1,999000,True,True,0,0
1,999100,True,True,0,0
1,999200,True,True,0,0
1,999300,True,True,0,0
1,999400,True,True,0,0
1,999500,True,True,0,0
1,999600,True,True,0,0
1,999700,True,True,0,0
1,999800,True,True,0,0
1,999900,True,True,0,0
2,0,True,True,0,0
2,100,True,True,0,0
2,200,True,True,0,0
2,300,True,True,0,0
2,400,True,True,0,0
2,500,True,True,0,0
2,600,True,True,0,0
2,700,True,True,0,0
2,800,True,True,0,0
2,900,True,True,0,0
2,1000,True,True,0,0
2,1100,True,True,0,0
2,1200,True,True,0,0
2,1300,True,True,0,0
2,1400,True,True,0,0
2,1500,True,True,0,0
2,1600,True,True,0,0
2,1700,True,True,0,0
2,1800,True,True,0,0
2,1900,True,True,0,0
2,2000,True,True,0,0
2,2100,True,True,0,0
2,2200,True,True,0,0
2,2300,True,True,0,0
2,2400,True,True,0,0
2,2500,True,True,0,0
2,2600,True,True,0,0
2,2700,True,True,0,0
2,2800,True,True,0,0
2,2900,True,True,0,0
2,3000,True,True,0,0
2,3100,True,True,0,0
2,3200,True,True,0,0
2,3300,True,True,0,0
2,3400,True,True,0,0
2,3500,True,True,0,0
2,3600,True,True,0,0
2,3700,True,True,0,0
2,3800,True,True,0,0
2,3900,True,True,0,0
2,4000,True,True,0,0
2,4100,True,True,0,0
2,4200,True,True,0,0
2,4300,True,True,0,0
2,4400,True,True,0,0
2,4500,True,True,0,0
2,4600,True,True,0,0
2,4700,True,True,0,0
2,4800,True,True,0,0
2,4900,True,True,0,0
2,5000,True,True,0,0
2,5100,True,True,0,0
2,5200,True,True,0,0
2,5300,True,True,0,0
2,5400,True,True,0,0
2,5500,True,True,0,0
2,5600,True,True,0,0
2,5700,True,True,0,0
2,5800,True,True,0,0
2,5900,True,True,0,0
2,6000,True,True,0,0
2,6100,True,True,0,0
2,6200,True,True,0,0
2,6300,True,True,0,0
2,6400,True,True,0,0
2,6500,True,True,0,0
2,6600,True,True,0,0
2,6700,True,True,0,0
2,6800,True,True,0,0
2,6900,True,True,0,0
2,7000,True,True,0,0
2,7100,True,True,0,0
2,7200,True,True,0,0
2,7300,True,True,0,0
2,7400,True,True,0,0
2,7500,True,True,0,0
2,7600,True,True,0,0
2,7700,True,True,0,0
2,7800,True,True,0,0
2,7900,True,True,0,0
2,8000,True,True,0,0
2,8100,True,True,0,0
2,8200,True,True,0,0
2,8300,True,True,0,0
2,8400,True,True,0,0
2,8500,True,True,0,0
2,8600,True,True,0,0
2,8700,True,True,0,0
2,8800,True,True,0,0
2,8900,True,True,0,0
2,9000,True,True,0,0
2,9100,True,True,0,0
2,9200,True,True,0,0
2,9300,True,True,0,0
2,9400,True,True,0,0
2,9500,True,True,0,0
2,9600,True,True,0,0
2,9700,True,True,0,0
2,9800,True,True,0,0
2,9900,True,True,0,0
2,10000,True,True,0,0
2,10100,True,True,0,0
2,10200,True,True,0,0
2,10300,True,True,0,0
2,10400,True,True,0,0
2,10500,True,True,0,0
2,10600,True,True,0,0
2,10700,True,True,0,0
2,10800,True,True,0,0
2,10900,True,True,0,0
2,11000,True,True,0,0
2,11100,True,True,0,0
2,11200,True,True,0,0
2,11300,True,True,0,0
2,11400,True,True,0,0
2,11500,True,True,0,0
2,11600,True,True,0,0
2,11700,True,True,0,0
2,11800,True,True,0,0
2,11900,True,True,0,0
2,12000,True,True,0,0
2,12100,True,True,0,0
2,12200,True,True,0,0
2,12300,True,True,0,0
2,12400,True,True,0,0
2,12500,True,True,0,0
2,12600,True,True,0,0
2,12700,True,True,0,0
2,12800,True,True,0,0
2,12900,True,True,0,0
2,13000,True,True,0,0
2,13100,True,True,0,0
2,13200,True,True,0,0
2,13300,True,True,0,0
2,13400,True,True,0,0
2,13500,True,True,0,0
2,13600,True,True,0,0
2,13700,True,True,0,0
2,13800,True,True,0,0
2,13900,True,True,0,0
2,14000,True,True,0,0
2,14100,True,True,0,0
2,14200,True,True,0,0
2,14300,True,True,0,0
2,14400,True,True,0,0
2,14500,True,True,0,0
2,14600,True,True,0,0
2,14700,True,True,0,0
2,14800,True,True,0,0
2,14900,True,True,0,0
2,15000,True,True,0,0
2,15100,True,True,0,0
2,15200,True,True,0,0
2,15300,True,True,0,0
2,15400,True,True,0,0
2,15500,True,True,0,0
2,15600,True,True,0,0
2,15700,True,True,0,0
2,15800,True,True,0,0
2,15900,True,True,0,0
2,16000,True,True,0,0
2,16100,True,True,0,0
2,16200,True,True,0,0
2,16300,True,True,0,0
2,16400,True,True,0,0
2,16500,True,True,0,0
2,16600,True,True,0,0
2,16700,True,True,0,0
2,16800,True,True,0,0
2,16900,True,True,0,0
2,17000,True,True,0,0
2,17100,True,True,0,0
2,17200,True,True,0,0
2,17300,True,True,0,0
2,17400,True,True,0,0
2,17500,True,True,0,0
2,17600,True,True,0,0
2,17700,True,True,0,0
2,17800,True,True,0,0
2,17900,True,True,0,0
2,18000,True,True,0,0
2,18100,True,True,0,0
2,18200,True,True,0,0
2,18300,True,True,0,0
2,18400,True,True,0,0
2,18500,True,True,0,0
2,18600,True,True,0,0
2,18700,True,True,0,0
2,18800,True,True,0,0
2,18900,True,True,0,0
2,19000,True,True,0,0
2,19100,True,True,0,0
2,19200,True,True,0,0
2,19300,True,True,0,0
2,19400,True,True,0,0
2,19500,True,True,0,0
2,19600,True,True,0,0
2,19700,True,True,0,0
2,19800,True,True,0,0
2,19900,True,True,0,0
2,20000,True,True,0,0
2,20100,True,True,0,0
2,20200,True,True,0,0
2,20300,True,True,0,0
2,20400,True,True,0,0
2,20500,True,True,0,0
2,20600,True,True,0,0
2,20700,True,True,0,0
2,20800,True,True,0,0
2,20900,True,True,0,0
2,21000,True,True,0,0
2,21100,True,True,0,0
2,21200,True,True,0,0
2,21300,True,True,0,0
2,21400,True,True,0,0
2,21500,True,True,0,0
2,21600,True,True,0,0
2,21700,True,True,0,0
2,21800,True,True,0,0
2,21900,True,True,0,0
2,22000,True,True,0,0
2,22100,True,True,0,0
2,22200,True,True,0,0
2,22300,True,True,0,0
2,22400,True,True,0,0
2,22500,True,True,0,0
2,22600,True,True,0,0
2,22700,True,True,0,0
2,22800,True,True,0,0
2,22900,True,True,0,0
2,23000,True,True,0,0
2,23100,True,True,0,0
2,23200,True,True,0,0
2,23300,True,True,0,0
2,23400,True,True,0,0
2,23500,True,True,0,0
2,23600,True,True,0,0
2,23700,True,True,0,0
2,23800,True,True,0,0
2,23900,True,True,0,0
2,24000,True,True,0,0
2,24100,True,True,0,0
2,24200,True,True,0,0
2,24300,True,True,0,0
2,24400,True,True,0,0
2,24500,True,True,0,0
2,24600,True,True,0,0
2,24700,True,True,0,0
2,24800,True,True,0,0
2,24900,True,True,0,0
2,25000,True,True,0,0
2,25100,True,True,0,0
2,25200,True,True,0,0
2,25300,True,True,0,0
2,25400,True,True,0,0
2,25500,True,True,0,0
2,25600,True,True,0,0
2,25700,True,True,0,0
2,25800,True,True,0,0
2,25900,True,True,0,0
2,26000,True,True,0,0
2,26100,True,True,0,0
2,26200,True,True,0,0
2,26300,True,True,0,0
2,26400,True,True,0,0
2,26500,True,True,0,0
2,26600,True,True,0,0
2,26700,True,True,0,0
2,26800,True,True,0,0
2,26900,True,True,0,0
2,27000,True,True,0,0
2,27100,True,True,0,0
2,27200,True,True,0,0
2,27300,True,True,0,0
2,27400,True,True,0,0
2,27500,True,True,0,0
2,27600,True,True,0,0
2,27700,True,True,0,0
2,27800,True,True,0,0
2,27900,True,True,0,0
2,28000,True,True,0,0
2,28100,True,True,0,0
2,28200,True,True,0,0
2,28300,True,True,0,0
2,28400,True,True,0,0
2,28500,True,True,0,0
2,28600,True,True,0,0
2,28700,True,True,0,0
2,28800,True,True,0,0
2,28900,True,True,0,0
2,29000,True,True,0,0
2,29100,True,True,0,0
2,29200,True,True,0,0
2,29300,True,True,0,0
2,29400,True,True,0,0
2,29500,True,True,0,0
2,29600,True,True,0,0
2,29700,True,True,0,0
2,29800,True,True,0,0
2,29900,True,True,0,0
2,30000,True,True,0,0
2,30100,True,True,0,0
2,30200,True,True,0,0
2,30300,True,True,0,0
2,30400,True,True,0,0
2,30500,True,True,0,0
2,30600,True,True,0,0
2,30700,True,True,0,0
2,30800,True,True,0,0
2,30900,True,True,0,0
2,31000,True,True,0,0
2,31100,True,True,0,0
2,31200,True,True,0,0
2,31300,True,True,0,0
2,31400,True,True,0,0
2,31500,True,True,0,0
2,31600,True,True,0,0
2,31700,True,True,0,0
2,31800,True,True,0,0
2,31900,True,True,0,0
2,32000,True,True,0,0
2,32100,True,True,0,0
2,32200,True,True,0,0
2,32300,True,True,0,0
2,32400,True,True,0,0
2,32500,True,True,0,0
2,32600,True,True,0,0
2,32700,True,True,0,0
2,32800,True,True,0,0
2,32900,True,True,0,0
2,33000,True,True,0,0
2,33100,True,True,0,0
2,33200,True,True,0,0
2,33300,True,True,0,0
2,33400,True,True,0,0
2,33500,True,True,0,0
2,33600,True,True,0,0
2,33700,True,True,0,0
2,33800,True,True,0,0
2,33900,True,True,0,0
2,34000,True,True,0,0
2,34100,True,True,0,0
2,34200,True,True,0,0
2,34300,True,True,0,0
2,34400,True,True,0,0
2,34500,True,True,0,0
2,34600,True,True,0,0
2,34700,True,True,0,0
2,34800,True,True,0,0
2,34900,True,True,0,0
2,35000,True,True,0,0
2,35100,True,True,0,0
2,35200,True,True,0,0
2,35300,True,True,0,0
2,35400,True,True,0,0
2,35500,True,True,0,0
2,35600,True,True,0,0
2,35700,True,True,0,0
2,35800,True,True,0,0
2,35900,True,True,0,0
2,36000,True,True,0,0
2,36100,True,True,0,0
2,36200,True,True,0,0
2,36300,True,True,0,0
2,36400,True,True,0,0
2,36500,True,True,0,0
2,36600,True,True,0,0
2,36700,True,True,0,0
2,36800,True,True,0,0
2,36900,True,True,0,0
2,37000,True,True,0,0
2,37100,True,True,0,0
2,37200,True,True,0,0
2,37300,True,True,0,0
2,37400,True,True,0,0
2,37500,True,True,0,0
2,37600,True,True,0,0
2,37700,True,True,0,0
2,37800,True,True,0,0
2,37900,True,True,0,0
2,38000,True,True,0,0
2,38100,True,True,0,0
2,38200,True,True,0,0
2,38300,True,True,0,0
2,38400,True,True,0,0
2,38500,True,True,0,0
2,38600,True,True,0,0
2,38700,True,True,0,0
2,38800,True,True,0,0
2,38900,True,True,0,0
2,39000,True,True,0,0
2,39100,True,True,0,0
2,39200,True,True,0,0
2,39300,True,True,0,0
2,39400,True,True,0,0
2,39500,True,True,0,0
2,39600,True,True,0,0
2,39700,True,True,0,0
2,39800,True,True,0,0
2,39900,True,True,0,0
2,40000,True,True,0,0
2,40100,True,True,0,0
2,40200,True,True,0,0
2,40300,True,True,0,0
2,40400,True,True,0,0
2,40500,True,True,0,0
2,40600,True,True,0,0
2,40700,True,True,0,0
2,40800,True,True,0,0
2,40900,True,True,0,0
2,41000,True,True,0,0
2,41100,True,True,0,0
2,41200,True,True,0,0
2,41300,True,True,0,0
2,41400,True,True,0,0
2,41500,True,True,0,0
2,41600,True,True,0,0
2,41700,True,True,0,0
2,41800,True,True,0,0
2,41900,True,True,0,0
2,42000,True,True,0,0
2,42100,True,True,0,0
2,42200,True,True,0,0
2,42300,True,True,0,0
2,42400,True,True,0,0
2,42500,True,True,0,0
2,42600,True,True,0,0
2,42700,True,True,0,0
2,42800,True,True,0,0
2,42900,True,True,0,0
2,43000,True,True,0,0
2,43100,True,True,0,0
2,43200,True,True,0,0
2,43300,True,True,0,0
2,43400,True,True,0,0
2,43500,True,True,0,0
2,43600,True,True,0,0
2,43700,True,True,0,0
2,43800,True,True,0,0
2,43900,True,True,0,0
2,44000,True,True,0,0
2,44100,True,True,0,0
2,44200,True,True,0,0
2,44300,True,True,0,0
2,44400,True,True,0,0
2,44500,True,True,0,0
2,44600,True,True,0,0
2,44700,True,True,0,0
2,44800,True,True,0,0
2,44900,True,True,0,0
2,45000,True,True,0,0
2,45100,True,True,0,0
2,45200,True,True,0,0
2,45300,True,True,0,0
2,45400,True,True,0,0
2,45500,True,True,0,0
2,45600,True,True,0,0
2,45700,True,True,0,0
2,45800,True,True,0,0
2,45900,True,True,0,0
2,46000,True,True,0,0
2,46100,True,True,0,0
2,46200,True,True,0,0
2,46300,True,True,0,0
2,46400,True,True,0,0
2,46500,True,True,0,0
2,46600,True,True,0,0
2,46700,True,True,0,0
2,46800,True,True,0,0
2,46900,True,True,0,0
2,47000,True,True,0,0
2,47100,True,True,0,0
2,47200,True,True,0,0
2,47300,True,True,0,0
2,47400,True,True,0,0
2,47500,True,True,0,0
2,47600,True,True,0,0
2,47700,True,True,0,0
2,47800,True,True,0,0
2,47900,True,True,0,0
2,48000,True,True,0,0
2,48100,True,True,0,0
2,48200,True,True,0,0
2,48300,True,True,0,0
2,48400,True,True,0,0
2,48500,True,True,0,0
2,48600,True,True,0,0
2,48700,True,True,0,0
2,48800,True,True,0,0
2,48900,True,True,0,0
2,49000,True,True,0,0
2,49100,True,True,0,0
2,49200,True,True,0,0
2,49300,True,True,0,0
2,49400,True,True,0,0
2,49500,True,True,0,0
2,49600,True,True,0,0
2,49700,True,True,0,0
2,49800,True,True,0,0
2,49900,True,True,0,0
2,50000,True,True,0,0
2,50100,True,True,0,0
2,50200,True,True,0,0
2,50300,True,True,0,0
2,50400,True,True,0,0
2,50500,True,True,0,0
2,50600,True,True,0,0
2,50700,True,True,0,0
2,50800,True,True,0,0
2,50900,True,True,0,0
2,51000,True,True,0,0
2,51100,True,True,0,0
2,51200,True,True,0,0
2,51300,True,True,0,0
2,51400,True,True,0,0
2,51500,True,True,0,0
2,51600,True,True,0,0
2,51700,True,True,0,0
2,51800,True,True,0,0
2,51900,True,True,0,0
2,52000,True,True,0,0
2,52100,True,True,0,0
2,52200,True,True,0,0
2,52300,True,True,0,0
2,52400,True,True,0,0
2,52500,True,True,0,0
2,52600,True,True,0,0
2,52700,True,True,0,0
2,52800,True,True,0,0
2,52900,True,True,0,0
2,53000,True,True,0,0
2,53100,True,True,0,0
2,53200,True,True,0,0
2,53300,True,True,0,0
2,53400,True,True,0,0
2,53500,True,True,0,0
2,53600,True,True,0,0
2,53700,True,True,0,0
2,53800,True,True,0,0
2,53900,True,True,0,0
2,54000,True,True,0,0
2,54100,True,True,0,0
2,54200,True,True,0,0
2,54300,True,True,0,0
2,54400,True,True,0,0
2,54500,True,True,0,0
2,54600,True,True,0,0
2,54700,True,True,0,0
2,54800,True,True,0,0
2,54900,True,True,0,0
2,55000,True,True,0,0
2,55100,True,True,0,0
2,55200,True,True,0,0
2,55300,True,True,0,0
2,55400,True,True,0,0
2,55500,True,True,0,0
2,55600,True,True,0,0
2,55700,True,True,0,0
2,55800,True,True,0,0
2,55900,True,True,0,0
2,56000,True,True,0,0
2,56100,True,True,0,0
2,56200,True,True,0,0
2,56300,True,True,0,0
2,56400,True,True,0,0
2,56500,True,True,0,0
2,56600,True,True,0,0
2,56700,True,True,0,0
2,56800,True,True,0,0
2,56900,True,True,0,0
2,57000,True,True,0,0
2,57100,True,True,0,0
2,57200,True,True,0,0
2,57300,True,True,0,0
2,57400,True,True,0,0
2,57500,True,True,0,0
2,57600,True,True,0,0
2,57700,True,True,0,0
2,57800,True,True,0,0
2,57900,True,True,0,0
2,58000,True,True,0,0
2,58100,True,True,0,0
2,58200,True,True,0,0
2,58300,True,True,0,0
2,58400,True,True,0,0
2,58500,True,True,0,0
2,58600,True,True,0,0
2,58700,True,True,0,0
2,58800,True,True,0,0
2,58900,True,True,0,0
2,59000,True,True,0,0
2,59100,True,True,0,0
2,59200,True,True,0,0
2,59300,True,True,0,0
2,59400,True,True,0,0
2,59500,True,True,0,0
2,59600,True,True,0,0
2,59700,True,True,0,0
2,59800,True,True,0,0
2,59900,True,True,0,0
2,60000,True,True,0,0
2,60100,True,True,0,0
2,60200,True,True,0,0
2,60300,True,True,0,0
2,60400,True,True,0,0
2,60500,True,True,0,0
2,60600,True,True,0,0
2,60700,True,True,0,0
2,60800,True,True,0,0
2,60900,True,True,0,0
2,61000,True,True,0,0
2,61100,True,True,0,0
2,61200,True,True,0,0
2,61300,True,True,0,0
2,61400,True,True,0,0
2,61500,True,True,0,0
2,61600,True,True,0,0
2,61700,True,True,0,0
2,61800,True,True,0,0
2,61900,True,True,0,0
2,62000,True,True,0,0
2,62100,True,True,0,0
2,62200,True,True,0,0
2,62300,True,True,0,0
2,62400,True,True,0,0
2,62500,True,True,0,0
2,62600,True,True,0,0
2,62700,True,True,0,0
2,62800,True,True,0,0
2,62900,True,True,0,0
2,63000,True,True,0,0
2,63100,True,True,0,0
2,63200,True,True,0,0
2,63300,True,True,0,0
2,63400,True,True,0,0
2,63500,True,True,0,0
2,63600,True,True,0,0
2,63700,True,True,0,0
2,63800,True,True,0,0
2,63900,True,True,0,0
2,64000,True,True,0,0
2,64100,True,True,0,0
2,64200,True,True,0,0
2,64300,True,True,0,0
2,64400,True,True,0,0
2,64500,True,True,0,0
2,64600,True,True,0,0
2,64700,True,True,0,0
2,64800,True,True,0,0
2,64900,True,True,0,0
2,65000,True,True,0,0
2,65100,True,True,0,0
2,65200,True,True,0,0
2,65300,True,True,0,0
2,65400,True,True,0,0
2,65500,True,True,0,0
2,65600,True,True,0,0
2,65700,True,True,0,0
2,65800,True,True,0,0
2,65900,True,True,0,0
2,66000,True,True,0,0
2,66100,True,True,0,0
2,66200,True,True,0,0
2,66300,True,True,0,0
2,66400,True,True,0,0
2,66500,True,True,0,0
2,66600,True,True,0,0
2,66700,True,True,0,0
2,66800,True,True,0,0
2,66900,True,True,0,0
2,67000,True,True,0,0
2,67100,True,True,0,0
2,67200,True,True,0,0
2,67300,True,True,0,0
2,67400,True,True,0,0
2,67500,True,True,0,0
2,67600,True,True,0,0
2,67700,True,True,0,0
2,67800,True,True,0,0
2,67900,True,True,0,0
2,68000,True,True,0,0
2,68100,True,True,0,0
2,68200,True,True,0,0
2,68300,True,True,0,0
2,68400,True,True,0,0
2,68500,True,True,0,0
2,68600,True,True,0,0
2,68700,True,True,0,0
2,68800,True,True,0,0
2,68900,True,True,0,0
2,69000,True,True,0,0
2,69100,True,True,0,0
2,69200,True,True,0,0
2,69300,True,True,0,0
2,69400,True,True,0,0
2,69500,True,True,0,0
2,69600,True,True,0,0
2,69700,True,True,0,0
2,69800,True,True,0,0
2,69900,True,True,0,0
2,70000,True,True,0,0
2,70100,True,True,0,0
2,70200,True,True,0,0
2,70300,True,True,0,0
2,70400,True,True,0,0
2,70500,True,True,0,0
2,70600,True,True,0,0
2,70700,True,True,0,0
2,70800,True,True,0,0
2,70900,True,True,0,0
2,71000,True,True,0,0
2,71100,True,True,0,0
2,71200,True,True,0,0
2,71300,True,True,0,0
2,71400,True,True,0,0
2,71500,True,True,0,0
2,71600,True,True,0,0
2,71700,True,True,0,0
2,71800,True,True,0,0
2,71900,True,True,0,0
2,72000,True,True,0,0
2,72100,True,True,0,0
2,72200,True,True,0,0
2,72300,True,True,0,0
2,72400,True,True,0,0
2,72500,True,True,0,0
2,72600,True,True,0,0
2,72700,True,True,0,0
2,72800,True,True,0,0
2,72900,True,True,0,0
2,73000,True,True,0,0
2,73100,True,True,0,0
2,73200,True,True,0,0
2,73300,True,True,0,0
2,73400,True,True,0,0
2,73500,True,True,0,0
2,73600,True,True,0,0
2,73700,True,True,0,0
2,73800,True,True,0,0
2,73900,True,True,0,0
2,74000,True,True,0,0
2,74100,True,True,0,0
2,74200,True,True,0,0
2,74300,True,True,0,0
2,74400,True,True,0,0
2,74500,True,True,0,0
2,74600,True,True,0,0
2,74700,True,True,0,0
2,74800,True,True,0,0
2,74900,True,True,0,0
2,75000,True,True,0,0
2,75100,True,True,0,0
2,75200,True,True,0,0
2,75300,True,True,0,0
2,75400,True,True,0,0
2,75500,True,True,0,0
2,75600,True,True,0,0
2,75700,True,True,0,0
2,75800,True,True,0,0
2,75900,True,True,0,0
2,76000,True,True,0,0
2,76100,True,True,0,0
2,76200,True,True,0,0
2,76300,True,True,0,0
2,76400,True,True,0,0
2,76500,True,True,0,0
2,76600,True,True,0,0
2,76700,True,True,0,0
2,76800,True,True,0,0
2,76900,True,True,0,0
2,77000,True,True,0,0
2,77100,True,True,0,0
2,77200,True,True,0,0
2,77300,True,True,0,0
2,77400,True,True,0,0
2,77500,True,True,0,0
2,77600,True,True,0,0
2,77700,True,True,0,0
2,77800,True,True,0,0
2,77900,True,True,0,0
2,78000,True,True,0,0
2,78100,True,True,0,0
2,78200,True,True,0,0
2,78300,True,True,0,0
2,78400,True,True,0,0
2,78500,True,True,0,0
2,78600,True,True,0,0
2,78700,True,True,0,0
2,78800,True,True,0,0
2,78900,True,True,0,0
2,79000,True,True,0,0
2,79100,True,True,0,0
2,79200,True,True,0,0
2,79300,True,True,0,0
2,79400,True,True,0,0
2,79500,True,True,0,0
2,79600,True,True,0,0
2,79700,True,True,0,0
2,79800,True,True,0,0
2,79900,True,True,0,0
2,80000,True,True,0,0
2,80100,True,True,0,0
2,80200,True,True,0,0
2,80300,True,True,0,0
2,80400,True,True,0,0
2,80500,True,True,0,0
2,80600,True,True,0,0
2,80700,True,True,0,0
2,80800,True,True,0,0
2,80900,True,True,0,0
2,81000,True,True,0,0
2,81100,True,True,0,0
2,81200,True,True,0,0
2,81300,True,True,0,0
2,81400,True,True,0,0
2,81500,True,True,0,0
2,81600,True,True,0,0
2,81700,True,True,0,0
2,81800,True,True,0,0
2,81900,True,True,0,0
2,82000,True,True,0,0
2,82100,True,True,0,0
2,82200,True,True,0,0
2,82300,True,True,0,0
2,82400,True,True,0,0
2,82500,True,True,0,0
2,82600,True,True,0,0
2,82700,True,True,0,0
2,82800,True,True,0,0
2,82900,True,True,0,0
2,83000,True,True,0,0
2,83100,True,True,0,0
2,83200,True,True,0,0
2,83300,True,True,0,0
2,83400,True,True,0,0
2,83500,True,True,0,0
2,83600,True,True,0,0
2,83700,True,True,0,0
2,83800,True,True,0,0
2,83900,True,True,0,0
2,84000,True,True,0,0
2,84100,True,True,0,0
2,84200,True,True,0,0
2,84300,True,True,0,0
2,84400,True,True,0,0
2,84500,True,True,0,0
2,84600,True,True,0,0
2,84700,True,True,0,0
2,84800,True,True,0,0
2,84900,True,True,0,0
2,85000,True,True,0,0
2,85100,True,True,0,0
2,85200,True,True,0,0
2,85300,True,True,0,0
2,85400,True,True,0,0
2,85500,True,True,0,0
2,85600,True,True,0,0
2,85700,True,True,0,0
2,85800,True,True,0,0
2,85900,True,True,0,0
2,86000,True,True,0,0
2,86100,True,True,0,0
2,86200,True,True,0,0
2,86300,True,True,0,0
2,86400,True,True,0,0
2,86500,True,True,0,0
2,86600,True,True,0,0
2,86700,True,True,0,0
2,86800,True,True,0,0
2,86900,True,True,0,0
2,87000,True,True,0,0
2,87100,True,True,0,0
2,87200,True,True,0,0
2,87300,True,True,0,0
2,87400,True,True,0,0
2,87500,True,True,0,0
2,87600,True,True,0,0
2,87700,True,True,0,0
2,87800,True,True,0,0
2,87900,True,True,0,0
2,88000,True,True,0,0
2,88100,True,True,0,0
2,88200,True,True,0,0
2,88300,True,True,0,0
2,88400,True,True,0,0
2,88500,True,True,0,0
2,88600,True,True,0,0
2,88700,True,True,0,0
2,88800,True,True,0,0
2,88900,True,True,0,0
2,89000,True,True,0,0
2,89100,True,True,0,0
2,89200,True,True,0,0
2,89300,True,True,0,0
2,89400,True,True,0,0
2,89500,True,True,0,0
2,89600,True,True,0,0
2,89700,True,True,0,0
2,89800,True,True,0,0
2,89900,True,True,0,0
2,90000,True,True,0,0
2,90100,True,True,0,0
2,90200,True,True,0,0
2,90300,True,True,0,0
2,90400,True,True,0,0
2,90500,True,True,0,0
2,90600,True,True,0,0
2,90700,True,True,0,0
2,90800,True,True,0,0
2,90900,True,True,0,0
2,91000,True,True,0,0
2,91100,True,True,0,0
2,91200,True,True,0,0
2,91300,True,True,0,0
2,91400,True,True,0,0
2,91500,True,True,0,0
2,91600,True,True,0,0
2,91700,True,True,0,0
2,91800,True,True,0,0
2,91900,True,True,0,0
2,92000,True,True,0,0
2,92100,True,True,0,0
2,92200,True,True,0,0
2,92300,True,True,0,0
2,92400,True,True,0,0
2,92500,True,True,0,0
2,92600,True,True,0,0
2,92700,True,True,0,0
2,92800,True,True,0,0
2,92900,True,True,0,0
2,93000,True,True,0,0
2,93100,True,True,0,0
2,93200,True,True,0,0
2,93300,True,True,0,0
2,93400,True,True,0,0
2,93500,True,True,0,0
2,93600,True,True,0,0
2,93700,True,True,0,0
2,93800,True,True,0,0
2,93900,True,True,0,0
2,94000,True,True,0,0
2,94100,True,True,0,0
2,94200,True,True,0,0
2,94300,True,True,0,0
2,94400,True,True,0,0
2,94500,True,True,0,0
2,94600,True,True,0,0
2,94700,True,True,0,0
2,94800,True,True,0,0
2,94900,True,True,0,0
2,95000,True,True,0,0
2,95100,True,True,0,0
2,95200,True,True,0,0
2,95300,True,True,0,0
2,95400,True,True,0,0
2,95500,True,True,0,0
2,95600,True,True,0,0
2,95700,True,True,0,0
2,95800,True,True,0,0
2,95900,True,True,0,0
2,96000,True,True,0,0
2,96100,True,True,0,0
2,96200,True,True,0,0
2,96300,True,True,0,0
2,96400,True,True,0,0
2,96500,True,True,0,0
2,96600,True,True,0,0
2,96700,True,True,0,0
2,96800,True,True,0,0
2,96900,True,True,0,0
2,97000,True,True,0,0
2,97100,True,True,0,0
2,97200,True,True,0,0
2,97300,True,True,0,0
2,97400,True,True,0,0
2,97500,True,True,0,0
2,97600,True,True,0,0
2,97700,True,True,0,0
2,97800,True,True,0,0
2,97900,True,True,0,0
2,98000,True,True,0,0
2,98100,True,True,0,0
2,98200,True,True,0,0
2,98300,True,True,0,0
2,98400,True,True,0,0
2,98500,True,True,0,0
2,98600,True,True,0,0
2,98700,True,True,0,0
2,98800,True,True,0,0
2,98900,True,True,0,0
2,99000,True,True,0,0
2,99100,True,True,0,0
2,99200,True,True,0,0
2,99300,True,True,0,0
2,99400,True,True,0,0
2,99500,True,True,0,0
2,99600,True,True,0,0
2,99700,True,True,0,0
2,99800,True,True,0,0
2,99900,True,True,0,0
2,100000,True,True,0,0
2,100100,True,True,0,0
2,100200,True,True,0,0
2,100300,True,True,0,0
2,100400,True,True,0,0
2,100500,True,True,0,0
2,100600,True,True,0,0
2,100700,True,True,0,0
2,100800,True,True,0,0
2,100900,True,True,0,0
2,101000,True,True,0,0
2,101100,True,True,0,0
2,101200,True,True,0,0
2,101300,True,True,0,0
2,101400,True,True,0,0
2,101500,True,True,0,0
2,101600,True,True,0,0
2,101700,True,True,0,0
2,101800,True,True,0,0
2,101900,True,True,0,0
2,102000,True,True,0,0
2,102100,True,True,0,0
2,102200,True,True,0,0
2,102300,True,True,0,0
2,102400,True,True,0,0
2,102500,True,True,0,0
2,102600,True,True,0,0
2,102700,True,True,0,0
2,102800,True,True,0,0
2,102900,True,True,0,0
2,103000,True,True,0,0
2,103100,True,True,0,0
2,103200,True,True,0,0
2,103300,True,True,0,0
2,103400,True,True,0,0
2,103500,True,True,0,0
2,103600,True,True,0,0
2,103700,True,True,0,0
2,103800,True,True,0,0
2,103900,True,True,0,0
2,104000,True,True,0,0
2,104100,True,True,0,0
2,104200,True,True,0,0
2,104300,True,True,0,0
2,104400,True,True,0,0
2,104500,True,True,0,0
2,104600,True,True,0,0
2,104700,True,True,0,0
2,104800,True,True,0,0
2,104900,True,True,0,0
2,105000,True,True,0,0
2,105100,True,True,0,0
2,105200,True,True,0,0
2,105300,True,True,0,0
2,105400,True,True,0,0
2,105500,True,True,0,0
2,105600,True,True,0,0
2,105700,True,True,0,0
2,105800,True,True,0,0
2,105900,True,True,0,0
2,106000,True,True,0,0
2,106100,True,True,0,0
2,106200,True,True,0,0
2,106300,True,True,0,0
2,106400,True,True,0,0
2,106500,True,True,0,0
2,106600,True,True,0,0
2,106700,True,True,0,0
2,106800,True,True,0,0
2,106900,True,True,0,0
2,107000,True,True,0,0
2,107100,True,True,0,0
2,107200,True,True,0,0
2,107300,True,True,0,0
2,107400,True,True,0,0
2,107500,True,True,0,0
2,107600,True,True,0,0
2,107700,True,True,0,0
2,107800,True,True,0,0
2,107900,True,True,0,0
2,108000,True,True,0,0
2,108100,True,True,0,0
2,108200,True,True,0,0
2,108300,True,True,0,0
2,108400,True,True,0,0
2,108500,True,True,0,0
2,108600,True,True,0,0
2,108700,True,True,0,0
2,108800,True,True,0,0
2,108900,True,True,0,0
2,109000,True,True,0,0
2,109100,True,True,0,0
2,109200,True,True,0,0
2,109300,True,True,0,0
2,109400,True,True,0,0
2,109500,True,True,0,0
2,109600,True,True,0,0
2,109700,True,True,0,0
2,109800,True,True,0,0
2,109900,True,True,0,0
2,110000,True,True,0,0
2,110100,True,True,0,0
2,110200,True,True,0,0
2,110300,True,True,0,0
2,110400,True,True,0,0
2,110500,True,True,0,0
2,110600,True,True,0,0
2,110700,True,True,0,0
2,110800,True,True,0,0
2,110900,True,True,0,0
2,111000,True,True,0,0
2,111100,True,True,0,0
2,111200,True,True,0,0
2,111300,True,True,0,0
2,111400,True,True,0,0
2,111500,True,True,0,0
2,111600,True,True,0,0
2,111700,True,True,0,0
2,111800,True,True,0,0
2,111900,True,True,0,0
2,112000,True,True,0,0
2,112100,True,True,0,0
2,112200,True,True,0,0
2,112300,True,True,0,0
2,112400,True,True,0,0
2,112500,True,True,0,0
2,112600,True,True,0,0
2,112700,True,True,0,0
2,112800,True,True,0,0
2,112900,True,True,0,0
2,113000,True,True,0,0
2,113100,True,True,0,0
2,113200,True,True,0,0
2,113300,True,True,0,0
2,113400,True,True,0,0
2,113500,True,True,0,0
2,113600,True,True,0,0
2,113700,True,True,0,0
2,113800,True,True,0,0
2,113900,True,True,0,0
2,114000,True,True,0,0
2,114100,True,True,0,0
2,114200,True,True,0,0
2,114300,True,True,0,0
2,114400,True,True,0,0
2,114500,True,True,0,0
2,114600,True,True,0,0
2,114700,True,True,0,0
2,114800,True,True,0,0
2,114900,True,True,0,0
2,115000,True,True,0,0
2,115100,True,True,0,0
2,115200,True,True,0,0
2,115300,True,True,0,0
2,115400,True,True,0,0
2,115500,True,True,0,0
2,115600,True,True,0,0
2,115700,True,True,0,0
2,115800,True,True,0,0
2,115900,True,True,0,0
2,116000,True,True,0,0
2,116100,True,True,0,0
2,116200,True,True,0,0
2,116300,True,True,0,0
2,116400,True,True,0,0
2,116500,True,True,0,0
2,116600,True,True,0,0
2,116700,True,True,0,0
2,116800,True,True,0,0
2,116900,True,True,0,0
2,117000,True,True,0,0
2,117100,True,True,0,0
2,117200,True,True,0,0
2,117300,True,True,0,0
2,117400,True,True,0,0
2,117500,True,True,0,0
2,117600,True,True,0,0
2,117700,True,True,0,0
2,117800,True,True,0,0
2,117900,True,True,0,0
2,118000,True,True,0,0
2,118100,True,True,0,0
2,118200,True,True,0,0
2,118300,True,True,0,0
2,118400,True,True,0,0
2,118500,True,True,0,0
2,118600,True,True,0,0
2,118700,True,True,0,0
2,118800,True,True,0,0
2,118900,True,True,0,0
2,119000,True,True,0,0
2,119100,True,True,0,0
2,119200,True,True,0,0
2,119300,True,True,0,0
2,119400,True,True,0,0
2,119500,True,True,0,0
2,119600,True,True,0,0
2,119700,True,True,0,0
2,119800,True,True,0,0
2,119900,True,True,0,0
2,120000,True,True,0,0
2,120100,True,True,0,0
2,120200,True,True,0,0
2,120300,True,True,0,0
2,120400,True,True,0,0
2,120500,True,True,0,0
2,120600,True,True,0,0
2,120700,True,True,0,0
2,120800,True,True,0,0
2,120900,True,True,0,0
2,121000,True,True,0,0
2,121100,True,True,0,0
2,121200,True,True,0,0
2,121300,True,True,0,0
2,121400,True,True,0,0
2,121500,True,True,0,0
2,121600,True,True,0,0
2,121700,True,True,0,0
2,121800,True,True,0,0
2,121900,True,True,0,0
2,122000,True,True,0,0
2,122100,True,True,0,0
2,122200,True,True,0,0
2,122300,True,True,0,0
2,122400,True,True,0,0
2,122500,True,True,0,0
2,122600,True,True,0,0
2,122700,True,True,0,0
2,122800,True,True,0,0
2,122900,True,True,0,0
2,123000,True,True,0,0
2,123100,True,True,0,0
2,123200,True,True,0,0
2,123300,True,True,0,0
2,123400,True,True,0,0
2,123500,True,True,0,0
2,123600,True,True,0,0
2,123700,True,True,0,0
2,123800,True,True,0,0
2,123900,True,True,0,0
2,124000,True,True,0,0
2,124100,True,True,0,0
2,124200,True,True,0,0
2,124300,True,True,0,0
2,124400,True,True,0,0
2,124500,True,True,0,0
2,124600,True,True,0,0
2,124700,True,True,0,0
2,124800,True,True,0,0
2,124900,True,True,0,0
2,125000,True,True,0,0
2,125100,True,True,0,0
2,125200,True,True,0,0
2,125300,True,True,0,0
2,125400,True,True,0,0
2,125500,True,True,0,0
2,125600,True,True,0,0
2,125700,True,True,0,0
2,125800,True,True,0,0
2,125900,True,True,0,0
2,126000,True,True,0,0
2,126100,True,True,0,0
2,126200,True,True,0,0
2,126300,True,True,0,0
2,126400,True,True,0,0
2,126500,True,True,0,0
2,126600,True,True,0,0
2,126700,True,True,0,0
2,126800,True,True,0,0
2,126900,True,True,0,0
2,127000,True,True,0,0
2,127100,True,True,0,0
2,127200,True,True,0,0
2,127300,True,True,0,0
2,127400,True,True,0,0
2,127500,True,True,0,0
2,127600,True,True,0,0
2,127700,True,True,0,0
2,127800,True,True,0,0
2,127900,True,True,0,0
2,128000,True,True,0,0
2,128100,True,True,0,0
2,128200,True,True,0,0
2,128300,True,True,0,0
2,128400,True,True,0,0
2,128500,True,True,0,0
2,128600,True,True,0,0
2,128700,True,True,0,0
2,128800,True,True,0,0
2,128900,True,True,0,0
2,129000,True,True,0,0
2,129100,True,True,0,0
2,129200,True,True,0,0
2,129300,True,True,0,0
2,129400,True,True,0,0
2,129500,True,True,0,0
2,129600,True,True,0,0
2,129700,True,True,0,0
2,129800,True,True,0,0
2,129900,True,True,0,0
2,130000,True,True,0,0
2,130100,True,True,0,0
2,130200,True,True,0,0
2,130300,True,True,0,0
2,130400,True,True,0,0
2,130500,True,True,0,0
2,130600,True,True,0,0
2,130700,True,True,0,0
2,130800,True,True,0,0
2,130900,True,True,0,0
2,131000,True,True,0,0
2,131100,True,True,0,0
2,131200,True,True,0,0
2,131300,True,True,0,0
2,131400,True,True,0,0
2,131500,True,True,0,0
2,131600,True,True,0,0
2,131700,True,True,0,0
2,131800,True,True,0,0
2,131900,True,True,0,0
2,132000,True,True,0,0
2,132100,True,True,0,0
2,132200,True,True,0,0
2,132300,True,True,0,0
2,132400,True,True,0,0
2,132500,True,True,0,0
2,132600,True,True,0,0
2,132700,True,True,0,0
2,132800,True,True,0,0
2,132900,True,True,0,0
2,133000,True,True,0,0
2,133100,True,True,0,0
2,133200,True,True,0,0
2,133300,True,True,0,0
2,133400,True,True,0,0
2,133500,True,True,0,0
2,133600,True,True,0,0
2,133700,True,True,0,0
2,133800,True,True,0,0
2,133900,True,True,0,0
2,134000,True,True,0,0
2,134100,True,True,0,0
2,134200,True,True,0,0
2,134300,True,True,0,0
2,134400,True,True,0,0
2,134500,True,True,0,0
2,134600,True,True,0,0
2,134700,True,True,0,0
2,134800,True,True,0,0
2,134900,True,True,0,0
2,135000,True,True,0,0
2,135100,True,True,0,0
2,135200,True,True,0,0
2,135300,True,True,0,0
2,135400,True,True,0,0
2,135500,True,True,0,0
2,135600,True,True,0,0
2,135700,True,True,0,0
2,135800,True,True,0,0
2,135900,True,True,0,0
2,136000,True,True,0,0
2,136100,True,True,0,0
2,136200,True,True,0,0
2,136300,True,True,0,0
2,136400,True,True,0,0
2,136500,True,True,0,0
2,136600,True,True,0,0
2,136700,True,True,0,0
2,136800,True,True,0,0
2,136900,True,True,0,0
2,137000,True,True,0,0
2,137100,True,True,0,0
2,137200,True,True,0,0
2,137300,True,True,0,0
2,137400,True,True,0,0
2,137500,True,True,0,0
2,137600,True,True,0,0
2,137700,True,True,0,0
2,137800,True,True,0,0
2,137900,True,True,0,0
2,138000,True,True,0,0
2,138100,True,True,0,0
2,138200,True,True,0,0
2,138300,True,True,0,0
2,138400,True,True,0,0
2,138500,True,True,0,0
2,138600,True,True,0,0
2,138700,True,True,0,0
2,138800,True,True,0,0
2,138900,True,True,0,0
2,139000,True,True,0,0
2,139100,True,True,0,0
2,139200,True,True,0,0
2,139300,True,True,0,0
2,139400,True,True,0,0
2,139500,True,True,0,0
2,139600,True,True,0,0
2,139700,True,True,0,0
2,139800,True,True,0,0
2,139900,True,True,0,0
2,140000,True,True,0,0
2,140100,True,True,0,0
2,140200,True,True,0,0
2,140300,True,True,0,0
2,140400,True,True,0,0
2,140500,True,True,0,0
2,140600,True,True,0,0
2,140700,True,True,0,0
2,140800,True,True,0,0
2,140900,True,True,0,0
2,141000,True,True,0,0
2,141100,True,True,0,0
2,141200,True,True,0,0
2,141300,True,True,0,0
2,141400,True,True,0,0
2,141500,True,True,0,0
2,141600,True,True,0,0
2,141700,True,True,0,0
2,141800,True,True,0,0
2,141900,True,True,0,0
2,142000,True,True,0,0
2,142100,True,True,0,0
2,142200,True,True,0,0
2,142300,True,True,0,0
2,142400,True,True,0,0
2,142500,True,True,0,0
2,142600,True,True,0,0
2,142700,True,True,0,0
2,142800,True,True,0,0
2,142900,True,True,0,0
2,143000,True,True,0,0
2,143100,True,True,0,0
2,143200,True,True,0,0
2,143300,True,True,0,0
2,143400,True,True,0,0
2,143500,True,True,0,0
2,143600,True,True,0,0
2,143700,True,True,0,0
2,143800,True,True,0,0
2,143900,True,True,0,0
2,144000,True,True,0,0
2,144100,True,True,0,0
2,144200,True,True,0,0
2,144300,True,True,0,0
2,144400,True,True,0,0
2,144500,True,True,0,0
2,144600,True,True,0,0
2,144700,True,True,0,0
2,144800,True,True,0,0
2,144900,True,True,0,0
2,145000,True,True,0,0
2,145100,True,True,0,0
2,145200,True,True,0,0
2,145300,True,True,0,0
2,145400,True,True,0,0
2,145500,True,True,0,0
2,145600,True,True,0,0
2,145700,True,True,0,0
2,145800,True,True,0,0
2,145900,True,True,0,0
2,146000,True,True,0,0
2,146100,True,True,0,0
2,146200,True,True,0,0
2,146300,True,True,0,0
2,146400,True,True,0,0
2,146500,True,True,0,0
2,146600,True,True,0,0
2,146700,True,True,0,0
2,146800,True,True,0,0
2,146900,True,True,0,0
2,147000,True,True,0,0
2,147100,True,True,0,0
2,147200,True,True,0,0
2,147300,True,True,0,0
2,147400,True,True,0,0
2,147500,True,True,0,0
2,147600,True,True,0,0
2,147700,True,True,0,0
2,147800,True,True,0,0
2,147900,True,True,0,0
2,148000,True,True,0,0
2,148100,True,True,0,0
2,148200,True,True,0,0
2,148300,True,True,0,0
2,148400,True,True,0,0
2,148500,True,True,0,0
2,148600,True,True,0,0
2,148700,True,True,0,0
2,148800,True,True,0,0
2,148900,True,True,0,0
2,149000,True,True,0,0
2,149100,True,True,0,0
2,149200,True,True,0,0
2,149300,True,True,0,0
2,149400,True,True,0,0
2,149500,True,True,0,0
2,149600,True,True,0,0
2,149700,True,True,0,0
2,149800,True,True,0,0
2,149900,True,True,0,0
2,150000,True,True,0,0
2,150100,True,True,0,0
2,150200,True,True,0,0
2,150300,True,True,0,0
2,150400,True,True,0,0
2,150500,True,True,0,0
2,150600,True,True,0,0
2,150700,True,True,0,0
2,150800,True,True,0,0
2,150900,True,True,0,0
2,151000,True,True,0,0
2,151100,True,True,0,0
2,151200,True,True,0,0
2,151300,True,True,0,0
2,151400,True,True,0,0
2,151500,True,True,0,0
2,151600,True,True,0,0
2,151700,True,True,0,0
2,151800,True,True,0,0
2,151900,True,True,0,0
2,152000,True,True,0,0
2,152100,True,True,0,0
2,152200,True,True,0,0
2,152300,True,True,0,0
2,152400,True,True,0,0
2,152500,True,True,0,0
2,152600,True,True,0,0
2,152700,True,True,0,0
2,152800,True,True,0,0
2,152900,True,True,0,0
2,153000,True,True,0,0
2,153100,True,True,0,0
2,153200,True,True,0,0
2,153300,True,True,0,0
2,153400,True,True,0,0
2,153500,True,True,0,0
2,153600,True,True,0,0
2,153700,True,True,0,0
2,153800,True,True,0,0
2,153900,True,True,0,0
2,154000,True,True,0,0
2,154100,True,True,0,0
2,154200,True,True,0,0
2,154300,True,True,0,0
2,154400,True,True,0,0
2,154500,True,True,0,0
2,154600,True,True,0,0
2,154700,True,True,0,0
2,154800,True,True,0,0
2,154900,True,True,0,0
2,155000,True,True,0,0
2,155100,True,True,0,0
2,155200,True,True,0,0
2,155300,True,True,0,0
2,155400,True,True,0,0
2,155500,True,True,0,0
2,155600,True,True,0,0
2,155700,True,True,0,0
2,155800,True,True,0,0
2,155900,True,True,0,0
2,156000,True,True,0,0
2,156100,True,True,0,0
2,156200,True,True,0,0
2,156300,True,True,0,0
2,156400,True,True,0,0
2,156500,True,True,0,0
2,156600,True,True,0,0
2,156700,True,True,0,0
2,156800,True,True,0,0
2,156900,True,True,0,0
2,157000,True,True,0,0
2,157100,True,True,0,0
2,157200,True,True,0,0
2,157300,True,True,0,0
2,157400,True,True,0,0
2,157500,True,True,0,0
2,157600,True,True,0,0
2,157700,True,True,0,0
2,157800,True,True,0,0
2,157900,True,True,0,0
2,158000,True,True,0,0
2,158100,True,True,0,0
2,158200,True,True,0,0
2,158300,True,True,0,0
2,158400,True,True,0,0
2,158500,True,True,0,0
2,158600,True,True,0,0
2,158700,True,True,0,0
2,158800,True,True,0,0
2,158900,True,True,0,0
2,159000,True,True,0,0
2,159100,True,True,0,0
2,159200,True,True,0,0
2,159300,True,True,0,0
2,159400,True,True,0,0
2,159500,True,True,0,0
2,159600,True,True,0,0
2,159700,True,True,0,0
2,159800,True,True,0,0
2,159900,True,True,0,0
2,160000,True,True,0,0
2,160100,True,True,0,0
2,160200,True,True,0,0
2,160300,True,True,0,0
2,160400,True,True,0,0
2,160500,True,True,0,0
2,160600,True,True,0,0
2,160700,True,True,0,0
2,160800,True,True,0,0
2,160900,True,True,0,0
2,161000,True,True,0,0
2,161100,True,True,0,0
2,161200,True,True,0,0
2,161300,True,True,0,0
2,161400,True,True,0,0
2,161500,True,True,0,0
2,161600,True,True,0,0
2,161700,True,True,0,0
2,161800,True,True,0,0
2,161900,True,True,0,0
2,162000,True,True,0,0
2,162100,True,True,0,0
2,162200,True,True,0,0
2,162300,True,True,0,0
2,162400,True,True,0,0
2,162500,True,True,0,0
2,162600,True,True,0,0
2,162700,True,True,0,0
2,162800,True,True,0,0
2,162900,True,True,0,0
2,163000,True,True,0,0
2,163100,True,True,0,0
2,163200,True,True,0,0
2,163300,True,True,0,0
2,163400,True,True,0,0
2,163500,True,True,0,0
2,163600,True,True,0,0
2,163700,True,True,0,0
2,163800,True,True,0,0
2,163900,True,True,0,0
2,164000,True,True,0,0
2,164100,True,True,0,0
2,164200,True,True,0,0
2,164300,True,True,0,0
2,164400,True,True,0,0
2,164500,True,True,0,0
2,164600,True,True,0,0
2,164700,True,True,0,0
2,164800,True,True,0,0
2,164900,True,True,0,0
2,165000,True,True,0,0
2,165100,True,True,0,0
2,165200,True,True,0,0
2,165300,True,True,0,0
2,165400,True,True,0,0
2,165500,True,True,0,0
2,165600,True,True,0,0
2,165700,True,True,0,0
2,165800,True,True,0,0
2,165900,True,True,0,0
2,166000,True,True,0,0
2,166100,True,True,0,0
2,166200,True,True,0,0
2,166300,True,True,0,0
2,166400,True,True,0,0
2,166500,True,True,0,0
2,166600,True,True,0,0
2,166700,True,True,0,0
2,166800,True,True,0,0
2,166900,True,True,0,0
2,167000,True,True,0,0
2,167100,True,True,0,0
2,167200,True,True,0,0
2,167300,True,True,0,0
2,167400,True,True,0,0
2,167500,True,True,0,0
2,167600,True,True,0,0
2,167700,True,True,0,0
2,167800,True,True,0,0
2,167900,True,True,0,0
2,168000,True,True,0,0
2,168100,True,True,0,0
2,168200,True,True,0,0
2,168300,True,True,0,0
2,168400,True,True,0,0
2,168500,True,True,0,0
2,168600,True,True,0,0
2,168700,True,True,0,0
2,168800,True,True,0,0
2,168900,True,True,0,0
2,169000,True,True,0,0
2,169100,True,True,0,0
2,169200,True,True,0,0
2,169300,True,True,0,0
2,169400,True,True,0,0
2,169500,True,True,0,0
2,169600,True,True,0,0
2,169700,True,True,0,0
2,169800,True,True,0,0
2,169900,True,True,0,0
2,170000,True,True,0,0
2,170100,True,True,0,0
2,170200,True,True,0,0
2,170300,True,True,0,0
2,170400,True,True,0,0
2,170500,True,True,0,0
2,170600,True,True,0,0
2,170700,True,True,0,0
2,170800,True,True,0,0
2,170900,True,True,0,0
2,171000,True,True,0,0
2,171100,True,True,0,0
2,171200,True,True,0,0
2,171300,True,True,0,0
2,171400,True,True,0,0
2,171500,True,True,0,0
2,171600,True,True,0,0
2,171700,True,True,0,0
2,171800,True,True,0,0
2,171900,True,True,0,0
2,172000,True,True,0,0
2,172100,True,True,0,0
2,172200,True,True,0,0
2,172300,True,True,0,0
2,172400,True,True,0,0
2,172500,True,True,0,0
2,172600,True,True,0,0
2,172700,True,True,0,0
2,172800,True,True,0,0
2,172900,True,True,0,0
2,173000,True,True,0,0
2,173100,True,True,0,0
2,173200,True,True,0,0
2,173300,True,True,0,0
2,173400,True,True,0,0
2,173500,True,True,0,0
2,173600,True,True,0,0
2,173700,True,True,0,0
2,173800,True,True,0,0
2,173900,True,True,0,0
2,174000,True,True,0,0
2,174100,True,True,0,0
2,174200,True,True,0,0
2,174300,True,True,0,0
2,174400,True,True,0,0
2,174500,True,True,0,0
2,174600,True,True,0,0
2,174700,True,True,0,0
2,174800,True,True,0,0
2,174900,True,True,0,0
2,175000,True,True,0,0
2,175100,True,True,0,0
2,175200,True,True,0,0
2,175300,True,True,0,0
2,175400,True,True,0,0
2,175500,True,True,0,0
2,175600,True,True,0,0
2,175700,True,True,0,0
2,175800,True,True,0,0
2,175900,True,True,0,0
2,176000,True,True,0,0
2,176100,True,True,0,0
2,176200,True,True,0,0
2,176300,True,True,0,0
2,176400,True,True,0,0
2,176500,True,True,0,0
2,176600,True,True,0,0
2,176700,True,True,0,0
2,176800,True,True,0,0
2,176900,True,True,0,0
2,177000,True,True,0,0
2,177100,True,True,0,0
2,177200,True,True,0,0
2,177300,True,True,0,0
2,177400,True,True,0,0
2,177500,True,True,0,0
2,177600,True,True,0,0
2,177700,True,True,0,0
2,177800,True,True,0,0
2,177900,True,True,0,0
2,178000,True,True,0,0
2,178100,True,True,0,0
2,178200,True,True,0,0
2,178300,True,True,0,0
2,178400,True,True,0,0
2,178500,True,True,0,0
2,178600,True,True,0,0
2,178700,True,True,0,0
2,178800,True,True,0,0
2,178900,True,True,0,0
2,179000,True,True,0,0
2,179100,True,True,0,0
2,179200,True,True,0,0
2,179300,True,True,0,0
2,179400,True,True,0,0
2,179500,True,True,0,0
2,179600,True,True,0,0
2,179700,True,True,0,0
2,179800,True,True,0,0
2,179900,True,True,0,0
2,180000,True,True,0,0
2,180100,True,True,0,0
2,180200,True,True,0,0
2,180300,True,True,0,0
2,180400,True,True,0,0
2,180500,True,True,0,0
2,180600,True,True,0,0
2,180700,True,True,0,0
2,180800,True,True,0,0
2,180900,True,True,0,0
2,181000,True,True,0,0
2,181100,True,True,0,0
2,181200,True,True,0,0
2,181300,True,True,0,0
2,181400,True,True,0,0
2,181500,True,True,0,0
2,181600,True,True,0,0
2,181700,True,True,0,0
2,181800,True,True,0,0
2,181900,True,True,0,0
2,182000,True,True,0,0
2,182100,True,True,0,0
2,182200,True,True,0,0
2,182300,True,True,0,0
2,182400,True,True,0,0
2,182500,True,True,0,0
2,182600,True,True,0,0
2,182700,True,True,0,0
2,182800,True,True,0,0
2,182900,True,True,0,0
2,183000,True,True,0,0
2,183100,True,True,0,0
2,183200,True,True,0,0
2,183300,True,True,0,0
2,183400,True,True,0,0
2,183500,True,True,0,0
2,183600,True,True,0,0
2,183700,True,True,0,0
2,183800,True,True,0,0
2,183900,True,True,0,0
2,184000,True,True,0,0
2,184100,True,True,0,0
2,184200,True,True,0,0
2,184300,True,True,0,0
2,184400,True,True,0,0
2,184500,True,True,0,0
2,184600,True,True,0,0
2,184700,True,True,0,0
2,184800,True,True,0,0
2,184900,True,True,0,0
2,185000,True,True,0,0
2,185100,True,True,0,0
2,185200,True,True,0,0
2,185300,True,True,0,0
2,185400,True,True,0,0
2,185500,True,True,0,0
2,185600,True,True,0,0
2,185700,True,True,0,0
2,185800,True,True,0,0
2,185900,True,True,0,0
2,186000,True,True,0,0
2,186100,True,True,0,0
2,186200,True,True,0,0
2,186300,True,True,0,0
2,186400,True,True,0,0
2,186500,True,True,0,0
2,186600,True,True,0,0
2,186700,True,True,0,0
2,186800,True,True,0,0
2,186900,True,True,0,0
2,187000,True,True,0,0
2,187100,True,True,0,0
2,187200,True,True,0,0
2,187300,True,True,0,0
2,187400,True,True,0,0
2,187500,True,True,0,0
2,187600,True,True,0,0
2,187700,True,True,0,0
2,187800,True,True,0,0
2,187900,True,True,0,0
2,188000,True,True,0,0
2,188100,True,True,0,0
2,188200,True,True,0,0
2,188300,True,True,0,0
2,188400,True,True,0,0
2,188500,True,True,0,0
2,188600,True,True,0,0
2,188700,True,True,0,0
2,188800,True,True,0,0
2,188900,True,True,0,0
2,189000,True,True,0,0
2,189100,True,True,0,0
2,189200,True,True,0,0
2,189300,True,True,0,0
2,189400,True,True,0,0
2,189500,True,True,0,0
2,189600,True,True,0,0
2,189700,True,True,0,0
2,189800,True,True,0,0
2,189900,True,True,0,0
2,190000,True,True,0,0
2,190100,True,True,0,0
2,190200,True,True,0,0
2,190300,True,True,0,0
2,190400,True,True,0,0
2,190500,True,True,0,0
2,190600,True,True,0,0
2,190700,True,True,0,0
2,190800,True,True,0,0
2,190900,True,True,0,0
2,191000,True,True,0,0
2,191100,True,True,0,0
2,191200,True,True,0,0
2,191300,True,True,0,0
2,191400,True,True,0,0
2,191500,True,True,0,0
2,191600,True,True,0,0
2,191700,True,True,0,0
2,191800,True,True,0,0
2,191900,True,True,0,0
2,192000,True,True,0,0
2,192100,True,True,0,0
2,192200,True,True,0,0
2,192300,True,True,0,0
2,192400,True,True,0,0
2,192500,True,True,0,0
2,192600,True,True,0,0
2,192700,True,True,0,0
2,192800,True,True,0,0
2,192900,True,True,0,0
2,193000,True,True,0,0
2,193100,True,True,0,0
2,193200,True,True,0,0
2,193300,True,True,0,0
2,193400,True,True,0,0
2,193500,True,True,0,0
2,193600,True,True,0,0
2,193700,True,True,0,0
2,193800,True,True,0,0
2,193900,True,True,0,0
2,194000,True,True,0,0
2,194100,True,True,0,0
2,194200,True,True,0,0
2,194300,True,True,0,0
2,194400,True,True,0,0
2,194500,True,True,0,0
2,194600,True,True,0,0
2,194700,True,True,0,0
2,194800,True,True,0,0
2,194900,True,True,0,0
2,195000,True,True,0,0
2,195100,True,True,0,0
2,195200,True,True,0,0
2,195300,True,True,0,0
2,195400,True,True,0,0
2,195500,True,True,0,0
2,195600,True,True,0,0
2,195700,True,True,0,0
2,195800,True,True,0,0
2,195900,True,True,0,0
2,196000,True,True,0,0
2,196100,True,True,0,0
2,196200,True,True,0,0
2,196300,True,True,0,0
2,196400,True,True,0,0
2,196500,True,True,0,0
2,196600,True,True,0,0
2,196700,True,True,0,0
2,196800,True,True,0,0
2,196900,True,True,0,0
2,197000,True,True,0,0
2,197100,True,True,0,0
2,197200,True,True,0,0
2,197300,True,True,0,0
2,197400,True,True,0,0
2,197500,True,True,0,0
2,197600,True,True,0,0
2,197700,True,True,0,0
2,197800,True,True,0,0
2,197900,True,True,0,0
2,198000,True,True,0,0
2,198100,True,True,0,0
2,198200,True,True,0,0
2,198300,True,True,0,0
2,198400,True,True,0,0
2,198500,True,True,0,0
2,198600,True,True,0,0
2,198700,True,True,0,0
2,198800,True,True,0,0
2,198900,True,True,0,0
2,199000,True,True,0,0
2,199100,True,True,0,0
2,199200,True,True,0,0
2,199300,True,True,0,0
2,199400,True,True,0,0
2,199500,True,True,0,0
2,199600,True,True,0,0
2,199700,True,True,0,0
2,199800,True,True,0,0
2,199900,True,True,0,0
2,200000,True,True,0,0
2,200100,True,True,0,0
2,200200,True,True,0,0
2,200300,True,True,0,0
2,200400,True,True,0,0
2,200500,True,True,0,0
2,200600,True,True,0,0
2,200700,True,True,0,0
2,200800,True,True,0,0
2,200900,True,True,0,0
2,201000,True,True,0,0
2,201100,True,True,0,0
2,201200,True,True,0,0
2,201300,True,True,0,0
2,201400,True,True,0,0
2,201500,True,True,0,0
2,201600,True,True,0,0
2,201700,True,True,0,0
2,201800,True,True,0,0
2,201900,True,True,0,0
2,202000,True,True,0,0
2,202100,True,True,0,0
2,202200,True,True,0,0
2,202300,True,True,0,0
2,202400,True,True,0,0
2,202500,True,True,0,0
2,202600,True,True,0,0
2,202700,True,True,0,0
2,202800,True,True,0,0
2,202900,True,True,0,0
2,203000,True,True,0,0
2,203100,True,True,0,0
2,203200,True,True,0,0
2,203300,True,True,0,0
2,203400,True,True,0,0
2,203500,True,True,0,0
2,203600,True,True,0,0
2,203700,True,True,0,0
2,203800,True,True,0,0
2,203900,True,True,0,0
2,204000,True,True,0,0
2,204100,True,True,0,0
2,204200,True,True,0,0
2,204300,True,True,0,0
2,204400,True,True,0,0
2,204500,True,True,0,0
2,204600,True,True,0,0
2,204700,True,True,0,0
2,204800,True,True,0,0
2,204900,True,True,0,0
2,205000,True,True,0,0
2,205100,True,True,0,0
2,205200,True,True,0,0
2,205300,True,True,0,0
2,205400,True,True,0,0
2,205500,True,True,0,0
2,205600,True,True,0,0
2,205700,True,True,0,0
2,205800,True,True,0,0
2,205900,True,True,0,0
2,206000,True,True,0,0
2,206100,True,True,0,0
2,206200,True,True,0,0
2,206300,True,True,0,0
2,206400,True,True,0,0
2,206500,True,True,0,0
2,206600,True,True,0,0
2,206700,True,True,0,0
2,206800,True,True,0,0
2,206900,True,True,0,0
2,207000,True,True,0,0
2,207100,True,True,0,0
2,207200,True,True,0,0
2,207300,True,True,0,0
2,207400,True,True,0,0
2,207500,True,True,0,0
2,207600,True,True,0,0
2,207700,True,True,0,0
2,207800,True,True,0,0
2,207900,True,True,0,0
2,208000,True,True,0,0
2,208100,True,True,0,0
2,208200,True,True,0,0
2,208300,True,True,0,0
2,208400,True,True,0,0
2,208500,True,True,0,0
2,208600,True,True,0,0
2,208700,True,True,0,0
2,208800,True,True,0,0
2,208900,True,True,0,0
2,209000,True,True,0,0
2,209100,True,True,0,0
2,209200,True,True,0,0
2,209300,True,True,0,0
2,209400,True,True,0,0
2,209500,True,True,0,0
2,209600,True,True,0,0
2,209700,True,True,0,0
2,209800,True,True,0,0
2,209900,True,True,0,0
2,210000,True,True,0,0
2,210100,True,True,0,0
2,210200,True,True,0,0
2,210300,True,True,0,0
2,210400,True,True,0,0
2,210500,True,True,0,0
2,210600,True,True,0,0
2,210700,True,True,0,0
2,210800,True,True,0,0
2,210900,True,True,0,0
2,211000,True,True,0,0
2,211100,True,True,0,0
2,211200,True,True,0,0
2,211300,True,True,0,0
2,211400,True,True,0,0
2,211500,True,True,0,0
2,211600,True,True,0,0
2,211700,True,True,0,0
2,211800,True,True,0,0
2,211900,True,True,0,0
2,212000,True,True,0,0
2,212100,True,True,0,0
2,212200,True,True,0,0
2,212300,True,True,0,0
2,212400,True,True,0,0
2,212500,True,True,0,0
2,212600,True,True,0,0
2,212700,True,True,0,0
2,212800,True,True,0,0
2,212900,True,True,0,0
2,213000,True,True,0,0
2,213100,True,True,0,0
2,213200,True,True,0,0
2,213300,True,True,0,0
2,213400,True,True,0,0
2,213500,True,True,0,0
2,213600,True,True,0,0
2,213700,True,True,0,0
2,213800,True,True,0,0
2,213900,True,True,0,0
2,214000,True,True,0,0
2,214100,True,True,0,0
2,214200,True,True,0,0
2,214300,True,True,0,0
2,214400,True,True,0,0
2,214500,True,True,0,0
2,214600,True,True,0,0
2,214700,True,True,0,0
2,214800,True,True,0,0
2,214900,True,True,0,0
2,215000,True,True,0,0
2,215100,True,True,0,0
2,215200,True,True,0,0
2,215300,True,True,0,0
2,215400,True,True,0,0
2,215500,True,True,0,0
2,215600,True,True,0,0
2,215700,True,True,0,0
2,215800,True,True,0,0
2,215900,True,True,0,0
2,216000,True,True,0,0
2,216100,True,True,0,0
2,216200,True,True,0,0
2,216300,True,True,0,0
2,216400,True,True,0,0
2,216500,True,True,0,0
2,216600,True,True,0,0
2,216700,True,True,0,0
2,216800,True,True,0,0
2,216900,True,True,0,0
2,217000,True,True,0,0
2,217100,True,True,0,0
2,217200,True,True,0,0
2,217300,True,True,0,0
2,217400,True,True,0,0
2,217500,True,True,0,0
2,217600,True,True,0,0
2,217700,True,True,0,0
2,217800,True,True,0,0
2,217900,True,True,0,0
2,218000,True,True,0,0
2,218100,True,True,0,0
2,218200,True,True,0,0
2,218300,True,True,0,0
2,218400,True,True,0,0
2,218500,True,True,0,0
2,218600,True,True,0,0
2,218700,True,True,0,0
2,218800,True,True,0,0
2,218900,True,True,0,0
2,219000,True,True,0,0
2,219100,True,True,0,0
2,219200,True,True,0,0
2,219300,True,True,0,0
2,219400,True,True,0,0
2,219500,True,True,0,0
2,219600,True,True,0,0
2,219700,True,True,0,0
2,219800,True,True,0,0
2,219900,True,True,0,0
2,220000,True,True,0,0
2,220100,True,True,0,0
2,220200,True,True,0,0
2,220300,True,True,0,0
2,220400,True,True,0,0
2,220500,True,True,0,0
2,220600,True,True,0,0
2,220700,True,True,0,0
2,220800,True,True,0,0
2,220900,True,True,0,0
2,221000,True,True,0,0
2,221100,True,True,0,0
2,221200,True,True,0,0
2,221300,True,True,0,0
2,221400,True,True,0,0
2,221500,True,True,0,0
2,221600,True,True,0,0
2,221700,True,True,0,0
2,221800,True,True,0,0
2,221900,True,True,0,0
2,222000,True,True,0,0
2,222100,True,True,0,0
2,222200,True,True,0,0
2,222300,True,True,0,0
2,222400,True,True,0,0
2,222500,True,True,0,0
2,222600,True,True,0,0
2,222700,True,True,0,0
2,222800,True,True,0,0
2,222900,True,True,0,0
2,223000,True,True,0,0
2,223100,True,True,0,0
2,223200,True,True,0,0
2,223300,True,True,0,0
2,223400,True,True,0,0
2,223500,True,True,0,0
2,223600,True,True,0,0
2,223700,True,True,0,0
2,223800,True,True,0,0
2,223900,True,True,0,0
2,224000,True,True,0,0
2,224100,True,True,0,0
2,224200,True,True,0,0
2,224300,True,True,0,0
2,224400,True,True,0,0
2,224500,True,True,0,0
2,224600,True,True,0,0
2,224700,True,True,0,0
2,224800,True,True,0,0
2,224900,True,True,0,0
2,225000,True,True,0,0
2,225100,True,True,0,0
2,225200,True,True,0,0
2,225300,True,True,0,0
2,225400,True,True,0,0
2,225500,True,True,0,0
2,225600,True,True,0,0
2,225700,True,True,0,0
2,225800,True,True,0,0
2,225900,True,True,0,0
2,226000,True,True,0,0
2,226100,True,True,0,0
2,226200,True,True,0,0
2,226300,True,True,0,0
2,226400,True,True,0,0
2,226500,True,True,0,0
2,226600,True,True,0,0
2,226700,True,True,0,0
2,226800,True,True,0,0
2,226900,True,True,0,0
2,227000,True,True,0,0
2,227100,True,True,0,0
2,227200,True,True,0,0
2,227300,True,True,0,0
2,227400,True,True,0,0
2,227500,True,True,0,0
2,227600,True,True,0,0
2,227700,True,True,0,0
2,227800,True,True,0,0
2,227900,True,True,0,0
2,228000,True,True,0,0
2,228100,True,True,0,0
2,228200,True,True,0,0
2,228300,True,True,0,0
2,228400,True,True,0,0
2,228500,True,True,0,0
2,228600,True,True,0,0
2,228700,True,True,0,0
2,228800,True,True,0,0
2,228900,True,True,0,0
2,229000,True,True,0,0
2,229100,True,True,0,0
2,229200,True,True,0,0
2,229300,True,True,0,0
2,229400,True,True,0,0
2,229500,True,True,0,0
2,229600,True,True,0,0
2,229700,True,True,0,0
2,229800,True,True,0,0
2,229900,True,True,0,0
2,230000,True,True,0,0
2,230100,True,True,0,0
2,230200,True,True,0,0
2,230300,True,True,0,0
2,230400,True,True,0,0
2,230500,True,True,0,0
2,230600,True,True,0,0
2,230700,True,True,0,0
2,230800,True,True,0,0
2,230900,True,True,0,0
2,231000,True,True,0,0
2,231100,True,True,0,0
2,231200,True,True,0,0
2,231300,True,True,0,0
2,231400,True,True,0,0
2,231500,True,True,0,0
2,231600,True,True,0,0
2,231700,True,True,0,0
2,231800,True,True,0,0
2,231900,True,True,0,0
2,232000,True,True,0,0
2,232100,True,True,0,0
2,232200,True,True,0,0
2,232300,True,True,0,0
2,232400,True,True,0,0
2,232500,True,True,0,0
2,232600,True,True,0,0
2,232700,True,True,0,0
2,232800,True,True,0,0
2,232900,True,True,0,0
2,233000,True,True,0,0
2,233100,True,True,0,0
2,233200,True,True,0,0
2,233300,True,True,0,0
2,233400,True,True,0,0
2,233500,True,True,0,0
2,233600,True,True,0,0
2,233700,True,True,0,0
2,233800,True,True,0,0
2,233900,True,True,0,0
2,234000,True,True,0,0
2,234100,True,True,0,0
2,234200,True,True,0,0
2,234300,True,True,0,0
2,234400,True,True,0,0
2,234500,True,True,0,0
2,234600,True,True,0,0
2,234700,True,True,0,0
2,234800,True,True,0,0
2,234900,True,True,0,0
2,235000,True,True,0,0
2,235100,True,True,0,0
2,235200,True,True,0,0
2,235300,True,True,0,0
2,235400,True,True,0,0
2,235500,True,True,0,0
2,235600,True,True,0,0
2,235700,True,True,0,0
2,235800,True,True,0,0
2,235900,True,True,0,0
2,236000,True,True,0,0
2,236100,True,True,0,0
2,236200,True,True,0,0
2,236300,True,True,0,0
2,236400,True,True,0,0
2,236500,True,True,0,0
2,236600,True,True,0,0
2,236700,True,True,0,0
2,236800,True,True,0,0
2,236900,True,True,0,0
2,237000,True,True,0,0
2,237100,True,True,0,0
2,237200,True,True,0,0
2,237300,True,True,0,0
2,237400,True,True,0,0
2,237500,True,True,0,0
2,237600,True,True,0,0
2,237700,True,True,0,0
2,237800,True,True,0,0
2,237900,True,True,0,0
2,238000,True,True,0,0
2,238100,True,True,0,0
2,238200,True,True,0,0
2,238300,True,True,0,0
2,238400,True,True,0,0
2,238500,True,True,0,0
2,238600,True,True,0,0
2,238700,True,True,0,0
2,238800,True,True,0,0
2,238900,True,True,0,0
2,239000,True,True,0,0
2,239100,True,True,0,0
2,239200,True,True,0,0
2,239300,True,True,0,0
2,239400,True,True,0,0
2,239500,True,True,0,0
2,239600,True,True,0,0
2,239700,True,True,0,0
2,239800,True,True,0,0
2,239900,True,True,0,0
2,240000,True,True,0,0
2,240100,True,True,0,0
2,240200,True,True,0,0
2,240300,True,True,0,0
2,240400,True,True,0,0
2,240500,True,True,0,0
2,240600,True,True,0,0
2,240700,True,True,0,0
2,240800,True,True,0,0
2,240900,True,True,0,0
2,241000,True,True,0,0
2,241100,True,True,0,0
2,241200,True,True,0,0
2,241300,True,True,0,0
2,241400,True,True,0,0
2,241500,True,True,0,0
2,241600,True,True,0,0
2,241700,True,True,0,0
2,241800,True,True,0,0
2,241900,True,True,0,0
2,242000,True,True,0,0
2,242100,True,True,0,0
2,242200,True,True,0,0
2,242300,True,True,0,0
2,242400,True,True,0,0
2,242500,True,True,0,0
2,242600,True,True,0,0
2,242700,True,True,0,0
2,242800,True,True,0,0
2,242900,True,True,0,0
2,243000,True,True,0,0
2,243100,True,True,0,0
2,243200,True,True,0,0
2,243300,True,True,0,0
2,243400,True,True,0,0
2,243500,True,True,0,0
2,243600,True,True,0,0
2,243700,True,True,0,0
2,243800,True,True,0,0
2,243900,True,True,0,0
2,244000,True,True,0,0
2,244100,True,True,0,0
2,244200,True,True,0,0
2,244300,True,True,0,0
2,244400,True,True,0,0
2,244500,True,True,0,0
2,244600,True,True,0,0
2,244700,True,True,0,0
2,244800,True,True,0,0
2,244900,True,True,0,0
2,245000,True,True,0,0
2,245100,True,True,0,0
2,245200,True,True,0,0
2,245300,True,True,0,0
2,245400,True,True,0,0
2,245500,True,True,0,0
2,245600,True,True,0,0
2,245700,True,True,0,0
2,245800,True,True,0,0
2,245900,True,True,0,0
2,246000,True,True,0,0
2,246100,True,True,0,0
2,246200,True,True,0,0
2,246300,True,True,0,0
2,246400,True,True,0,0
2,246500,True,True,0,0
2,246600,True,True,0,0
2,246700,True,True,0,0
2,246800,True,True,0,0
2,246900,True,True,0,0
2,247000,True,True,0,0
2,247100,True,True,0,0
2,247200,True,True,0,0
2,247300,True,True,0,0
2,247400,True,True,0,0
2,247500,True,True,0,0
2,247600,True,True,0,0
2,247700,True,True,0,0
2,247800,True,True,0,0
2,247900,True,True,0,0
2,248000,True,True,0,0
2,248100,True,True,0,0
2,248200,True,True,0,0
2,248300,True,True,0,0
2,248400,True,True,0,0
2,248500,True,True,0,0
2,248600,True,True,0,0
2,248700,True,True,0,0
2,248800,True,True,0,0
2,248900,True,True,0,0
2,249000,True,True,0,0
2,249100,True,True,0,0
2,249200,True,True,0,0
2,249300,True,True,0,0
2,249400,True,True,0,0
2,249500,True,True,0,0
2,249600,True,True,0,0
2,249700,True,True,0,0
2,249800,True,True,0,0
2,249900,True,True,0,0
2,250000,True,True,0,0
2,250100,True,True,0,0
2,250200,True,True,0,0
2,250300,True,True,0,0
2,250400,True,True,0,0
2,250500,True,True,0,0
2,250600,True,True,0,0
2,250700,True,True,0,0
2,250800,True,True,0,0
2,250900,True,True,0,0
2,251000,True,True,0,0
2,251100,True,True,0,0
2,251200,True,True,0,0
2,251300,True,True,0,0
2,251400,True,True,0,0
2,251500,True,True,0,0
2,251600,True,True,0,0
2,251700,True,True,0,0
2,251800,True,True,0,0
2,251900,True,True,0,0
2,252000,True,True,0,0
2,252100,True,True,0,0
2,252200,True,True,0,0
2,252300,True,True,0,0
2,252400,True,True,0,0
2,252500,True,True,0,0
2,252600,True,True,0,0
2,252700,True,True,0,0
2,252800,True,True,0,0
2,252900,True,True,0,0
2,253000,True,True,0,0
2,253100,True,True,0,0
2,253200,True,True,0,0
2,253300,True,True,0,0
2,253400,True,True,0,0
2,253500,True,True,0,0
2,253600,True,True,0,0
2,253700,True,True,0,0
2,253800,True,True,0,0
2,253900,True,True,0,0
2,254000,True,True,0,0
2,254100,True,True,0,0
2,254200,True,True,0,0
2,254300,True,True,0,0
2,254400,True,True,0,0
2,254500,True,True,0,0
2,254600,True,True,0,0
2,254700,True,True,0,0
2,254800,True,True,0,0
2,254900,True,True,0,0
2,255000,True,True,0,0
2,255100,True,True,0,0
2,255200,True,True,0,0
2,255300,True,True,0,0
2,255400,True,True,0,0
2,255500,True,True,0,0
2,255600,True,True,0,0
2,255700,True,True,0,0
2,255800,True,True,0,0
2,255900,True,True,0,0
2,256000,True,True,0,0
2,256100,True,True,0,0
2,256200,True,True,0,0
2,256300,True,True,0,0
2,256400,True,True,0,0
2,256500,True,True,0,0
2,256600,True,True,0,0
2,256700,True,True,0,0
2,256800,True,True,0,0
2,256900,True,True,0,0
2,257000,True,True,0,0
2,257100,True,True,0,0
2,257200,True,True,0,0
2,257300,True,True,0,0
2,257400,True,True,0,0
2,257500,True,True,0,0
2,257600,True,True,0,0
2,257700,True,True,0,0
2,257800,True,True,0,0
2,257900,True,True,0,0
2,258000,True,True,0,0
2,258100,True,True,0,0
2,258200,True,True,0,0
2,258300,True,True,0,0
2,258400,True,True,0,0
2,258500,True,True,0,0
2,258600,True,True,0,0
2,258700,True,True,0,0
2,258800,True,True,0,0
2,258900,True,True,0,0
2,259000,True,True,0,0
2,259100,True,True,0,0
2,259200,True,True,0,0
2,259300,True,True,0,0
2,259400,True,True,0,0
2,259500,True,True,0,0
2,259600,True,True,0,0
2,259700,True,True,0,0
2,259800,True,True,0,0
2,259900,True,True,0,0
2,260000,True,True,0,0
2,260100,True,True,0,0
2,260200,True,True,0,0
2,260300,True,True,0,0
2,260400,True,True,0,0
2,260500,True,True,0,0
2,260600,True,True,0,0
2,260700,True,True,0,0
2,260800,True,True,0,0
2,260900,True,True,0,0
2,261000,True,True,0,0
2,261100,True,True,0,0
2,261200,True,True,0,0
2,261300,True,True,0,0
2,261400,True,True,0,0
2,261500,True,True,0,0
2,261600,True,True,0,0
2,261700,True,True,0,0
2,261800,True,True,0,0
2,261900,True,True,0,0
2,262000,True,True,0,0
2,262100,True,True,0,0
2,262200,True,True,0,0
2,262300,True,True,0,0
2,262400,True,True,0,0
2,262500,True,True,0,0
2,262600,True,True,0,0
2,262700,True,True,0,0
2,262800,True,True,0,0
2,262900,True,True,0,0
2,263000,True,True,0,0
2,263100,True,True,0,0
2,263200,True,True,0,0
2,263300,True,True,0,0
2,263400,True,True,0,0
2,263500,True,True,0,0
2,263600,True,True,0,0
2,263700,True,True,0,0
2,263800,True,True,0,0
2,263900,True,True,0,0
2,264000,True,True,0,0
2,264100,True,True,0,0
2,264200,True,True,0,0
2,264300,True,True,0,0
2,264400,True,True,0,0
2,264500,True,True,0,0
2,264600,True,True,0,0
2,264700,True,True,0,0
2,264800,True,True,0,0
2,264900,True,True,0,0
2,265000,True,True,0,0
2,265100,True,True,0,0
2,265200,True,True,0,0
2,265300,True,True,0,0
2,265400,True,True,0,0
2,265500,True,True,0,0
2,265600,True,True,0,0
2,265700,True,True,0,0
2,265800,True,True,0,0
2,265900,True,True,0,0
2,266000,True,True,0,0
2,266100,True,True,0,0
2,266200,True,True,0,0
2,266300,True,True,0,0
2,266400,True,True,0,0
2,266500,True,True,0,0
2,266600,True,True,0,0
2,266700,True,True,0,0
2,266800,True,True,0,0
2,266900,True,True,0,0
2,267000,True,True,0,0
2,267100,True,True,0,0
2,267200,True,True,0,0
2,267300,True,True,0,0
2,267400,True,True,0,0
2,267500,True,True,0,0
2,267600,True,True,0,0
2,267700,True,True,0,0
2,267800,True,True,0,0
2,267900,True,True,0,0
2,268000,True,True,0,0
2,268100,True,True,0,0
2,268200,True,True,0,0
2,268300,True,True,0,0
2,268400,True,True,0,0
2,268500,True,True,0,0
2,268600,True,True,0,0
2,268700,True,True,0,0
2,268800,True,True,0,0
2,268900,True,True,0,0
2,269000,True,True,0,0
2,269100,True,True,0,0
2,269200,True,True,0,0
2,269300,True,True,0,0
2,269400,True,True,0,0
2,269500,True,True,0,0
2,269600,True,True,0,0
2,269700,True,True,0,0
2,269800,True,True,0,0
2,269900,True,True,0,0
2,270000,True,True,0,0
2,270100,True,True,0,0
2,270200,True,True,0,0
2,270300,True,True,0,0
2,270400,True,True,0,0
2,270500,True,True,0,0
2,270600,True,True,0,0
2,270700,True,True,0,0
2,270800,True,True,0,0
2,270900,True,True,0,0
2,271000,True,True,0,0
2,271100,True,True,0,0
2,271200,True,True,0,0
2,271300,True,True,0,0
2,271400,True,True,0,0
2,271500,True,True,0,0
2,271600,True,True,0,0
2,271700,True,True,0,0
2,271800,True,True,0,0
2,271900,True,True,0,0
2,272000,True,True,0,0
2,272100,True,True,0,0
2,272200,True,True,0,0
2,272300,True,True,0,0
2,272400,True,True,0,0
2,272500,True,True,0,0
2,272600,True,True,0,0
2,272700,True,True,0,0
2,272800,True,True,0,0
2,272900,True,True,0,0
2,273000,True,True,0,0
2,273100,True,True,0,0
2,273200,True,True,0,0
2,273300,True,True,0,0
2,273400,True,True,0,0
2,273500,True,True,0,0
2,273600,True,True,0,0
2,273700,True,True,0,0
2,273800,True,True,0,0
2,273900,True,True,0,0
2,274000,True,True,0,0
2,274100,True,True,0,0
2,274200,True,True,0,0
2,274300,True,True,0,0
2,274400,True,True,0,0
2,274500,True,True,0,0
2,274600,True,True,0,0
2,274700,True,True,0,0
2,274800,True,True,0,0
2,274900,True,True,0,0
2,275000,True,True,0,0
2,275100,True,True,0,0
2,275200,True,True,0,0
2,275300,True,True,0,0
2,275400,True,True,0,0
2,275500,True,True,0,0
2,275600,True,True,0,0
2,275700,True,True,0,0
2,275800,True,True,0,0
2,275900,True,True,0,0
2,276000,True,True,0,0
2,276100,True,True,0,0
2,276200,True,True,0,0
2,276300,True,True,0,0
2,276400,True,True,0,0
2,276500,True,True,0,0
2,276600,True,True,0,0
2,276700,True,True,0,0
2,276800,True,True,0,0
2,276900,True,True,0,0
2,277000,True,True,0,0
2,277100,True,True,0,0
2,277200,True,True,0,0
2,277300,True,True,0,0
2,277400,True,True,0,0
2,277500,True,True,0,0
2,277600,True,True,0,0
2,277700,True,True,0,0
2,277800,True,True,0,0
2,277900,True,True,0,0
2,278000,True,True,0,0
2,278100,True,True,0,0
2,278200,True,True,0,0
2,278300,True,True,0,0
2,278400,True,True,0,0
2,278500,True,True,0,0
2,278600,True,True,0,0
2,278700,True,True,0,0
2,278800,True,True,0,0
2,278900,True,True,0,0
2,279000,True,True,0,0
2,279100,True,True,0,0
2,279200,True,True,0,0
2,279300,True,True,0,0
2,279400,True,True,0,0
2,279500,True,True,0,0
2,279600,True,True,0,0
2,279700,True,True,0,0
2,279800,True,True,0,0
2,279900,True,True,0,0
2,280000,True,True,0,0
2,280100,True,True,0,0
2,280200,True,True,0,0
2,280300,True,True,0,0
2,280400,True,True,0,0
2,280500,True,True,0,0
2,280600,True,True,0,0
2,280700,True,True,0,0
2,280800,True,True,0,0
2,280900,True,True,0,0
2,281000,True,True,0,0
2,281100,True,True,0,0
2,281200,True,True,0,0
2,281300,True,True,0,0
2,281400,True,True,0,0
2,281500,True,True,0,0
2,281600,True,True,0,0
2,281700,True,True,0,0
2,281800,True,True,0,0
2,281900,True,True,0,0
2,282000,True,True,0,0
2,282100,True,True,0,0
2,282200,True,True,0,0
2,282300,True,True,0,0
2,282400,True,True,0,0
2,282500,True,True,0,0
2,282600,True,True,0,0
2,282700,True,True,0,0
2,282800,True,True,0,0
2,282900,True,True,0,0
2,283000,True,True,0,0
2,283100,True,True,0,0
2,283200,True,True,0,0
2,283300,True,True,0,0
2,283400,True,True,0,0
2,283500,True,True,0,0
2,283600,True,True,0,0
2,283700,True,True,0,0
2,283800,True,True,0,0
2,283900,True,True,0,0
2,284000,True,True,0,0
2,284100,True,True,0,0
2,284200,True,True,0,0
2,284300,True,True,0,0
2,284400,True,True,0,0
2,284500,True,True,0,0
2,284600,True,True,0,0
2,284700,True,True,0,0
2,284800,True,True,0,0
2,284900,True,True,0,0
2,285000,True,True,0,0
2,285100,True,True,0,0
2,285200,True,True,0,0
2,285300,True,True,0,0
2,285400,True,True,0,0
2,285500,True,True,0,0
2,285600,True,True,0,0
2,285700,True,True,0,0
2,285800,True,True,0,0
2,285900,True,True,0,0
2,286000,True,True,0,0
2,286100,True,True,0,0
2,286200,True,True,0,0
2,286300,True,True,0,0
2,286400,True,True,0,0
2,286500,True,True,0,0
2,286600,True,True,0,0
2,286700,True,True,0,0
2,286800,True,True,0,0
2,286900,True,True,0,0
2,287000,True,True,0,0
2,287100,True,True,0,0
2,287200,True,True,0,0
2,287300,True,True,0,0
2,287400,True,True,0,0
2,287500,True,True,0,0
2,287600,True,True,0,0
2,287700,True,True,0,0
2,287800,True,True,0,0
2,287900,True,True,0,0
2,288000,True,True,0,0
2,288100,True,True,0,0
2,288200,True,True,0,0
2,288300,True,True,0,0
2,288400,True,True,0,0
2,288500,True,True,0,0
2,288600,True,True,0,0
2,288700,True,True,0,0
2,288800,True,True,0,0
2,288900,True,True,0,0
2,289000,True,True,0,0
2,289100,True,True,0,0
2,289200,True,True,0,0
2,289300,True,True,0,0
2,289400,True,True,0,0
2,289500,True,True,0,0
2,289600,True,True,0,0
2,289700,True,True,0,0
2,289800,True,True,0,0
2,289900,True,True,0,0
2,290000,True,True,0,0
2,290100,True,True,0,0
2,290200,True,True,0,0
2,290300,True,True,0,0
2,290400,True,True,0,0
2,290500,True,True,0,0
2,290600,True,True,0,0
2,290700,True,True,0,0
2,290800,True,True,0,0
2,290900,True,True,0,0
2,291000,True,True,0,0
2,291100,True,True,0,0
2,291200,True,True,0,0
2,291300,True,True,0,0
2,291400,True,True,0,0
2,291500,True,True,0,0
2,291600,True,True,0,0
2,291700,True,True,0,0
2,291800,True,True,0,0
2,291900,True,True,0,0
2,292000,True,True,0,0
2,292100,True,True,0,0
2,292200,True,True,0,0
2,292300,True,True,0,0
2,292400,True,True,0,0
2,292500,True,True,0,0
2,292600,True,True,0,0
2,292700,True,True,0,0
2,292800,True,True,0,0
2,292900,True,True,0,0
2,293000,True,True,0,0
2,293100,True,True,0,0
2,293200,True,True,0,0
2,293300,True,True,0,0
2,293400,True,True,0,0
2,293500,True,True,0,0
2,293600,True,True,0,0
2,293700,True,True,0,0
2,293800,True,True,0,0
2,293900,True,True,0,0
2,294000,True,True,0,0
2,294100,True,True,0,0
2,294200,True,True,0,0
2,294300,True,True,0,0
2,294400,True,True,0,0
2,294500,True,True,0,0
2,294600,True,True,0,0
2,294700,True,True,0,0
2,294800,True,True,0,0
2,294900,True,True,0,0
2,295000,True,True,0,0
2,295100,True,True,0,0
2,295200,True,True,0,0
2,295300,True,True,0,0
2,295400,True,True,0,0
2,295500,True,True,0,0
2,295600,True,True,0,0
2,295700,True,True,0,0
2,295800,True,True,0,0
2,295900,True,True,0,0
2,296000,True,True,0,0
2,296100,True,True,0,0
2,296200,True,True,0,0
2,296300,True,True,0,0
2,296400,True,True,0,0
2,296500,True,True,0,0
2,296600,True,True,0,0
2,296700,True,True,0,0
2,296800,True,True,0,0
2,296900,True,True,0,0
2,297000,True,True,0,0
2,297100,True,True,0,0
2,297200,True,True,0,0
2,297300,True,True,0,0
2,297400,True,True,0,0
2,297500,True,True,0,0
2,297600,True,True,0,0
2,297700,True,True,0,0
2,297800,True,True,0,0
2,297900,True,True,0,0
2,298000,True,True,0,0
2,298100,True,True,0,0
2,298200,True,True,0,0
2,298300,True,True,0,0
2,298400,True,True,0,0
2,298500,True,True,0,0
2,298600,True,True,0,0
2,298700,True,True,0,0
2,298800,True,True,0,0
2,298900,True,True,0,0
2,299000,True,True,0,0
2,299100,True,True,0,0
2,299200,True,True,0,0
2,299300,True,True,0,0
2,299400,True,True,0,0
2,299500,True,True,0,0
2,299600,True,True,0,0
2,299700,True,True,0,0
2,299800,True,True,0,0
2,299900,True,True,0,0
2,300000,True,True,0,0
2,300100,True,True,0,0
2,300200,True,True,0,0
2,300300,True,True,0,0
2,300400,True,True,0,0
2,300500,True,True,0,0
2,300600,True,True,0,0
2,300700,True,True,0,0
2,300800,True,True,0,0
2,300900,True,True,0,0
2,301000,True,True,0,0
2,301100,True,True,0,0
2,301200,True,True,0,0
2,301300,True,True,0,0
2,301400,True,True,0,0
2,301500,True,True,0,0
2,301600,True,True,0,0
2,301700,True,True,0,0
2,301800,True,True,0,0
2,301900,True,True,0,0
2,302000,True,True,0,0
2,302100,True,True,0,0
2,302200,True,True,0,0
2,302300,True,True,0,0
2,302400,True,True,0,0
2,302500,True,True,0,0
2,302600,True,True,0,0
2,302700,True,True,0,0
2,302800,True,True,0,0
2,302900,True,True,0,0
2,303000,True,True,0,0
2,303100,True,True,0,0
2,303200,True,True,0,0
2,303300,True,True,0,0
2,303400,True,True,0,0
2,303500,True,True,0,0
2,303600,True,True,0,0
2,303700,True,True,0,0
2,303800,True,True,0,0
2,303900,True,True,0,0
2,304000,True,True,0,0
2,304100,True,True,0,0
2,304200,True,True,0,0
2,304300,True,True,0,0
2,304400,True,True,0,0
2,304500,True,True,0,0
2,304600,True,True,0,0
2,304700,True,True,0,0
2,304800,True,True,0,0
2,304900,True,True,0,0
2,305000,True,True,0,0
2,305100,True,True,0,0
2,305200,True,True,0,0
2,305300,True,True,0,0
2,305400,True,True,0,0
2,305500,True,True,0,0
2,305600,True,True,0,0
2,305700,True,True,0,0
2,305800,True,True,0,0
2,305900,True,True,0,0
2,306000,True,True,0,0
2,306100,True,True,0,0
2,306200,True,True,0,0
2,306300,True,True,0,0
2,306400,True,True,0,0
2,306500,True,True,0,0
2,306600,True,True,0,0
2,306700,True,True,0,0
2,306800,True,True,0,0
2,306900,True,True,0,0
2,307000,True,True,0,0
2,307100,True,True,0,0
2,307200,True,True,0,0
2,307300,True,True,0,0
2,307400,True,True,0,0
2,307500,True,True,0,0
2,307600,True,True,0,0
2,307700,True,True,0,0
2,307800,True,True,0,0
2,307900,True,True,0,0
2,308000,True,True,0,0
2,308100,True,True,0,0
2,308200,True,True,0,0
2,308300,True,True,0,0
2,308400,True,True,0,0
2,308500,True,True,0,0
2,308600,True,True,0,0
2,308700,True,True,0,0
2,308800,True,True,0,0
2,308900,True,True,0,0
2,309000,True,True,0,0
2,309100,True,True,0,0
2,309200,True,True,0,0
2,309300,True,True,0,0
2,309400,True,True,0,0
2,309500,True,True,0,0
2,309600,True,True,0,0
2,309700,True,True,0,0
2,309800,True,True,0,0
2,309900,True,True,0,0
2,310000,True,True,0,0
2,310100,True,True,0,0
2,310200,True,True,0,0
2,310300,True,True,0,0
2,310400,True,True,0,0
2,310500,True,True,0,0
2,310600,True,True,0,0
2,310700,True,True,0,0
2,310800,True,True,0,0
2,310900,True,True,0,0
2,311000,True,True,0,0
2,311100,True,True,0,0
2,311200,True,True,0,0
2,311300,True,True,0,0
2,311400,True,True,0,0
2,311500,True,True,0,0
2,311600,True,True,0,0
2,311700,True,True,0,0
2,311800,True,True,0,0
2,311900,True,True,0,0
2,312000,True,True,0,0
2,312100,True,True,0,0
2,312200,True,True,0,0
2,312300,True,True,0,0
2,312400,True,True,0,0
2,312500,True,True,0,0
2,312600,True,True,0,0
2,312700,True,True,0,0
2,312800,True,True,0,0
2,312900,True,True,0,0
2,313000,True,True,0,0
2,313100,True,True,0,0
2,313200,True,True,0,0
2,313300,True,True,0,0
2,313400,True,True,0,0
2,313500,True,True,0,0
2,313600,True,True,0,0
2,313700,True,True,0,0
2,313800,True,True,0,0
2,313900,True,True,0,0
2,314000,True,True,0,0
2,314100,True,True,0,0
2,314200,True,True,0,0
2,314300,True,True,0,0
2,314400,True,True,0,0
2,314500,True,True,0,0
2,314600,True,True,0,0
2,314700,True,True,0,0
2,314800,True,True,0,0
2,314900,True,True,0,0
2,315000,True,True,0,0
2,315100,True,True,0,0
2,315200,True,True,0,0
2,315300,True,True,0,0
2,315400,True,True,0,0
2,315500,True,True,0,0
2,315600,True,True,0,0
2,315700,True,True,0,0
2,315800,True,True,0,0
2,315900,True,True,0,0
2,316000,True,True,0,0
2,316100,True,True,0,0
2,316200,True,True,0,0
2,316300,True,True,0,0
2,316400,True,True,0,0
2,316500,True,True,0,0
2,316600,True,True,0,0
2,316700,True,True,0,0
2,316800,True,True,0,0
2,316900,True,True,0,0
2,317000,True,True,0,0
2,317100,True,True,0,0
2,317200,True,True,0,0
2,317300,True,True,0,0
2,317400,True,True,0,0
2,317500,True,True,0,0
2,317600,True,True,0,0
2,317700,True,True,0,0
2,317800,True,True,0,0
2,317900,True,True,0,0
2,318000,True,True,0,0
2,318100,True,True,0,0
2,318200,True,True,0,0
2,318300,True,True,0,0
2,318400,True,True,0,0
2,318500,True,True,0,0
2,318600,True,True,0,0
2,318700,True,True,0,0
2,318800,True,True,0,0
2,318900,True,True,0,0
2,319000,True,True,0,0
2,319100,True,True,0,0
2,319200,True,True,0,0
2,319300,True,True,0,0
2,319400,True,True,0,0
2,319500,True,True,0,0
2,319600,True,True,0,0
2,319700,True,True,0,0
2,319800,True,True,0,0
2,319900,True,True,0,0
2,320000,True,True,0,0
2,320100,True,True,0,0
2,320200,True,True,0,0
2,320300,True,True,0,0
2,320400,True,True,0,0
2,320500,True,True,0,0
2,320600,True,True,0,0
2,320700,True,True,0,0
2,320800,True,True,0,0
2,320900,True,True,0,0
2,321000,True,True,0,0
2,321100,True,True,0,0
2,321200,True,True,0,0
2,321300,True,True,0,0
2,321400,True,True,0,0
2,321500,True,True,0,0
2,321600,True,True,0,0
2,321700,True,True,0,0
2,321800,True,True,0,0
2,321900,True,True,0,0
2,322000,True,True,0,0
2,322100,True,True,0,0
2,322200,True,True,0,0
2,322300,True,True,0,0
2,322400,True,True,0,0
2,322500,True,True,0,0
2,322600,True,True,0,0
2,322700,True,True,0,0
2,322800,True,True,0,0
2,322900,True,True,0,0
2,323000,True,True,0,0
2,323100,True,True,0,0
2,323200,True,True,0,0
2,323300,True,True,0,0
2,323400,True,True,0,0
2,323500,True,True,0,0
2,323600,True,True,0,0
2,323700,True,True,0,0
2,323800,True,True,0,0
2,323900,True,True,0,0
2,324000,True,True,0,0
2,324100,True,True,0,0
2,324200,True,True,0,0
2,324300,True,True,0,0
2,324400,True,True,0,0
2,324500,True,True,0,0
2,324600,True,True,0,0
2,324700,True,True,0,0
2,324800,True,True,0,0
2,324900,True,True,0,0
2,325000,True,True,0,0
2,325100,True,True,0,0
2,325200,True,True,0,0
2,325300,True,True,0,0
2,325400,True,True,0,0
2,325500,True,True,0,0
2,325600,True,True,0,0
2,325700,True,True,0,0
2,325800,True,True,0,0
2,325900,True,True,0,0
2,326000,True,True,0,0
2,326100,True,True,0,0
2,326200,True,True,0,0
2,326300,True,True,0,0
2,326400,True,True,0,0
2,326500,True,True,0,0
2,326600,True,True,0,0
2,326700,True,True,0,0
2,326800,True,True,0,0
2,326900,True,True,0,0
2,327000,True,True,0,0
2,327100,True,True,0,0
2,327200,True,True,0,0
2,327300,True,True,0,0
2,327400,True,True,0,0
2,327500,True,True,0,0
2,327600,True,True,0,0
2,327700,True,True,0,0
2,327800,True,True,0,0
2,327900,True,True,0,0
2,328000,True,True,0,0
2,328100,True,True,0,0
2,328200,True,True,0,0
2,328300,True,True,0,0
2,328400,True,True,0,0
2,328500,True,True,0,0
2,328600,True,True,0,0
2,328700,True,True,0,0
2,328800,True,True,0,0
2,328900,True,True,0,0
2,329000,True,True,0,0
2,329100,True,True,0,0
2,329200,True,True,0,0
2,329300,True,True,0,0
2,329400,True,True,0,0
2,329500,True,True,0,0
2,329600,True,True,0,0
2,329700,True,True,0,0
2,329800,True,True,0,0
2,329900,True,True,0,0
2,330000,True,True,0,0
2,330100,True,True,0,0
2,330200,True,True,0,0
2,330300,True,True,0,0
2,330400,True,True,0,0
2,330500,True,True,0,0
2,330600,True,True,0,0
2,330700,True,True,0,0
2,330800,True,True,0,0
2,330900,True,True,0,0
2,331000,True,True,0,0
2,331100,True,True,0,0
2,331200,True,True,0,0
2,331300,True,True,0,0
2,331400,True,True,0,0
2,331500,True,True,0,0
2,331600,True,True,0,0
2,331700,True,True,0,0
2,331800,True,True,0,0
2,331900,True,True,0,0
2,332000,True,True,0,0
2,332100,True,True,0,0
2,332200,True,True,0,0
2,332300,True,True,0,0
2,332400,True,True,0,0
2,332500,True,True,0,0
2,332600,True,True,0,0
2,332700,True,True,0,0
2,332800,True,True,0,0
2,332900,True,True,0,0
2,333000,True,True,0,0
2,333100,True,True,0,0
2,333200,True,True,0,0
2,333300,True,True,0,0
2,333400,True,True,0,0
2,333500,True,True,0,0
2,333600,True,True,0,0
2,333700,True,True,0,0
2,333800,True,True,0,0
2,333900,True,True,0,0
2,334000,True,True,0,0
2,334100,True,True,0,0
2,334200,True,True,0,0
2,334300,True,True,0,0
2,334400,True,True,0,0
2,334500,True,True,0,0
2,334600,True,True,0,0
2,334700,True,True,0,0
2,334800,True,True,0,0
2,334900,True,True,0,0
2,335000,True,True,0,0
2,335100,True,True,0,0
2,335200,True,True,0,0
2,335300,True,True,0,0
2,335400,True,True,0,0
2,335500,True,True,0,0
2,335600,True,True,0,0
2,335700,True,True,0,0
2,335800,True,True,0,0
2,335900,True,True,0,0
2,336000,True,True,0,0
2,336100,True,True,0,0
2,336200,True,True,0,0
2,336300,True,True,0,0
2,336400,True,True,0,0
2,336500,True,True,0,0
2,336600,True,True,0,0
2,336700,True,True,0,0
2,336800,True,True,0,0
2,336900,True,True,0,0
2,337000,True,True,0,0
2,337100,True,True,0,0
2,337200,True,True,0,0
2,337300,True,True,0,0
2,337400,True,True,0,0
2,337500,True,True,0,0
2,337600,True,True,0,0
2,337700,True,True,0,0
2,337800,True,True,0,0
2,337900,True,True,0,0
2,338000,True,True,0,0
2,338100,True,True,0,0
2,338200,True,True,0,0
2,338300,True,True,0,0
2,338400,True,True,0,0
2,338500,True,True,0,0
2,338600,True,True,0,0
2,338700,True,True,0,0
2,338800,True,True,0,0
2,338900,True,True,0,0
2,339000,True,True,0,0
2,339100,True,True,0,0
2,339200,True,True,0,0
2,339300,True,True,0,0
2,339400,True,True,0,0
2,339500,True,True,0,0
2,339600,True,True,0,0
2,339700,True,True,0,0
2,339800,True,True,0,0
2,339900,True,True,0,0
2,340000,True,True,0,0
2,340100,True,True,0,0
2,340200,True,True,0,0
2,340300,True,True,0,0
2,340400,True,True,0,0
2,340500,True,True,0,0
2,340600,True,True,0,0
2,340700,True,True,0,0
2,340800,True,True,0,0
2,340900,True,True,0,0
2,341000,True,True,0,0
2,341100,True,True,0,0
2,341200,True,True,0,0
2,341300,True,True,0,0
2,341400,True,True,0,0
2,341500,True,True,0,0
2,341600,True,True,0,0
2,341700,True,True,0,0
2,341800,True,True,0,0
2,341900,True,True,0,0
2,342000,True,True,0,0
2,342100,True,True,0,0
2,342200,True,True,0,0
2,342300,True,True,0,0
2,342400,True,True,0,0
2,342500,True,True,0,0
2,342600,True,True,0,0
2,342700,True,True,0,0
2,342800,True,True,0,0
2,342900,True,True,0,0
2,343000,True,True,0,0
2,343100,True,True,0,0
2,343200,True,True,0,0
2,343300,True,True,0,0
2,343400,True,True,0,0
2,343500,True,True,0,0
2,343600,True,True,0,0
2,343700,True,True,0,0
2,343800,True,True,0,0
2,343900,True,True,0,0
2,344000,True,True,0,0
2,344100,True,True,0,0
2,344200,True,True,0,0
2,344300,True,True,0,0
2,344400,True,True,0,0
2,344500,True,True,0,0
2,344600,True,True,0,0
2,344700,True,True,0,0
2,344800,True,True,0,0
2,344900,True,True,0,0
2,345000,True,True,0,0
2,345100,True,True,0,0
2,345200,True,True,0,0
2,345300,True,True,0,0
2,345400,True,True,0,0
2,345500,True,True,0,0
2,345600,True,True,0,0
2,345700,True,True,0,0
2,345800,True,True,0,0
2,345900,True,True,0,0
2,346000,True,True,0,0
2,346100,True,True,0,0
2,346200,True,True,0,0
2,346300,True,True,0,0
2,346400,True,True,0,0
2,346500,True,True,0,0
2,346600,True,True,0,0
2,346700,True,True,0,0
2,346800,True,True,0,0
2,346900,True,True,0,0
2,347000,True,True,0,0
2,347100,True,True,0,0
2,347200,True,True,0,0
2,347300,True,True,0,0
2,347400,True,True,0,0
2,347500,True,True,0,0
2,347600,True,True,0,0
2,347700,True,True,0,0
2,347800,True,True,0,0
2,347900,True,True,0,0
2,348000,True,True,0,0
2,348100,True,True,0,0
2,348200,True,True,0,0
2,348300,True,True,0,0
2,348400,True,True,0,0
2,348500,True,True,0,0
2,348600,True,True,0,0
2,348700,True,True,0,0
2,348800,True,True,0,0
2,348900,True,True,0,0
2,349000,True,True,0,0
2,349100,True,True,0,0
2,349200,True,True,0,0
2,349300,True,True,0,0
2,349400,True,True,0,0
2,349500,True,True,0,0
2,349600,True,True,0,0
2,349700,True,True,0,0
2,349800,True,True,0,0
2,349900,True,True,0,0
2,350000,True,True,0,0
2,350100,True,True,0,0
2,350200,True,True,0,0
2,350300,True,True,0,0
2,350400,True,True,0,0
2,350500,True,True,0,0
2,350600,True,True,0,0
2,350700,True,True,0,0
2,350800,True,True,0,0
2,350900,True,True,0,0
2,351000,True,True,0,0
2,351100,True,True,0,0
2,351200,True,True,0,0
2,351300,True,True,0,0
2,351400,True,True,0,0
2,351500,True,True,0,0
2,351600,True,True,0,0
2,351700,True,True,0,0
2,351800,True,True,0,0
2,351900,True,True,0,0
2,352000,True,True,0,0
2,352100,True,True,0,0
2,352200,True,True,0,0
2,352300,True,True,0,0
2,352400,True,True,0,0
2,352500,True,True,0,0
2,352600,True,True,0,0
2,352700,True,True,0,0
2,352800,True,True,0,0
2,352900,True,True,0,0
2,353000,True,True,0,0
2,353100,True,True,0,0
2,353200,True,True,0,0
2,353300,True,True,0,0
2,353400,True,True,0,0
2,353500,True,True,0,0
2,353600,True,True,0,0
2,353700,True,True,0,0
2,353800,True,True,0,0
2,353900,True,True,0,0
2,354000,True,True,0,0
2,354100,True,True,0,0
2,354200,True,True,0,0
2,354300,True,True,0,0
2,354400,True,True,0,0
2,354500,True,True,0,0
2,354600,True,True,0,0
2,354700,True,True,0,0
2,354800,True,True,0,0
2,354900,True,True,0,0
2,355000,True,True,0,0
2,355100,True,True,0,0
2,355200,True,True,0,0
2,355300,True,True,0,0
2,355400,True,True,0,0
2,355500,True,True,0,0
2,355600,True,True,0,0
2,355700,True,True,0,0
2,355800,True,True,0,0
2,355900,True,True,0,0
2,356000,True,True,0,0
2,356100,True,True,0,0
2,356200,True,True,0,0
2,356300,True,True,0,0
2,356400,True,True,0,0
2,356500,True,True,0,0
2,356600,True,True,0,0
2,356700,True,True,0,0
2,356800,True,True,0,0
2,356900,True,True,0,0
2,357000,True,True,0,0
2,357100,True,True,0,0
2,357200,True,True,0,0
2,357300,True,True,0,0
2,357400,True,True,0,0
2,357500,True,True,0,0
2,357600,True,True,0,0
2,357700,True,True,0,0
2,357800,True,True,0,0
2,357900,True,True,0,0
2,358000,True,True,0,0
2,358100,True,True,0,0
2,358200,True,True,0,0
2,358300,True,True,0,0
2,358400,True,True,0,0
2,358500,True,True,0,0
2,358600,True,True,0,0
2,358700,True,True,0,0
2,358800,True,True,0,0
2,358900,True,True,0,0
2,359000,True,True,0,0
2,359100,True,True,0,0
2,359200,True,True,0,0
2,359300,True,True,0,0
2,359400,True,True,0,0
2,359500,True,True,0,0
2,359600,True,True,0,0
2,359700,True,True,0,0
2,359800,True,True,0,0
2,359900,True,True,0,0
2,360000,True,True,0,0
2,360100,True,True,0,0
2,360200,True,True,0,0
2,360300,True,True,0,0
2,360400,True,True,0,0
2,360500,True,True,0,0
2,360600,True,True,0,0
2,360700,True,True,0,0
2,360800,True,True,0,0
2,360900,True,True,0,0
2,361000,True,True,0,0
2,361100,True,True,0,0
2,361200,True,True,0,0
2,361300,True,True,0,0
2,361400,True,True,0,0
2,361500,True,True,0,0
2,361600,True,True,0,0
2,361700,True,True,0,0
2,361800,True,True,0,0
2,361900,True,True,0,0
2,362000,True,True,0,0
2,362100,True,True,0,0
2,362200,True,True,0,0
2,362300,True,True,0,0
2,362400,True,True,0,0
2,362500,True,True,0,0
2,362600,True,True,0,0
2,362700,True,True,0,0
2,362800,True,True,0,0
2,362900,True,True,0,0
2,363000,True,True,0,0
2,363100,True,True,0,0
2,363200,True,True,0,0
2,363300,True,True,0,0
2,363400,True,True,0,0
2,363500,True,True,0,0
2,363600,True,True,0,0
2,363700,True,True,0,0
2,363800,True,True,0,0
2,363900,True,True,0,0
2,364000,True,True,0,0
2,364100,True,True,0,0
2,364200,True,True,0,0
2,364300,True,True,0,0
2,364400,True,True,0,0
2,364500,True,True,0,0
2,364600,True,True,0,0
2,364700,True,True,0,0
2,364800,True,True,0,0
2,364900,True,True,0,0
2,365000,True,True,0,0
2,365100,True,True,0,0
2,365200,True,True,0,0
2,365300,True,True,0,0
2,365400,True,True,0,0
2,365500,True,True,0,0
2,365600,True,True,0,0
2,365700,True,True,0,0
2,365800,True,True,0,0
2,365900,True,True,0,0
2,366000,True,True,0,0
2,366100,True,True,0,0
2,366200,True,True,0,0
2,366300,True,True,0,0
2,366400,True,True,0,0
2,366500,True,True,0,0
2,366600,True,True,0,0
2,366700,True,True,0,0
2,366800,True,True,0,0
2,366900,True,True,0,0
2,367000,True,True,0,0
2,367100,True,True,0,0
2,367200,True,True,0,0
2,367300,True,True,0,0
2,367400,True,True,0,0
2,367500,True,True,0,0
2,367600,True,True,0,0
2,367700,True,True,0,0
2,367800,True,True,0,0
2,367900,True,True,0,0
2,368000,True,True,0,0
2,368100,True,True,0,0
2,368200,True,True,0,0
2,368300,True,True,0,0
2,368400,True,True,0,0
2,368500,True,True,0,0
2,368600,True,True,0,0
2,368700,True,True,0,0
2,368800,True,True,0,0
2,368900,True,True,0,0
2,369000,True,True,0,0
2,369100,True,True,0,0
2,369200,True,True,0,0
2,369300,True,True,0,0
2,369400,True,True,0,0
2,369500,True,True,0,0
2,369600,True,True,0,0
2,369700,True,True,0,0
2,369800,True,True,0,0
2,369900,True,True,0,0
2,370000,True,True,0,0
2,370100,True,True,0,0
2,370200,True,True,0,0
2,370300,True,True,0,0
2,370400,True,True,0,0
2,370500,True,True,0,0
2,370600,True,True,0,0
2,370700,True,True,0,0
2,370800,True,True,0,0
2,370900,True,True,0,0
2,371000,True,True,0,0
2,371100,True,True,0,0
2,371200,True,True,0,0
2,371300,True,True,0,0
2,371400,True,True,0,0
2,371500,True,True,0,0
2,371600,True,True,0,0
2,371700,True,True,0,0
2,371800,True,True,0,0
2,371900,True,True,0,0
2,372000,True,True,0,0
2,372100,True,True,0,0
2,372200,True,True,0,0
2,372300,True,True,0,0
2,372400,True,True,0,0
2,372500,True,True,0,0
2,372600,True,True,0,0
2,372700,True,True,0,0
2,372800,True,True,0,0
2,372900,True,True,0,0
2,373000,True,True,0,0
2,373100,True,True,0,0
2,373200,True,True,0,0
2,373300,True,True,0,0
2,373400,True,True,0,0
2,373500,True,True,0,0
2,373600,True,True,0,0
2,373700,True,True,0,0
2,373800,True,True,0,0
2,373900,True,True,0,0
2,374000,True,True,0,0
2,374100,True,True,0,0
2,374200,True,True,0,0
2,374300,True,True,0,0
2,374400,True,True,0,0
2,374500,True,True,0,0
2,374600,True,True,0,0
2,374700,True,True,0,0
2,374800,True,True,0,0
2,374900,True,True,0,0
2,375000,True,True,0,0
2,375100,True,True,0,0
2,375200,True,True,0,0
2,375300,True,True,0,0
2,375400,True,True,0,0
2,375500,True,True,0,0
2,375600,True,True,0,0
2,375700,True,True,0,0
2,375800,True,True,0,0
2,375900,True,True,0,0
2,376000,True,True,0,0
2,376100,True,True,0,0
2,376200,True,True,0,0
2,376300,True,True,0,0
2,376400,True,True,0,0
2,376500,True,True,0,0
2,376600,True,True,0,0
2,376700,True,True,0,0
2,376800,True,True,0,0
2,376900,True,True,0,0
2,377000,True,True,0,0
2,377100,True,True,0,0
2,377200,True,True,0,0
2,377300,True,True,0,0
2,377400,True,True,0,0
2,377500,True,True,0,0
2,377600,True,True,0,0
2,377700,True,True,0,0
2,377800,True,True,0,0
2,377900,True,True,0,0
2,378000,True,True,0,0
2,378100,True,True,0,0
2,378200,True,True,0,0
2,378300,True,True,0,0
2,378400,True,True,0,0
2,378500,True,True,0,0
2,378600,True,True,0,0
2,378700,True,True,0,0
2,378800,True,True,0,0
2,378900,True,True,0,0
2,379000,True,True,0,0
2,379100,True,True,0,0
2,379200,True,True,0,0
2,379300,True,True,0,0
2,379400,True,True,0,0
2,379500,True,True,0,0
2,379600,True,True,0,0
2,379700,True,True,0,0
2,379800,True,True,0,0
2,379900,True,True,0,0
2,380000,True,True,0,0
2,380100,True,True,0,0
2,380200,True,True,0,0
2,380300,True,True,0,0
2,380400,True,True,0,0
2,380500,True,True,0,0
2,380600,True,True,0,0
2,380700,True,True,0,0
2,380800,True,True,0,0
2,380900,True,True,0,0
2,381000,True,True,0,0
2,381100,True,True,0,0
2,381200,True,True,0,0
2,381300,True,True,0,0
2,381400,True,True,0,0
2,381500,True,True,0,0
2,381600,True,True,0,0
2,381700,True,True,0,0
2,381800,True,True,0,0
2,381900,True,True,0,0
2,382000,True,True,0,0
2,382100,True,True,0,0
2,382200,True,True,0,0
2,382300,True,True,0,0
2,382400,True,True,0,0
2,382500,True,True,0,0
2,382600,True,True,0,0
2,382700,True,True,0,0
2,382800,True,True,0,0
2,382900,True,True,0,0
2,383000,True,True,0,0
2,383100,True,True,0,0
2,383200,True,True,0,0
2,383300,True,True,0,0
2,383400,True,True,0,0
2,383500,True,True,0,0
2,383600,True,True,0,0
2,383700,True,True,0,0
2,383800,True,True,0,0
2,383900,True,True,0,0
2,384000,True,True,0,0
2,384100,True,True,0,0
2,384200,True,True,0,0
2,384300,True,True,0,0
2,384400,True,True,0,0
2,384500,True,True,0,0
2,384600,True,True,0,0
2,384700,True,True,0,0
2,384800,True,True,0,0
2,384900,True,True,0,0
2,385000,True,True,0,0
2,385100,True,True,0,0
2,385200,True,True,0,0
2,385300,True,True,0,0
2,385400,True,True,0,0
2,385500,True,True,0,0
2,385600,True,True,0,0
2,385700,True,True,0,0
2,385800,True,True,0,0
2,385900,True,True,0,0
2,386000,True,True,0,0
2,386100,True,True,0,0
2,386200,True,True,0,0
2,386300,True,True,0,0
2,386400,True,True,0,0
2,386500,True,True,0,0
2,386600,True,True,0,0
2,386700,True,True,0,0
2,386800,True,True,0,0
2,386900,True,True,0,0
2,387000,True,True,0,0
2,387100,True,True,0,0
2,387200,True,True,0,0
2,387300,True,True,0,0
2,387400,True,True,0,0
2,387500,True,True,0,0
2,387600,True,True,0,0
2,387700,True,True,0,0
2,387800,True,True,0,0
2,387900,True,True,0,0
2,388000,True,True,0,0
2,388100,True,True,0,0
2,388200,True,True,0,0
2,388300,True,True,0,0
2,388400,True,True,0,0
2,388500,True,True,0,0
2,388600,True,True,0,0
2,388700,True,True,0,0
2,388800,True,True,0,0
2,388900,True,True,0,0
2,389000,True,True,0,0
2,389100,True,True,0,0
2,389200,True,True,0,0
2,389300,True,True,0,0
2,389400,True,True,0,0
2,389500,True,True,0,0
2,389600,True,True,0,0
2,389700,True,True,0,0
2,389800,True,True,0,0
2,389900,True,True,0,0
2,390000,True,True,0,0
2,390100,True,True,0,0
2,390200,True,True,0,0
2,390300,True,True,0,0
2,390400,True,True,0,0
2,390500,True,True,0,0
2,390600,True,True,0,0
2,390700,True,True,0,0
2,390800,True,True,0,0
2,390900,True,True,0,0
2,391000,True,True,0,0
2,391100,True,True,0,0
2,391200,True,True,0,0
2,391300,True,True,0,0
2,391400,True,True,0,0
2,391500,True,True,0,0
2,391600,True,True,0,0
2,391700,True,True,0,0
2,391800,True,True,0,0
2,391900,True,True,0,0
2,392000,True,True,0,0
2,392100,True,True,0,0
2,392200,True,True,0,0
2,392300,True,True,0,0
2,392400,True,True,0,0
2,392500,True,True,0,0
2,392600,True,True,0,0
2,392700,True,True,0,0
2,392800,True,True,0,0
2,392900,True,True,0,0
2,393000,True,True,0,0
2,393100,True,True,0,0
2,393200,True,True,0,0
2,393300,True,True,0,0
2,393400,True,True,0,0
2,393500,True,True,0,0
2,393600,True,True,0,0
2,393700,True,True,0,0
2,393800,True,True,0,0
2,393900,True,True,0,0
2,394000,True,True,0,0
2,394100,True,True,0,0
2,394200,True,True,0,0
2,394300,True,True,0,0
2,394400,True,True,0,0
2,394500,True,True,0,0
2,394600,True,True,0,0
2,394700,True,True,0,0
2,394800,True,True,0,0
2,394900,True,True,0,0
2,395000,True,True,0,0
2,395100,True,True,0,0
2,395200,True,True,0,0
2,395300,True,True,0,0
2,395400,True,True,0,0
2,395500,True,True,0,0
2,395600,True,True,0,0
2,395700,True,True,0,0
2,395800,True,True,0,0
2,395900,True,True,0,0
2,396000,True,True,0,0
2,396100,True,True,0,0
2,396200,True,True,0,0
2,396300,True,True,0,0
2,396400,True,True,0,0
2,396500,True,True,0,0
2,396600,True,True,0,0
2,396700,True,True,0,0
2,396800,True,True,0,0
2,396900,True,True,0,0
2,397000,True,True,0,0
2,397100,True,True,0,0
2,397200,True,True,0,0
2,397300,True,True,0,0
2,397400,True,True,0,0
2,397500,True,True,0,0
2,397600,True,True,0,0
2,397700,True,True,0,0
2,397800,True,True,0,0
2,397900,True,True,0,0
2,398000,True,True,0,0
2,398100,True,True,0,0
2,398200,True,True,0,0
2,398300,True,True,0,0
2,398400,True,True,0,0
2,398500,True,True,0,0
2,398600,True,True,0,0
2,398700,True,True,0,0
2,398800,True,True,0,0
2,398900,True,True,0,0
2,399000,True,True,0,0
2,399100,True,True,0,0
2,399200,True,True,0,0
2,399300,True,True,0,0
2,399400,True,True,0,0
2,399500,True,True,0,0
2,399600,True,True,0,0
2,399700,True,True,0,0
2,399800,True,True,0,0
2,399900,True,True,0,0
2,400000,True,True,0,0
2,400100,True,True,0,0
2,400200,True,True,0,0
2,400300,True,True,0,0
2,400400,True,True,0,0
2,400500,True,True,0,0
2,400600,True,True,0,0
2,400700,True,True,0,0
2,400800,True,True,0,0
2,400900,True,True,0,0
2,401000,True,True,0,0
2,401100,True,True,0,0
2,401200,True,True,0,0
2,401300,True,True,0,0
2,401400,True,True,0,0
2,401500,True,True,0,0
2,401600,True,True,0,0
2,401700,True,True,0,0
2,401800,True,True,0,0
2,401900,True,True,0,0
2,402000,True,True,0,0
2,402100,True,True,0,0
2,402200,True,True,0,0
2,402300,True,True,0,0
2,402400,True,True,0,0
2,402500,True,True,0,0
2,402600,True,True,0,0
2,402700,True,True,0,0
2,402800,True,True,0,0
2,402900,True,True,0,0
2,403000,True,True,0,0
2,403100,True,True,0,0
2,403200,True,True,0,0
2,403300,True,True,0,0
2,403400,True,True,0,0
2,403500,True,True,0,0
2,403600,True,True,0,0
2,403700,True,True,0,0
2,403800,True,True,0,0
2,403900,True,True,0,0
2,404000,True,True,0,0
2,404100,True,True,0,0
2,404200,True,True,0,0
2,404300,True,True,0,0
2,404400,True,True,0,0
2,404500,True,True,0,0
2,404600,True,True,0,0
2,404700,True,True,0,0
2,404800,True,True,0,0
2,404900,True,True,0,0
2,405000,True,True,0,0
2,405100,True,True,0,0
2,405200,True,True,0,0
2,405300,True,True,0,0
2,405400,True,True,0,0
2,405500,True,True,0,0
2,405600,True,True,0,0
2,405700,True,True,0,0
2,405800,True,True,0,0
2,405900,True,True,0,0
2,406000,True,True,0,0
2,406100,True,True,0,0
2,406200,True,True,0,0
2,406300,True,True,0,0
2,406400,True,True,0,0
2,406500,True,True,0,0
2,406600,True,True,0,0
2,406700,True,True,0,0
2,406800,True,True,0,0
2,406900,True,True,0,0
2,407000,True,True,0,0
2,407100,True,True,0,0
2,407200,True,True,0,0
2,407300,True,True,0,0
2,407400,True,True,0,0
2,407500,True,True,0,0
2,407600,True,True,0,0
2,407700,True,True,0,0
2,407800,True,True,0,0
2,407900,True,True,0,0
2,408000,True,True,0,0
2,408100,True,True,0,0
2,408200,True,True,0,0
2,408300,True,True,0,0
2,408400,True,True,0,0
2,408500,True,True,0,0
2,408600,True,True,0,0
2,408700,True,True,0,0
2,408800,True,True,0,0
2,408900,True,True,0,0
2,409000,True,True,0,0
2,409100,True,True,0,0
2,409200,True,True,0,0
2,409300,True,True,0,0
2,409400,True,True,0,0
2,409500,True,True,0,0
2,409600,True,True,0,0
2,409700,True,True,0,0
2,409800,True,True,0,0
2,409900,True,True,0,0
2,410000,True,True,0,0
2,410100,True,True,0,0
2,410200,True,True,0,0
2,410300,True,True,0,0
2,410400,True,True,0,0
2,410500,True,True,0,0
2,410600,True,True,0,0
2,410700,True,True,0,0
2,410800,True,True,0,0
2,410900,True,True,0,0
2,411000,True,True,0,0
2,411100,True,True,0,0
2,411200,True,True,0,0
2,411300,True,True,0,0
2,411400,True,True,0,0
2,411500,True,True,0,0
2,411600,True,True,0,0
2,411700,True,True,0,0
2,411800,True,True,0,0
2,411900,True,True,0,0
2,412000,True,True,0,0
2,412100,True,True,0,0
2,412200,True,True,0,0
2,412300,True,True,0,0
2,412400,True,True,0,0
2,412500,True,True,0,0
2,412600,True,True,0,0
2,412700,True,True,0,0
2,412800,True,True,0,0
2,412900,True,True,0,0
2,413000,True,True,0,0
2,413100,True,True,0,0
2,413200,True,True,0,0
2,413300,True,True,0,0
2,413400,True,True,0,0
2,413500,True,True,0,0
2,413600,True,True,0,0
2,413700,True,True,0,0
2,413800,True,True,0,0
2,413900,True,True,0,0
2,414000,True,True,0,0
2,414100,True,True,0,0
2,414200,True,True,0,0
2,414300,True,True,0,0
2,414400,True,True,0,0
2,414500,True,True,0,0
2,414600,True,True,0,0
2,414700,True,True,0,0
2,414800,True,True,0,0
2,414900,True,True,0,0
2,415000,True,True,0,0
2,415100,True,True,0,0
2,415200,True,True,0,0
2,415300,True,True,0,0
2,415400,True,True,0,0
2,415500,True,True,0,0
2,415600,True,True,0,0
2,415700,True,True,0,0
2,415800,True,True,0,0
2,415900,True,True,0,0
2,416000,True,True,0,0
2,416100,True,True,0,0
2,416200,True,True,0,0
2,416300,True,True,0,0
2,416400,True,True,0,0
2,416500,True,True,0,0
2,416600,True,True,0,0
2,416700,True,True,0,0
2,416800,True,True,0,0
2,416900,True,True,0,0
2,417000,True,True,0,0
2,417100,True,True,0,0
2,417200,True,True,0,0
2,417300,True,True,0,0
2,417400,True,True,0,0
2,417500,True,True,0,0
2,417600,True,True,0,0
2,417700,True,True,0,0
2,417800,True,True,0,0
2,417900,True,True,0,0
2,418000,True,True,0,0
2,418100,True,True,0,0
2,418200,True,True,0,0
2,418300,True,True,0,0
2,418400,True,True,0,0
2,418500,True,True,0,0
2,418600,True,True,0,0
2,418700,True,True,0,0
2,418800,True,True,0,0
2,418900,True,True,0,0
2,419000,True,True,0,0
2,419100,True,True,0,0
2,419200,True,True,0,0
2,419300,True,True,0,0
2,419400,True,True,0,0
2,419500,True,True,0,0
2,419600,True,True,0,0
2,419700,True,True,0,0
2,419800,True,True,0,0
2,419900,True,True,0,0
2,420000,True,True,0,0
2,420100,True,True,0,0
2,420200,True,True,0,0
2,420300,True,True,0,0
2,420400,True,True,0,0
2,420500,True,True,0,0
2,420600,True,True,0,0
2,420700,True,True,0,0
2,420800,True,True,0,0
2,420900,True,True,0,0
2,421000,True,True,0,0
2,421100,True,True,0,0
2,421200,True,True,0,0
2,421300,True,True,0,0
2,421400,True,True,0,0
2,421500,True,True,0,0
2,421600,True,True,0,0
2,421700,True,True,0,0
2,421800,True,True,0,0
2,421900,True,True,0,0
2,422000,True,True,0,0
2,422100,True,True,0,0
2,422200,True,True,0,0
2,422300,True,True,0,0
2,422400,True,True,0,0
2,422500,True,True,0,0
2,422600,True,True,0,0
2,422700,True,True,0,0
2,422800,True,True,0,0
2,422900,True,True,0,0
2,423000,True,True,0,0
2,423100,True,True,0,0
2,423200,True,True,0,0
2,423300,True,True,0,0
2,423400,True,True,0,0
2,423500,True,True,0,0
2,423600,True,True,0,0
2,423700,True,True,0,0
2,423800,True,True,0,0
2,423900,True,True,0,0
2,424000,True,True,0,0
2,424100,True,True,0,0
2,424200,True,True,0,0
2,424300,True,True,0,0
2,424400,True,True,0,0
2,424500,True,True,0,0
2,424600,True,True,0,0
2,424700,True,True,0,0
2,424800,True,True,0,0
2,424900,True,True,0,0
2,425000,True,True,0,0
2,425100,True,True,0,0
2,425200,True,True,0,0
2,425300,True,True,0,0
2,425400,True,True,0,0
2,425500,True,True,0,0
2,425600,True,True,0,0
2,425700,True,True,0,0
2,425800,True,True,0,0
2,425900,True,True,0,0
2,426000,True,True,0,0
2,426100,True,True,0,0
2,426200,True,True,0,0
2,426300,True,True,0,0
2,426400,True,True,0,0
2,426500,True,True,0,0
2,426600,True,True,0,0
2,426700,True,True,0,0
2,426800,True,True,0,0
2,426900,True,True,0,0
2,427000,True,True,0,0
2,427100,True,True,0,0
2,427200,True,True,0,0
2,427300,True,True,0,0
2,427400,True,True,0,0
2,427500,True,True,0,0
2,427600,True,True,0,0
2,427700,True,True,0,0
2,427800,True,True,0,0
2,427900,True,True,0,0
2,428000,True,True,0,0
2,428100,True,True,0,0
2,428200,True,True,0,0
2,428300,True,True,0,0
2,428400,True,True,0,0
2,428500,True,True,0,0
2,428600,True,True,0,0
2,428700,True,True,0,0
2,428800,True,True,0,0
2,428900,True,True,0,0
2,429000,True,True,0,0
2,429100,True,True,0,0
2,429200,True,True,0,0
2,429300,True,True,0,0
2,429400,True,True,0,0
2,429500,True,True,0,0
2,429600,True,True,0,0
2,429700,True,True,0,0
2,429800,True,True,0,0
2,429900,True,True,0,0
2,430000,True,True,0,0
2,430100,True,True,0,0
2,430200,True,True,0,0
2,430300,True,True,0,0
2,430400,True,True,0,0
2,430500,True,True,0,0
2,430600,True,True,0,0
2,430700,True,True,0,0
2,430800,True,True,0,0
2,430900,True,True,0,0
2,431000,True,True,0,0
2,431100,True,True,0,0
2,431200,True,True,0,0
2,431300,True,True,0,0
2,431400,True,True,0,0
2,431500,True,True,0,0
2,431600,True,True,0,0
2,431700,True,True,0,0
2,431800,True,True,0,0
2,431900,True,True,0,0
2,432000,True,True,0,0
2,432100,True,True,0,0
2,432200,True,True,0,0
2,432300,True,True,0,0
2,432400,True,True,0,0
2,432500,True,True,0,0
2,432600,True,True,0,0
2,432700,True,True,0,0
2,432800,True,True,0,0
2,432900,True,True,0,0
2,433000,True,True,0,0
2,433100,True,True,0,0
2,433200,True,True,0,0
2,433300,True,True,0,0
2,433400,True,True,0,0
2,433500,True,True,0,0
2,433600,True,True,0,0
2,433700,True,True,0,0
2,433800,True,True,0,0
2,433900,True,True,0,0
2,434000,True,True,0,0
2,434100,True,True,0,0
2,434200,True,True,0,0
2,434300,True,True,0,0
2,434400,True,True,0,0
2,434500,True,True,0,0
2,434600,True,True,0,0
2,434700,True,True,0,0
2,434800,True,True,0,0
2,434900,True,True,0,0
2,435000,True,True,0,0
2,435100,True,True,0,0
2,435200,True,True,0,0
2,435300,True,True,0,0
2,435400,True,True,0,0
2,435500,True,True,0,0
2,435600,True,True,0,0
2,435700,True,True,0,0
2,435800,True,True,0,0
2,435900,True,True,0,0
2,436000,True,True,0,0
2,436100,True,True,0,0
2,436200,True,True,0,0
2,436300,True,True,0,0
2,436400,True,True,0,0
2,436500,True,True,0,0
2,436600,True,True,0,0
2,436700,True,True,0,0
2,436800,True,True,0,0
2,436900,True,True,0,0
2,437000,True,True,0,0
2,437100,True,True,0,0
2,437200,True,True,0,0
2,437300,True,True,0,0
2,437400,True,True,0,0
2,437500,True,True,0,0
2,437600,True,True,0,0
2,437700,True,True,0,0
2,437800,True,True,0,0
2,437900,True,True,0,0
2,438000,True,True,0,0
2,438100,True,True,0,0
2,438200,True,True,0,0
2,438300,True,True,0,0
2,438400,True,True,0,0
2,438500,True,True,0,0
2,438600,True,True,0,0
2,438700,True,True,0,0
2,438800,True,True,0,0
2,438900,True,True,0,0
2,439000,True,True,0,0
2,439100,True,True,0,0
2,439200,True,True,0,0
2,439300,True,True,0,0
2,439400,True,True,0,0
2,439500,True,True,0,0
2,439600,True,True,0,0
2,439700,True,True,0,0
2,439800,True,True,0,0
2,439900,True,True,0,0
2,440000,True,True,0,0
2,440100,True,True,0,0
2,440200,True,True,0,0
2,440300,True,True,0,0
2,440400,True,True,0,0
2,440500,True,True,0,0
2,440600,True,True,0,0
2,440700,True,True,0,0
2,440800,True,True,0,0
2,440900,True,True,0,0
2,441000,True,True,0,0
2,441100,True,True,0,0
2,441200,True,True,0,0
2,441300,True,True,0,0
2,441400,True,True,0,0
2,441500,True,True,0,0
2,441600,True,True,0,0
2,441700,True,True,0,0
2,441800,True,True,0,0
2,441900,True,True,0,0
2,442000,True,True,0,0
2,442100,True,True,0,0
2,442200,True,True,0,0
2,442300,True,True,0,0
2,442400,True,True,0,0
2,442500,True,True,0,0
2,442600,True,True,0,0
2,442700,True,True,0,0
2,442800,True,True,0,0
2,442900,True,True,0,0
2,443000,True,True,0,0
2,443100,True,True,0,0
2,443200,True,True,0,0
2,443300,True,True,0,0
2,443400,True,True,0,0
2,443500,True,True,0,0
2,443600,True,True,0,0
2,443700,True,True,0,0
2,443800,True,True,0,0
2,443900,True,True,0,0
2,444000,True,True,0,0
2,444100,True,True,0,0
2,444200,True,True,0,0
2,444300,True,True,0,0
2,444400,True,True,0,0
2,444500,True,True,0,0
2,444600,True,True,0,0
2,444700,True,True,0,0
2,444800,True,True,0,0
2,444900,True,True,0,0
2,445000,True,True,0,0
2,445100,True,True,0,0
2,445200,True,True,0,0
2,445300,True,True,0,0
2,445400,True,True,0,0
2,445500,True,True,0,0
2,445600,True,True,0,0
2,445700,True,True,0,0
2,445800,True,True,0,0
2,445900,True,True,0,0
2,446000,True,True,0,0
2,446100,True,True,0,0
2,446200,True,True,0,0
2,446300,True,True,0,0
2,446400,True,True,0,0
2,446500,True,True,0,0
2,446600,True,True,0,0
2,446700,True,True,0,0
2,446800,True,True,0,0
2,446900,True,True,0,0
2,447000,True,True,0,0
2,447100,True,True,0,0
2,447200,True,True,0,0
2,447300,True,True,0,0
2,447400,True,True,0,0
2,447500,True,True,0,0
2,447600,True,True,0,0
2,447700,True,True,0,0
2,447800,True,True,0,0
2,447900,True,True,0,0
2,448000,True,True,0,0
2,448100,True,True,0,0
2,448200,True,True,0,0
2,448300,True,True,0,0
2,448400,True,True,0,0
2,448500,True,True,0,0
2,448600,True,True,0,0
2,448700,True,True,0,0
2,448800,True,True,0,0
2,448900,True,True,0,0
2,449000,True,True,0,0
2,449100,True,True,0,0
2,449200,True,True,0,0
2,449300,True,True,0,0
2,449400,True,True,0,0
2,449500,True,True,0,0
2,449600,True,True,0,0
2,449700,True,True,0,0
2,449800,True,True,0,0
2,449900,True,True,0,0
2,450000,True,True,0,0
2,450100,True,True,0,0
2,450200,True,True,0,0
2,450300,True,True,0,0
2,450400,True,True,0,0
2,450500,True,True,0,0
2,450600,True,True,0,0
2,450700,True,True,0,0
2,450800,True,True,0,0
2,450900,True,True,0,0
2,451000,True,True,0,0
2,451100,True,True,0,0
2,451200,True,True,0,0
2,451300,True,True,0,0
2,451400,True,True,0,0
2,451500,True,True,0,0
2,451600,True,True,0,0
2,451700,True,True,0,0
2,451800,True,True,0,0
2,451900,True,True,0,0
2,452000,True,True,0,0
2,452100,True,True,0,0
2,452200,True,True,0,0
2,452300,True,True,0,0
2,452400,True,True,0,0
2,452500,True,True,0,0
2,452600,True,True,0,0
2,452700,True,True,0,0
2,452800,True,True,0,0
2,452900,True,True,0,0
2,453000,True,True,0,0
2,453100,True,True,0,0
2,453200,True,True,0,0
2,453300,True,True,0,0
2,453400,True,True,0,0
2,453500,True,True,0,0
2,453600,True,True,0,0
2,453700,True,True,0,0
2,453800,True,True,0,0
2,453900,True,True,0,0
2,454000,True,True,0,0
2,454100,True,True,0,0
2,454200,True,True,0,0
2,454300,True,True,0,0
2,454400,True,True,0,0
2,454500,True,True,0,0
2,454600,True,True,0,0
2,454700,True,True,0,0
2,454800,True,True,0,0
2,454900,True,True,0,0
2,455000,True,True,0,0
2,455100,True,True,0,0
2,455200,True,True,0,0
2,455300,True,True,0,0
2,455400,True,True,0,0
2,455500,True,True,0,0
2,455600,True,True,0,0
2,455700,True,True,0,0
2,455800,True,True,0,0
2,455900,True,True,0,0
2,456000,True,True,0,0
2,456100,True,True,0,0
2,456200,True,True,0,0
2,456300,True,True,0,0
2,456400,True,True,0,0
2,456500,True,True,0,0
2,456600,True,True,0,0
2,456700,True,True,0,0
2,456800,True,True,0,0
2,456900,True,True,0,0
2,457000,True,True,0,0
2,457100,True,True,0,0
2,457200,True,True,0,0
2,457300,True,True,0,0
2,457400,True,True,0,0
2,457500,True,True,0,0
2,457600,True,True,0,0
2,457700,True,True,0,0
2,457800,True,True,0,0
2,457900,True,True,0,0
2,458000,True,True,0,0
2,458100,True,True,0,0
2,458200,True,True,0,0
2,458300,True,True,0,0
2,458400,True,True,0,0
2,458500,True,True,0,0
2,458600,True,True,0,0
2,458700,True,True,0,0
2,458800,True,True,0,0
2,458900,True,True,0,0
2,459000,True,True,0,0
2,459100,True,True,0,0
2,459200,True,True,0,0
2,459300,True,True,0,0
2,459400,True,True,0,0
2,459500,True,True,0,0
2,459600,True,True,0,0
2,459700,True,True,0,0
2,459800,True,True,0,0
2,459900,True,True,0,0
2,460000,True,True,0,0
2,460100,True,True,0,0
2,460200,True,True,0,0
2,460300,True,True,0,0
2,460400,True,True,0,0
2,460500,True,True,0,0
2,460600,True,True,0,0
2,460700,True,True,0,0
2,460800,True,True,0,0
2,460900,True,True,0,0
2,461000,True,True,0,0
2,461100,True,True,0,0
2,461200,True,True,0,0
2,461300,True,True,0,0
2,461400,True,True,0,0
2,461500,True,True,0,0
2,461600,True,True,0,0
2,461700,True,True,0,0
2,461800,True,True,0,0
2,461900,True,True,0,0
2,462000,True,True,0,0
2,462100,True,True,0,0
2,462200,True,True,0,0
2,462300,True,True,0,0
2,462400,True,True,0,0
2,462500,True,True,0,0
2,462600,True,True,0,0
2,462700,True,True,0,0
2,462800,True,True,0,0
2,462900,True,True,0,0
2,463000,True,True,0,0
2,463100,True,True,0,0
2,463200,True,True,0,0
2,463300,True,True,0,0
2,463400,True,True,0,0
2,463500,True,True,0,0
2,463600,True,True,0,0
2,463700,True,True,0,0
2,463800,True,True,0,0
2,463900,True,True,0,0
2,464000,True,True,0,0
2,464100,True,True,0,0
2,464200,True,True,0,0
2,464300,True,True,0,0
2,464400,True,True,0,0
2,464500,True,True,0,0
2,464600,True,True,0,0
2,464700,True,True,0,0
2,464800,True,True,0,0
2,464900,True,True,0,0
2,465000,True,True,0,0
2,465100,True,True,0,0
2,465200,True,True,0,0
2,465300,True,True,0,0
2,465400,True,True,0,0
2,465500,True,True,0,0
2,465600,True,True,0,0
2,465700,True,True,0,0
2,465800,True,True,0,0
2,465900,True,True,0,0
2,466000,True,True,0,0
2,466100,True,True,0,0
2,466200,True,True,0,0
2,466300,True,True,0,0
2,466400,True,True,0,0
2,466500,True,True,0,0
2,466600,True,True,0,0
2,466700,True,True,0,0
2,466800,True,True,0,0
2,466900,True,True,0,0
2,467000,True,True,0,0
2,467100,True,True,0,0
2,467200,True,True,0,0
2,467300,True,True,0,0
2,467400,True,True,0,0
2,467500,True,True,0,0
2,467600,True,True,0,0
2,467700,True,True,0,0
2,467800,True,True,0,0
2,467900,True,True,0,0
2,468000,True,True,0,0
2,468100,True,True,0,0
2,468200,True,True,0,0
2,468300,True,True,0,0
2,468400,True,True,0,0
2,468500,True,True,0,0
2,468600,True,True,0,0
2,468700,True,True,0,0
2,468800,True,True,0,0
2,468900,True,True,0,0
2,469000,True,True,0,0
2,469100,True,True,0,0
2,469200,True,True,0,0
2,469300,True,True,0,0
2,469400,True,True,0,0
2,469500,True,True,0,0
2,469600,True,True,0,0
2,469700,True,True,0,0
2,469800,True,True,0,0
2,469900,True,True,0,0
2,470000,True,True,0,0
2,470100,True,True,0,0
2,470200,True,True,0,0
2,470300,True,True,0,0
2,470400,True,True,0,0
2,470500,True,True,0,0
2,470600,True,True,0,0
2,470700,True,True,0,0
2,470800,True,True,0,0
2,470900,True,True,0,0
2,471000,True,True,0,0
2,471100,True,True,0,0
2,471200,True,True,0,0
2,471300,True,True,0,0
2,471400,True,True,0,0
2,471500,True,True,0,0
2,471600,True,True,0,0
2,471700,True,True,0,0
2,471800,True,True,0,0
2,471900,True,True,0,0
2,472000,True,True,0,0
2,472100,True,True,0,0
2,472200,True,True,0,0
2,472300,True,True,0,0
2,472400,True,True,0,0
2,472500,True,True,0,0
2,472600,True,True,0,0
2,472700,True,True,0,0
2,472800,True,True,0,0
2,472900,True,True,0,0
2,473000,True,True,0,0
2,473100,True,True,0,0
2,473200,True,True,0,0
2,473300,True,True,0,0
2,473400,True,True,0,0
2,473500,True,True,0,0
2,473600,True,True,0,0
2,473700,True,True,0,0
2,473800,True,True,0,0
2,473900,True,True,0,0
2,474000,True,True,0,0
2,474100,True,True,0,0
2,474200,True,True,0,0
2,474300,True,True,0,0
2,474400,True,True,0,0
2,474500,True,True,0,0
2,474600,True,True,0,0
2,474700,True,True,0,0
2,474800,True,True,0,0
2,474900,True,True,0,0
2,475000,True,True,0,0
2,475100,True,True,0,0
2,475200,True,True,0,0
2,475300,True,True,0,0
2,475400,True,True,0,0
2,475500,True,True,0,0
2,475600,True,True,0,0
2,475700,True,True,0,0
2,475800,True,True,0,0
2,475900,True,True,0,0
2,476000,True,True,0,0
2,476100,True,True,0,0
2,476200,True,True,0,0
2,476300,True,True,0,0
2,476400,True,True,0,0
2,476500,True,True,0,0
2,476600,True,True,0,0
2,476700,True,True,0,0
2,476800,True,True,0,0
2,476900,True,True,0,0
2,477000,True,True,0,0
2,477100,True,True,0,0
2,477200,True,True,0,0
2,477300,True,True,0,0
2,477400,True,True,0,0
2,477500,True,True,0,0
2,477600,True,True,0,0
2,477700,True,True,0,0
2,477800,True,True,0,0
2,477900,True,True,0,0
2,478000,True,True,0,0
2,478100,True,True,0,0
2,478200,True,True,0,0
2,478300,True,True,0,0
2,478400,True,True,0,0
2,478500,True,True,0,0
2,478600,True,True,0,0
2,478700,True,True,0,0
2,478800,True,True,0,0
2,478900,True,True,0,0
2,479000,True,True,0,0
2,479100,True,True,0,0
2,479200,True,True,0,0
2,479300,True,True,0,0
2,479400,True,True,0,0
2,479500,True,True,0,0
2,479600,True,True,0,0
2,479700,True,True,0,0
2,479800,True,True,0,0
2,479900,True,True,0,0
2,480000,True,True,0,0
2,480100,True,True,0,0
2,480200,True,True,0,0
2,480300,True,True,0,0
2,480400,True,True,0,0
2,480500,True,True,0,0
2,480600,True,True,0,0
2,480700,True,True,0,0
2,480800,True,True,0,0
2,480900,True,True,0,0
2,481000,True,True,0,0
2,481100,True,True,0,0
2,481200,True,True,0,0
2,481300,True,True,0,0
2,481400,True,True,0,0
2,481500,True,True,0,0
2,481600,True,True,0,0
2,481700,True,True,0,0
2,481800,True,True,0,0
2,481900,True,True,0,0
2,482000,True,True,0,0
2,482100,True,True,0,0
2,482200,True,True,0,0
2,482300,True,True,0,0
2,482400,True,True,0,0
2,482500,True,True,0,0
2,482600,True,True,0,0
2,482700,True,True,0,0
2,482800,True,True,0,0
2,482900,True,True,0,0
2,483000,True,True,0,0
2,483100,True,True,0,0
2,483200,True,True,0,0
2,483300,True,True,0,0
2,483400,True,True,0,0
2,483500,True,True,0,0
2,483600,True,True,0,0
2,483700,True,True,0,0
2,483800,True,True,0,0
2,483900,True,True,0,0
2,484000,True,True,0,0
2,484100,True,True,0,0
2,484200,True,True,0,0
2,484300,True,True,0,0
2,484400,True,True,0,0
2,484500,True,True,0,0
2,484600,True,True,0,0
2,484700,True,True,0,0
2,484800,True,True,0,0
2,484900,True,True,0,0
2,485000,True,True,0,0
2,485100,True,True,0,0
2,485200,True,True,0,0
2,485300,True,True,0,0
2,485400,True,True,0,0
2,485500,True,True,0,0
2,485600,True,True,0,0
2,485700,True,True,0,0
2,485800,True,True,0,0
2,485900,True,True,0,0
2,486000,True,True,0,0
2,486100,True,True,0,0
2,486200,True,True,0,0
2,486300,True,True,0,0
2,486400,True,True,0,0
2,486500,True,True,0,0
2,486600,True,True,0,0
2,486700,True,True,0,0
2,486800,True,True,0,0
2,486900,True,True,0,0
2,487000,True,True,0,0
2,487100,True,True,0,0
2,487200,True,True,0,0
2,487300,True,True,0,0
2,487400,True,True,0,0
2,487500,True,True,0,0
2,487600,True,True,0,0
2,487700,True,True,0,0
2,487800,True,True,0,0
2,487900,True,True,0,0
2,488000,True,True,0,0
2,488100,True,True,0,0
2,488200,True,True,0,0
2,488300,True,True,0,0
2,488400,True,True,0,0
2,488500,True,True,0,0
2,488600,True,True,0,0
2,488700,True,True,0,0
2,488800,True,True,0,0
2,488900,True,True,0,0
2,489000,True,True,0,0
2,489100,True,True,0,0
2,489200,True,True,0,0
2,489300,True,True,0,0
2,489400,True,True,0,0
2,489500,True,True,0,0
2,489600,True,True,0,0
2,489700,True,True,0,0
2,489800,True,True,0,0
2,489900,True,True,0,0
2,490000,True,True,0,0
2,490100,True,True,0,0
2,490200,True,True,0,0
2,490300,True,True,0,0
2,490400,True,True,0,0
2,490500,True,True,0,0
2,490600,True,True,0,0
2,490700,True,True,0,0
2,490800,True,True,0,0
2,490900,True,True,0,0
2,491000,True,True,0,0
2,491100,True,True,0,0
2,491200,True,True,0,0
2,491300,True,True,0,0
2,491400,True,True,0,0
2,491500,True,True,0,0
2,491600,True,True,0,0
2,491700,True,True,0,0
2,491800,True,True,0,0
2,491900,True,True,0,0
2,492000,True,True,0,0
2,492100,True,True,0,0
2,492200,True,True,0,0
2,492300,True,True,0,0
2,492400,True,True,0,0
2,492500,True,True,0,0
2,492600,True,True,0,0
2,492700,True,True,0,0
2,492800,True,True,0,0
2,492900,True,True,0,0
2,493000,True,True,0,0
2,493100,True,True,0,0
2,493200,True,True,0,0
2,493300,True,True,0,0
2,493400,True,True,0,0
2,493500,True,True,0,0
2,493600,True,True,0,0
2,493700,True,True,0,0
2,493800,True,True,0,0
2,493900,True,True,0,0
2,494000,True,True,0,0
2,494100,True,True,0,0
2,494200,True,True,0,0
2,494300,True,True,0,0
2,494400,True,True,0,0
2,494500,True,True,0,0
2,494600,True,True,0,0
2,494700,True,True,0,0
2,494800,True,True,0,0
2,494900,True,True,0,0
2,495000,True,True,0,0
2,495100,True,True,0,0
2,495200,True,True,0,0
2,495300,True,True,0,0
2,495400,True,True,0,0
2,495500,True,True,0,0
2,495600,True,True,0,0
2,495700,True,True,0,0
2,495800,True,True,0,0
2,495900,True,True,0,0
2,496000,True,True,0,0
2,496100,True,True,0,0
2,496200,True,True,0,0
2,496300,True,True,0,0
2,496400,True,True,0,0
2,496500,True,True,0,0
2,496600,True,True,0,0
2,496700,True,True,0,0
2,496800,True,True,0,0
2,496900,True,True,0,0
2,497000,True,True,0,0
2,497100,True,True,0,0
2,497200,True,True,0,0
2,497300,True,True,0,0
2,497400,True,True,0,0
2,497500,True,True,0,0
2,497600,True,True,0,0
2,497700,True,True,0,0
2,497800,True,True,0,0
2,497900,True,True,0,0
2,498000,True,True,0,0
2,498100,True,True,0,0
2,498200,True,True,0,0
2,498300,True,True,0,0
2,498400,True,True,0,0
2,498500,True,True,0,0
2,498600,True,True,0,0
2,498700,True,True,0,0
2,498800,True,True,0,0
2,498900,True,True,0,0
2,499000,True,True,0,0
2,499100,True,True,0,0
2,499200,True,True,0,0
2,499300,True,True,0,0
2,499400,True,True,0,0
2,499500,True,True,0,0
2,499600,True,True,0,0
2,499700,True,True,0,0
2,499800,True,True,0,0
2,499900,True,True,0,0
2,500000,True,True,0,0
2,500100,True,True,0,0
2,500200,True,True,0,0
2,500300,True,True,0,0
2,500400,True,True,0,0
2,500500,True,True,0,0
2,500600,True,True,0,0
2,500700,True,True,0,0
2,500800,True,True,0,0
2,500900,True,True,0,0
2,501000,True,True,0,0
2,501100,True,True,0,0
2,501200,True,True,0,0
2,501300,True,True,0,0
2,501400,True,True,0,0
2,501500,True,True,0,0
2,501600,True,True,0,0
2,501700,True,True,0,0
2,501800,True,True,0,0
2,501900,True,True,0,0
2,502000,True,True,0,0
2,502100,True,True,0,0
2,502200,True,True,0,0
2,502300,True,True,0,0
2,502400,True,True,0,0
2,502500,True,True,0,0
2,502600,True,True,0,0
2,502700,True,True,0,0
2,502800,True,True,0,0
2,502900,True,True,0,0
2,503000,True,True,0,0
2,503100,True,True,0,0
2,503200,True,True,0,0
2,503300,True,True,0,0
2,503400,True,True,0,0
2,503500,True,True,0,0
2,503600,True,True,0,0
2,503700,True,True,0,0
2,503800,True,True,0,0
2,503900,True,True,0,0
2,504000,True,True,0,0
2,504100,True,True,0,0
2,504200,True,True,0,0
2,504300,True,True,0,0
2,504400,True,True,0,0
2,504500,True,True,0,0
2,504600,True,True,0,0
2,504700,True,True,0,0
2,504800,True,True,0,0
2,504900,True,True,0,0
2,505000,True,True,0,0
2,505100,True,True,0,0
2,505200,True,True,0,0
2,505300,True,True,0,0
2,505400,True,True,0,0
2,505500,True,True,0,0
2,505600,True,True,0,0
2,505700,True,True,0,0
2,505800,True,True,0,0
2,505900,True,True,0,0
2,506000,True,True,0,0
2,506100,True,True,0,0
2,506200,True,True,0,0
2,506300,True,True,0,0
2,506400,True,True,0,0
2,506500,True,True,0,0
2,506600,True,True,0,0
2,506700,True,True,0,0
2,506800,True,True,0,0
2,506900,True,True,0,0
2,507000,True,True,0,0
2,507100,True,True,0,0
2,507200,True,True,0,0
2,507300,True,True,0,0
2,507400,True,True,0,0
2,507500,True,True,0,0
2,507600,True,True,0,0
2,507700,True,True,0,0
2,507800,True,True,0,0
2,507900,True,True,0,0
2,508000,True,True,0,0
2,508100,True,True,0,0
2,508200,True,True,0,0
2,508300,True,True,0,0
2,508400,True,True,0,0
2,508500,True,True,0,0
2,508600,True,True,0,0
2,508700,True,True,0,0
2,508800,True,True,0,0
2,508900,True,True,0,0
2,509000,True,True,0,0
2,509100,True,True,0,0
2,509200,True,True,0,0
2,509300,True,True,0,0
2,509400,True,True,0,0
2,509500,True,True,0,0
2,509600,True,True,0,0
2,509700,True,True,0,0
2,509800,True,True,0,0
2,509900,True,True,0,0
2,510000,True,True,0,0
2,510100,True,True,0,0
2,510200,True,True,0,0
2,510300,True,True,0,0
2,510400,True,True,0,0
2,510500,True,True,0,0
2,510600,True,True,0,0
2,510700,True,True,0,0
2,510800,True,True,0,0
2,510900,True,True,0,0
2,511000,True,True,0,0
2,511100,True,True,0,0
2,511200,True,True,0,0
2,511300,True,True,0,0
2,511400,True,True,0,0
2,511500,True,True,0,0
2,511600,True,True,0,0
2,511700,True,True,0,0
2,511800,True,True,0,0
2,511900,True,True,0,0
2,512000,True,True,0,0
2,512100,True,True,0,0
2,512200,True,True,0,0
2,512300,True,True,0,0
2,512400,True,True,0,0
2,512500,True,True,0,0
2,512600,True,True,0,0
2,512700,True,True,0,0
2,512800,True,True,0,0
2,512900,True,True,0,0
2,513000,True,True,0,0
2,513100,True,True,0,0
2,513200,True,True,0,0
2,513300,True,True,0,0
2,513400,True,True,0,0
2,513500,True,True,0,0
2,513600,True,True,0,0
2,513700,True,True,0,0
2,513800,True,True,0,0
2,513900,True,True,0,0
2,514000,True,True,0,0
2,514100,True,True,0,0
2,514200,True,True,0,0
2,514300,True,True,0,0
2,514400,True,True,0,0
2,514500,True,True,0,0
2,514600,True,True,0,0
2,514700,True,True,0,0
2,514800,True,True,0,0
2,514900,True,True,0,0
2,515000,True,True,0,0
2,515100,True,True,0,0
2,515200,True,True,0,0
2,515300,True,True,0,0
2,515400,True,True,0,0
2,515500,True,True,0,0
2,515600,True,True,0,0
2,515700,True,True,0,0
2,515800,True,True,0,0
2,515900,True,True,0,0
2,516000,True,True,0,0
2,516100,True,True,0,0
2,516200,True,True,0,0
2,516300,True,True,0,0
2,516400,True,True,0,0
2,516500,True,True,0,0
2,516600,True,True,0,0
2,516700,True,True,0,0
2,516800,True,True,0,0
2,516900,True,True,0,0
2,517000,True,True,0,0
2,517100,True,True,0,0
2,517200,True,True,0,0
2,517300,True,True,0,0
2,517400,True,True,0,0
2,517500,True,True,0,0
2,517600,True,True,0,0
2,517700,True,True,0,0
2,517800,True,True,0,0
2,517900,True,True,0,0
2,518000,True,True,0,0
2,518100,True,True,0,0
2,518200,True,True,0,0
2,518300,True,True,0,0
2,518400,True,True,0,0
2,518500,True,True,0,0
2,518600,True,True,0,0
2,518700,True,True,0,0
2,518800,True,True,0,0
2,518900,True,True,0,0
2,519000,True,True,0,0
2,519100,True,True,0,0
2,519200,True,True,0,0
2,519300,True,True,0,0
2,519400,True,True,0,0
2,519500,True,True,0,0
2,519600,True,True,0,0
2,519700,True,True,0,0
2,519800,True,True,0,0
2,519900,True,True,0,0
2,520000,True,True,0,0
2,520100,True,True,0,0
2,520200,True,True,0,0
2,520300,True,True,0,0
2,520400,True,True,0,0
2,520500,True,True,0,0
2,520600,True,True,0,0
2,520700,True,True,0,0
2,520800,True,True,0,0
2,520900,True,True,0,0
2,521000,True,True,0,0
2,521100,True,True,0,0
2,521200,True,True,0,0
2,521300,True,True,0,0
2,521400,True,True,0,0
2,521500,True,True,0,0
2,521600,True,True,0,0
2,521700,True,True,0,0
2,521800,True,True,0,0
2,521900,True,True,0,0
2,522000,True,True,0,0
2,522100,True,True,0,0
2,522200,True,True,0,0
2,522300,True,True,0,0
2,522400,True,True,0,0
2,522500,True,True,0,0
2,522600,True,True,0,0
2,522700,True,True,0,0
2,522800,True,True,0,0
2,522900,True,True,0,0
2,523000,True,True,0,0
2,523100,True,True,0,0
2,523200,True,True,0,0
2,523300,True,True,0,0
2,523400,True,True,0,0
2,523500,True,True,0,0
2,523600,True,True,0,0
2,523700,True,True,0,0
2,523800,True,True,0,0
2,523900,True,True,0,0
2,524000,True,True,0,0
2,524100,True,True,0,0
2,524200,True,True,0,0
2,524300,True,True,0,0
2,524400,True,True,0,0
2,524500,True,True,0,0
2,524600,True,True,0,0
2,524700,True,True,0,0
2,524800,True,True,0,0
2,524900,True,True,0,0
2,525000,True,True,0,0
2,525100,True,True,0,0
2,525200,True,True,0,0
2,525300,True,True,0,0
2,525400,True,True,0,0
2,525500,True,True,0,0
2,525600,True,True,0,0
2,525700,True,True,0,0
2,525800,True,True,0,0
2,525900,True,True,0,0
2,526000,True,True,0,0
2,526100,True,True,0,0
2,526200,True,True,0,0
2,526300,True,True,0,0
2,526400,True,True,0,0
2,526500,True,True,0,0
2,526600,True,True,0,0
2,526700,True,True,0,0
2,526800,True,True,0,0
2,526900,True,True,0,0
2,527000,True,True,0,0
2,527100,True,True,0,0
2,527200,True,True,0,0
2,527300,True,True,0,0
2,527400,True,True,0,0
2,527500,True,True,0,0
2,527600,True,True,0,0
2,527700,True,True,0,0
2,527800,True,True,0,0
2,527900,True,True,0,0
2,528000,True,True,0,0
2,528100,True,True,0,0
2,528200,True,True,0,0
2,528300,True,True,0,0
2,528400,True,True,0,0
2,528500,True,True,0,0
2,528600,True,True,0,0
2,528700,True,True,0,0
2,528800,True,True,0,0
2,528900,True,True,0,0
2,529000,True,True,0,0
2,529100,True,True,0,0
2,529200,True,True,0,0
2,529300,True,True,0,0
2,529400,True,True,0,0
2,529500,True,True,0,0
2,529600,True,True,0,0
2,529700,True,True,0,0
2,529800,True,True,0,0
2,529900,True,True,0,0
2,530000,True,True,0,0
2,530100,True,True,0,0
2,530200,True,True,0,0
2,530300,True,True,0,0
2,530400,True,True,0,0
2,530500,True,True,0,0
2,530600,True,True,0,0
2,530700,True,True,0,0
2,530800,True,True,0,0
2,530900,True,True,0,0
2,531000,True,True,0,0
2,531100,True,True,0,0
2,531200,True,True,0,0
2,531300,True,True,0,0
2,531400,True,True,0,0
2,531500,True,True,0,0
2,531600,True,True,0,0
2,531700,True,True,0,0
2,531800,True,True,0,0
2,531900,True,True,0,0
2,532000,True,True,0,0
2,532100,True,True,0,0
2,532200,True,True,0,0
2,532300,True,True,0,0
2,532400,True,True,0,0
2,532500,True,True,0,0
2,532600,True,True,0,0
2,532700,True,True,0,0
2,532800,True,True,0,0
2,532900,True,True,0,0
2,533000,True,True,0,0
2,533100,True,True,0,0
2,533200,True,True,0,0
2,533300,True,True,0,0
2,533400,True,True,0,0
2,533500,True,True,0,0
2,533600,True,True,0,0
2,533700,True,True,0,0
2,533800,True,True,0,0
2,533900,True,True,0,0
2,534000,True,True,0,0
2,534100,True,True,0,0
2,534200,True,True,0,0
2,534300,True,True,0,0
2,534400,True,True,0,0
2,534500,True,True,0,0
2,534600,True,True,0,0
2,534700,True,True,0,0
2,534800,True,True,0,0
2,534900,True,True,0,0
2,535000,True,True,0,0
2,535100,True,True,0,0
2,535200,True,True,0,0
2,535300,True,True,0,0
2,535400,True,True,0,0
2,535500,True,True,0,0
2,535600,True,True,0,0
2,535700,True,True,0,0
2,535800,True,True,0,0
2,535900,True,True,0,0
2,536000,True,True,0,0
2,536100,True,True,0,0
2,536200,True,True,0,0
2,536300,True,True,0,0
2,536400,True,True,0,0
2,536500,True,True,0,0
2,536600,True,True,0,0
2,536700,True,True,0,0
2,536800,True,True,0,0
2,536900,True,True,0,0
2,537000,True,True,0,0
2,537100,True,True,0,0
2,537200,True,True,0,0
2,537300,True,True,0,0
2,537400,True,True,0,0
2,537500,True,True,0,0
2,537600,True,True,0,0
2,537700,True,True,0,0
2,537800,True,True,0,0
2,537900,True,True,0,0
2,538000,True,True,0,0
2,538100,True,True,0,0
2,538200,True,True,0,0
2,538300,True,True,0,0
2,538400,True,True,0,0
2,538500,True,True,0,0
2,538600,True,True,0,0
2,538700,True,True,0,0
2,538800,True,True,0,0
2,538900,True,True,0,0
2,539000,True,True,0,0
2,539100,True,True,0,0
2,539200,True,True,0,0
2,539300,True,True,0,0
2,539400,True,True,0,0
2,539500,True,True,0,0
2,539600,True,True,0,0
2,539700,True,True,0,0
2,539800,True,True,0,0
2,539900,True,True,0,0
2,540000,True,True,0,0
2,540100,True,True,0,0
2,540200,True,True,0,0
2,540300,True,True,0,0
2,540400,True,True,0,0
2,540500,True,True,0,0
2,540600,True,True,0,0
2,540700,True,True,0,0
2,540800,True,True,0,0
2,540900,True,True,0,0
2,541000,True,True,0,0
2,541100,True,True,0,0
2,541200,True,True,0,0
2,541300,True,True,0,0
2,541400,True,True,0,0
2,541500,True,True,0,0
2,541600,True,True,0,0
2,541700,True,True,0,0
2,541800,True,True,0,0
2,541900,True,True,0,0
2,542000,True,True,0,0
2,542100,True,True,0,0
2,542200,True,True,0,0
2,542300,True,True,0,0
2,542400,True,True,0,0
2,542500,True,True,0,0
2,542600,True,True,0,0
2,542700,True,True,0,0
2,542800,True,True,0,0
2,542900,True,True,0,0
2,543000,True,True,0,0
2,543100,True,True,0,0
2,543200,True,True,0,0
2,543300,True,True,0,0
2,543400,True,True,0,0
2,543500,True,True,0,0
2,543600,True,True,0,0
2,543700,True,True,0,0
2,543800,True,True,0,0
2,543900,True,True,0,0
2,544000,True,True,0,0
2,544100,True,True,0,0
2,544200,True,True,0,0
2,544300,True,True,0,0
2,544400,True,True,0,0
2,544500,True,True,0,0
2,544600,True,True,0,0
2,544700,True,True,0,0
2,544800,True,True,0,0
2,544900,True,True,0,0
2,545000,True,True,0,0
2,545100,True,True,0,0
2,545200,True,True,0,0
2,545300,True,True,0,0
2,545400,True,True,0,0
2,545500,True,True,0,0
2,545600,True,True,0,0
2,545700,True,True,0,0
2,545800,True,True,0,0
2,545900,True,True,0,0
2,546000,True,True,0,0
2,546100,True,True,0,0
2,546200,True,True,0,0
2,546300,True,True,0,0
2,546400,True,True,0,0
2,546500,True,True,0,0
2,546600,True,True,0,0
2,546700,True,True,0,0
2,546800,True,True,0,0
2,546900,True,True,0,0
2,547000,True,True,0,0
2,547100,True,True,0,0
2,547200,True,True,0,0
2,547300,True,True,0,0
2,547400,True,True,0,0
2,547500,True,True,0,0
2,547600,True,True,0,0
2,547700,True,True,0,0
2,547800,True,True,0,0
2,547900,True,True,0,0
2,548000,True,True,0,0
2,548100,True,True,0,0
2,548200,True,True,0,0
2,548300,True,True,0,0
2,548400,True,True,0,0
2,548500,True,True,0,0
2,548600,True,True,0,0
2,548700,True,True,0,0
2,548800,True,True,0,0
2,548900,True,True,0,0
2,549000,True,True,0,0
2,549100,True,True,0,0
2,549200,True,True,0,0
2,549300,True,True,0,0
2,549400,True,True,0,0
2,549500,True,True,0,0
2,549600,True,True,0,0
2,549700,True,True,0,0
2,549800,True,True,0,0
2,549900,True,True,0,0
2,550000,True,True,0,0
2,550100,True,True,0,0
2,550200,True,True,0,0
2,550300,True,True,0,0
2,550400,True,True,0,0
2,550500,True,True,0,0
2,550600,True,True,0,0
2,550700,True,True,0,0
2,550800,True,True,0,0
2,550900,True,True,0,0
2,551000,True,True,0,0
2,551100,True,True,0,0
2,551200,True,True,0,0
2,551300,True,True,0,0
2,551400,True,True,0,0
2,551500,True,True,0,0
2,551600,True,True,0,0
2,551700,True,True,0,0
2,551800,True,True,0,0
2,551900,True,True,0,0
2,552000,True,True,0,0
2,552100,True,True,0,0
2,552200,True,True,0,0
2,552300,True,True,0,0
2,552400,True,True,0,0
2,552500,True,True,0,0
2,552600,True,True,0,0
2,552700,True,True,0,0
2,552800,True,True,0,0
2,552900,True,True,0,0
2,553000,True,True,0,0
2,553100,True,True,0,0
2,553200,True,True,0,0
2,553300,True,True,0,0
2,553400,True,True,0,0
2,553500,True,True,0,0
2,553600,True,True,0,0
2,553700,True,True,0,0
2,553800,True,True,0,0
2,553900,True,True,0,0
2,554000,True,True,0,0
2,554100,True,True,0,0
2,554200,True,True,0,0
2,554300,True,True,0,0
2,554400,True,True,0,0
2,554500,True,True,0,0
2,554600,True,True,0,0
2,554700,True,True,0,0
2,554800,True,True,0,0
2,554900,True,True,0,0
2,555000,True,True,0,0
2,555100,True,True,0,0
2,555200,True,True,0,0
2,555300,True,True,0,0
2,555400,True,True,0,0
2,555500,True,True,0,0
2,555600,True,True,0,0
2,555700,True,True,0,0
2,555800,True,True,0,0
2,555900,True,True,0,0
2,556000,True,True,0,0
2,556100,True,True,0,0
2,556200,True,True,0,0
2,556300,True,True,0,0
2,556400,True,True,0,0
2,556500,True,True,0,0
2,556600,True,True,0,0
2,556700,True,True,0,0
2,556800,True,True,0,0
2,556900,True,True,0,0
2,557000,True,True,0,0
2,557100,True,True,0,0
2,557200,True,True,0,0
2,557300,True,True,0,0
2,557400,True,True,0,0
2,557500,True,True,0,0
2,557600,True,True,0,0
2,557700,True,True,0,0
2,557800,True,True,0,0
2,557900,True,True,0,0
2,558000,True,True,0,0
2,558100,True,True,0,0
2,558200,True,True,0,0
2,558300,True,True,0,0
2,558400,True,True,0,0
2,558500,True,True,0,0
2,558600,True,True,0,0
2,558700,True,True,0,0
2,558800,True,True,0,0
2,558900,True,True,0,0
2,559000,True,True,0,0
2,559100,True,True,0,0
2,559200,True,True,0,0
2,559300,True,True,0,0
2,559400,True,True,0,0
2,559500,True,True,0,0
2,559600,True,True,0,0
2,559700,True,True,0,0
2,559800,True,True,0,0
2,559900,True,True,0,0
2,560000,True,True,0,0
2,560100,True,True,0,0
2,560200,True,True,0,0
2,560300,True,True,0,0
2,560400,True,True,0,0
2,560500,True,True,0,0
2,560600,True,True,0,0
2,560700,True,True,0,0
2,560800,True,True,0,0
2,560900,True,True,0,0
2,561000,True,True,0,0
2,561100,True,True,0,0
2,561200,True,True,0,0
2,561300,True,True,0,0
2,561400,True,True,0,0
2,561500,True,True,0,0
2,561600,True,True,0,0
2,561700,True,True,0,0
2,561800,True,True,0,0
2,561900,True,True,0,0
2,562000,True,True,0,0
2,562100,True,True,0,0
2,562200,True,True,0,0
2,562300,True,True,0,0
2,562400,True,True,0,0
2,562500,True,True,0,0
2,562600,True,True,0,0
2,562700,True,True,0,0
2,562800,True,True,0,0
2,562900,True,True,0,0
2,563000,True,True,0,0
2,563100,True,True,0,0
2,563200,True,True,0,0
2,563300,True,True,0,0
2,563400,True,True,0,0
2,563500,True,True,0,0
2,563600,True,True,0,0
2,563700,True,True,0,0
2,563800,True,True,0,0
2,563900,True,True,0,0
2,564000,True,True,0,0
2,564100,True,True,0,0
2,564200,True,True,0,0
2,564300,True,True,0,0
2,564400,True,True,0,0
2,564500,True,True,0,0
2,564600,True,True,0,0
2,564700,True,True,0,0
2,564800,True,True,0,0
2,564900,True,True,0,0
2,565000,True,True,0,0
2,565100,True,True,0,0
2,565200,True,True,0,0
2,565300,True,True,0,0
2,565400,True,True,0,0
2,565500,True,True,0,0
2,565600,True,True,0,0
2,565700,True,True,0,0
2,565800,True,True,0,0
2,565900,True,True,0,0
2,566000,True,True,0,0
2,566100,True,True,0,0
2,566200,True,True,0,0
2,566300,True,True,0,0
2,566400,True,True,0,0
2,566500,True,True,0,0
2,566600,True,True,0,0
2,566700,True,True,0,0
2,566800,True,True,0,0
2,566900,True,True,0,0
2,567000,True,True,0,0
2,567100,True,True,0,0
2,567200,True,True,0,0
2,567300,True,True,0,0
2,567400,True,True,0,0
2,567500,True,True,0,0
2,567600,True,True,0,0
2,567700,True,True,0,0
2,567800,True,True,0,0
2,567900,True,True,0,0
2,568000,True,True,0,0
2,568100,True,True,0,0
2,568200,True,True,0,0
2,568300,True,True,0,0
2,568400,True,True,0,0
2,568500,True,True,0,0
2,568600,True,True,0,0
2,568700,True,True,0,0
2,568800,True,True,0,0
2,568900,True,True,0,0
2,569000,True,True,0,0
2,569100,True,True,0,0
2,569200,True,True,0,0
2,569300,True,True,0,0
2,569400,True,True,0,0
2,569500,True,True,0,0
2,569600,True,True,0,0
2,569700,True,True,0,0
2,569800,True,True,0,0
2,569900,True,True,0,0
2,570000,True,True,0,0
2,570100,True,True,0,0
2,570200,True,True,0,0
2,570300,True,True,0,0
2,570400,True,True,0,0
2,570500,True,True,0,0
2,570600,True,True,0,0
2,570700,True,True,0,0
2,570800,True,True,0,0
2,570900,True,True,0,0
2,571000,True,True,0,0
2,571100,True,True,0,0
2,571200,True,True,0,0
2,571300,True,True,0,0
2,571400,True,True,0,0
2,571500,True,True,0,0
2,571600,True,True,0,0
2,571700,True,True,0,0
2,571800,True,True,0,0
2,571900,True,True,0,0
2,572000,True,True,0,0
2,572100,True,True,0,0
2,572200,True,True,0,0
2,572300,True,True,0,0
2,572400,True,True,0,0
2,572500,True,True,0,0
2,572600,True,True,0,0
2,572700,True,True,0,0
2,572800,True,True,0,0
2,572900,True,True,0,0
2,573000,True,True,0,0
2,573100,True,True,0,0
2,573200,True,True,0,0
2,573300,True,True,0,0
2,573400,True,True,0,0
2,573500,True,True,0,0
2,573600,True,True,0,0
2,573700,True,True,0,0
2,573800,True,True,0,0
2,573900,True,True,0,0
2,574000,True,True,0,0
2,574100,True,True,0,0
2,574200,True,True,0,0
2,574300,True,True,0,0
2,574400,True,True,0,0
2,574500,True,True,0,0
2,574600,True,True,0,0
2,574700,True,True,0,0
2,574800,True,True,0,0
2,574900,True,True,0,0
2,575000,True,True,0,0
2,575100,True,True,0,0
2,575200,True,True,0,0
2,575300,True,True,0,0
2,575400,True,True,0,0
2,575500,True,True,0,0
2,575600,True,True,0,0
2,575700,True,True,0,0
2,575800,True,True,0,0
2,575900,True,True,0,0
2,576000,True,True,0,0
2,576100,True,True,0,0
2,576200,True,True,0,0
2,576300,True,True,0,0
2,576400,True,True,0,0
2,576500,True,True,0,0
2,576600,True,True,0,0
2,576700,True,True,0,0
2,576800,True,True,0,0
2,576900,True,True,0,0
2,577000,True,True,0,0
2,577100,True,True,0,0
2,577200,True,True,0,0
2,577300,True,True,0,0
2,577400,True,True,0,0
2,577500,True,True,0,0
2,577600,True,True,0,0
2,577700,True,True,0,0
2,577800,True,True,0,0
2,577900,True,True,0,0
2,578000,True,True,0,0
2,578100,True,True,0,0
2,578200,True,True,0,0
2,578300,True,True,0,0
2,578400,True,True,0,0
2,578500,True,True,0,0
2,578600,True,True,0,0
2,578700,True,True,0,0
2,578800,True,True,0,0
2,578900,True,True,0,0
2,579000,True,True,0,0
2,579100,True,True,0,0
2,579200,True,True,0,0
2,579300,True,True,0,0
2,579400,True,True,0,0
2,579500,True,True,0,0
2,579600,True,True,0,0
2,579700,True,True,0,0
2,579800,True,True,0,0
2,579900,True,True,0,0
2,580000,True,True,0,0
2,580100,True,True,0,0
2,580200,True,True,0,0
2,580300,True,True,0,0
2,580400,True,True,0,0
2,580500,True,True,0,0
2,580600,True,True,0,0
2,580700,True,True,0,0
2,580800,True,True,0,0
2,580900,True,True,0,0
2,581000,True,True,0,0
2,581100,True,True,0,0
2,581200,True,True,0,0
2,581300,True,True,0,0
2,581400,True,True,0,0
2,581500,True,True,0,0
2,581600,True,True,0,0
2,581700,True,True,0,0
2,581800,True,True,0,0
2,581900,True,True,0,0
2,582000,True,True,0,0
2,582100,True,True,0,0
2,582200,True,True,0,0
2,582300,True,True,0,0
2,582400,True,True,0,0
2,582500,True,True,0,0
2,582600,True,True,0,0
2,582700,True,True,0,0
2,582800,True,True,0,0
2,582900,True,True,0,0
2,583000,True,True,0,0
2,583100,True,True,0,0
2,583200,True,True,0,0
2,583300,True,True,0,0
2,583400,True,True,0,0
2,583500,True,True,0,0
2,583600,True,True,0,0
2,583700,True,True,0,0
2,583800,True,True,0,0
2,583900,True,True,0,0
2,584000,True,True,0,0
2,584100,True,True,0,0
2,584200,True,True,0,0
2,584300,True,True,0,0
2,584400,True,True,0,0
2,584500,True,True,0,0
2,584600,True,True,0,0
2,584700,True,True,0,0
2,584800,True,True,0,0
2,584900,True,True,0,0
2,585000,True,True,0,0
2,585100,True,True,0,0
2,585200,True,True,0,0
2,585300,True,True,0,0
2,585400,True,True,0,0
2,585500,True,True,0,0
2,585600,True,True,0,0
2,585700,True,True,0,0
2,585800,True,True,0,0
2,585900,True,True,0,0
2,586000,True,True,0,0
2,586100,True,True,0,0
2,586200,True,True,0,0
2,586300,True,True,0,0
2,586400,True,True,0,0
2,586500,True,True,0,0
2,586600,True,True,0,0
2,586700,True,True,0,0
2,586800,True,True,0,0
2,586900,True,True,0,0
2,587000,True,True,0,0
2,587100,True,True,0,0
2,587200,True,True,0,0
2,587300,True,True,0,0
2,587400,True,True,0,0
2,587500,True,True,0,0
2,587600,True,True,0,0
2,587700,True,True,0,0
2,587800,True,True,0,0
2,587900,True,True,0,0
2,588000,True,True,0,0
2,588100,True,True,0,0
2,588200,True,True,0,0
2,588300,True,True,0,0
2,588400,True,True,0,0
2,588500,True,True,0,0
2,588600,True,True,0,0
2,588700,True,True,0,0
2,588800,True,True,0,0
2,588900,True,True,0,0
2,589000,True,True,0,0
2,589100,True,True,0,0
2,589200,True,True,0,0
2,589300,True,True,0,0
2,589400,True,True,0,0
2,589500,True,True,0,0
2,589600,True,True,0,0
2,589700,True,True,0,0
2,589800,True,True,0,0
2,589900,True,True,0,0
2,590000,True,True,0,0
2,590100,True,True,0,0
2,590200,True,True,0,0
2,590300,True,True,0,0
2,590400,True,True,0,0
2,590500,True,True,0,0
2,590600,True,True,0,0
2,590700,True,True,0,0
2,590800,True,True,0,0
2,590900,True,True,0,0
2,591000,True,True,0,0
2,591100,True,True,0,0
2,591200,True,True,0,0
2,591300,True,True,0,0
2,591400,True,True,0,0
2,591500,True,True,0,0
2,591600,True,True,0,0
2,591700,True,True,0,0
2,591800,True,True,0,0
2,591900,True,True,0,0
2,592000,True,True,0,0
2,592100,True,True,0,0
2,592200,True,True,0,0
2,592300,True,True,0,0
2,592400,True,True,0,0
2,592500,True,True,0,0
2,592600,True,True,0,0
2,592700,True,True,0,0
2,592800,True,True,0,0
2,592900,True,True,0,0
2,593000,True,True,0,0
2,593100,True,True,0,0
2,593200,True,True,0,0
2,593300,True,True,0,0
2,593400,True,True,0,0
2,593500,True,True,0,0
2,593600,True,True,0,0
2,593700,True,True,0,0
2,593800,True,True,0,0
2,593900,True,True,0,0
2,594000,True,True,0,0
2,594100,True,True,0,0
2,594200,True,True,0,0
2,594300,True,True,0,0
2,594400,True,True,0,0
2,594500,True,True,0,0
2,594600,True,True,0,0
2,594700,True,True,0,0
2,594800,True,True,0,0
2,594900,True,True,0,0
2,595000,True,True,0,0
2,595100,True,True,0,0
2,595200,True,True,0,0
2,595300,True,True,0,0
2,595400,True,True,0,0
2,595500,True,True,0,0
2,595600,True,True,0,0
2,595700,True,True,0,0
2,595800,True,True,0,0
2,595900,True,True,0,0
2,596000,True,True,0,0
2,596100,True,True,0,0
2,596200,True,True,0,0
2,596300,True,True,0,0
2,596400,True,True,0,0
2,596500,True,True,0,0
2,596600,True,True,0,0
2,596700,True,True,0,0
2,596800,True,True,0,0
2,596900,True,True,0,0
2,597000,True,True,0,0
2,597100,True,True,0,0
2,597200,True,True,0,0
2,597300,True,True,0,0
2,597400,True,True,0,0
2,597500,True,True,0,0
2,597600,True,True,0,0
2,597700,True,True,0,0
2,597800,True,True,0,0
2,597900,True,True,0,0
2,598000,True,True,0,0
2,598100,True,True,0,0
2,598200,True,True,0,0
2,598300,True,True,0,0
2,598400,True,True,0,0
2,598500,True,True,0,0
2,598600,True,True,0,0
2,598700,True,True,0,0
2,598800,True,True,0,0
2,598900,True,True,0,0
2,599000,True,True,0,0
2,599100,True,True,0,0
2,599200,True,True,0,0
2,599300,True,True,0,0
2,599400,True,True,0,0
2,599500,True,True,0,0
2,599600,True,True,0,0
2,599700,True,True,0,0
2,599800,True,True,0,0
2,599900,True,True,0,0
2,600000,True,True,0,0
2,600100,True,True,0,0
2,600200,True,True,0,0
2,600300,True,True,0,0
2,600400,True,True,0,0
2,600500,True,True,0,0
2,600600,True,True,0,0
2,600700,True,True,0,0
2,600800,True,True,0,0
2,600900,True,True,0,0
2,601000,True,True,0,0
2,601100,True,True,0,0
2,601200,True,True,0,0
2,601300,True,True,0,0
2,601400,True,True,0,0
2,601500,True,True,0,0
2,601600,True,True,0,0
2,601700,True,True,0,0
2,601800,True,True,0,0
2,601900,True,True,0,0
2,602000,True,True,0,0
2,602100,True,True,0,0
2,602200,True,True,0,0
2,602300,True,True,0,0
2,602400,True,True,0,0
2,602500,True,True,0,0
2,602600,True,True,0,0
2,602700,True,True,0,0
2,602800,True,True,0,0
2,602900,True,True,0,0
2,603000,True,True,0,0
2,603100,True,True,0,0
2,603200,True,True,0,0
2,603300,True,True,0,0
2,603400,True,True,0,0
2,603500,True,True,0,0
2,603600,True,True,0,0
2,603700,True,True,0,0
2,603800,True,True,0,0
2,603900,True,True,0,0
2,604000,True,True,0,0
2,604100,True,True,0,0
2,604200,True,True,0,0
2,604300,True,True,0,0
2,604400,True,True,0,0
2,604500,True,True,0,0
2,604600,True,True,0,0
2,604700,True,True,0,0
2,604800,True,True,0,0
2,604900,True,True,0,0
2,605000,True,True,0,0
2,605100,True,True,0,0
2,605200,True,True,0,0
2,605300,True,True,0,0
2,605400,True,True,0,0
2,605500,True,True,0,0
2,605600,True,True,0,0
2,605700,True,True,0,0
2,605800,True,True,0,0
2,605900,True,True,0,0
2,606000,True,True,0,0
2,606100,True,True,0,0
2,606200,True,True,0,0
2,606300,True,True,0,0
2,606400,True,True,0,0
2,606500,True,True,0,0
2,606600,True,True,0,0
2,606700,True,True,0,0
2,606800,True,True,0,0
2,606900,True,True,0,0
2,607000,True,True,0,0
2,607100,True,True,0,0
2,607200,True,True,0,0
2,607300,True,True,0,0
2,607400,True,True,0,0
2,607500,True,True,0,0
2,607600,True,True,0,0
2,607700,True,True,0,0
2,607800,True,True,0,0
2,607900,True,True,0,0
2,608000,True,True,0,0
2,608100,True,True,0,0
2,608200,True,True,0,0
2,608300,True,True,0,0
2,608400,True,True,0,0
2,608500,True,True,0,0
2,608600,True,True,0,0
2,608700,True,True,0,0
2,608800,True,True,0,0
2,608900,True,True,0,0
2,609000,True,True,0,0
2,609100,True,True,0,0
2,609200,True,True,0,0
2,609300,True,True,0,0
2,609400,True,True,0,0
2,609500,True,True,0,0
2,609600,True,True,0,0
2,609700,True,True,0,0
2,609800,True,True,0,0
2,609900,True,True,0,0
2,610000,True,True,0,0
2,610100,True,True,0,0
2,610200,True,True,0,0
2,610300,True,True,0,0
2,610400,True,True,0,0
2,610500,True,True,0,0
2,610600,True,True,0,0
2,610700,True,True,0,0
2,610800,True,True,0,0
2,610900,True,True,0,0
2,611000,True,True,0,0
2,611100,True,True,0,0
2,611200,True,True,0,0
2,611300,True,True,0,0
2,611400,True,True,0,0
2,611500,True,True,0,0
2,611600,True,True,0,0
2,611700,True,True,0,0
2,611800,True,True,0,0
2,611900,True,True,0,0
2,612000,True,True,0,0
2,612100,True,True,0,0
2,612200,True,True,0,0
2,612300,True,True,0,0
2,612400,True,True,0,0
2,612500,True,True,0,0
2,612600,True,True,0,0
2,612700,True,True,0,0
2,612800,True,True,0,0
2,612900,True,True,0,0
2,613000,True,True,0,0
2,613100,True,True,0,0
2,613200,True,True,0,0
2,613300,True,True,0,0
2,613400,True,True,0,0
2,613500,True,True,0,0
2,613600,True,True,0,0
2,613700,True,True,0,0
2,613800,True,True,0,0
2,613900,True,True,0,0
2,614000,True,True,0,0
2,614100,True,True,0,0
2,614200,True,True,0,0
2,614300,True,True,0,0
2,614400,True,True,0,0
2,614500,True,True,0,0
2,614600,True,True,0,0
2,614700,True,True,0,0
2,614800,True,True,0,0
2,614900,True,True,0,0
2,615000,True,True,0,0
2,615100,True,True,0,0
2,615200,True,True,0,0
2,615300,True,True,0,0
2,615400,True,True,0,0
2,615500,True,True,0,0
2,615600,True,True,0,0
2,615700,True,True,0,0
2,615800,True,True,0,0
2,615900,True,True,0,0
2,616000,True,True,0,0
2,616100,True,True,0,0
2,616200,True,True,0,0
2,616300,True,True,0,0
2,616400,True,True,0,0
2,616500,True,True,0,0
2,616600,True,True,0,0
2,616700,True,True,0,0
2,616800,True,True,0,0
2,616900,True,True,0,0
2,617000,True,True,0,0
2,617100,True,True,0,0
2,617200,True,True,0,0
2,617300,True,True,0,0
2,617400,True,True,0,0
2,617500,True,True,0,0
2,617600,True,True,0,0
2,617700,True,True,0,0
2,617800,True,True,0,0
2,617900,True,True,0,0
2,618000,True,True,0,0
2,618100,True,True,0,0
2,618200,True,True,0,0
2,618300,True,True,0,0
2,618400,True,True,0,0
2,618500,True,True,0,0
2,618600,True,True,0,0
2,618700,True,True,0,0
2,618800,True,True,0,0
2,618900,True,True,0,0
2,619000,True,True,0,0
2,619100,True,True,0,0
2,619200,True,True,0,0
2,619300,True,True,0,0
2,619400,True,True,0,0
2,619500,True,True,0,0
2,619600,True,True,0,0
2,619700,True,True,0,0
2,619800,True,True,0,0
2,619900,True,True,0,0
2,620000,True,True,0,0
2,620100,True,True,0,0
2,620200,True,True,0,0
2,620300,True,True,0,0
2,620400,True,True,0,0
2,620500,True,True,0,0
2,620600,True,True,0,0
2,620700,True,True,0,0
2,620800,True,True,0,0
2,620900,True,True,0,0
2,621000,True,True,0,0
2,621100,True,True,0,0
2,621200,True,True,0,0
2,621300,True,True,0,0
2,621400,True,True,0,0
2,621500,True,True,0,0
2,621600,True,True,0,0
2,621700,True,True,0,0
2,621800,True,True,0,0
2,621900,True,True,0,0
2,622000,True,True,0,0
2,622100,True,True,0,0
2,622200,True,True,0,0
2,622300,True,True,0,0
2,622400,True,True,0,0
2,622500,True,True,0,0
2,622600,True,True,0,0
2,622700,True,True,0,0
2,622800,True,True,0,0
2,622900,True,True,0,0
2,623000,True,True,0,0
2,623100,True,True,0,0
2,623200,True,True,0,0
2,623300,True,True,0,0
2,623400,True,True,0,0
2,623500,True,True,0,0
2,623600,True,True,0,0
2,623700,True,True,0,0
2,623800,True,True,0,0
2,623900,True,True,0,0
2,624000,True,True,0,0
2,624100,True,True,0,0
2,624200,True,True,0,0
2,624300,True,True,0,0
2,624400,True,True,0,0
2,624500,True,True,0,0
2,624600,True,True,0,0
2,624700,True,True,0,0
2,624800,True,True,0,0
2,624900,True,True,0,0
2,625000,True,True,0,0
2,625100,True,True,0,0
2,625200,True,True,0,0
2,625300,True,True,0,0
2,625400,True,True,0,0
2,625500,True,True,0,0
2,625600,True,True,0,0
2,625700,True,True,0,0
2,625800,True,True,0,0
2,625900,True,True,0,0
2,626000,True,True,0,0
2,626100,True,True,0,0
2,626200,True,True,0,0
2,626300,True,True,0,0
2,626400,True,True,0,0
2,626500,True,True,0,0
2,626600,True,True,0,0
2,626700,True,True,0,0
2,626800,True,True,0,0
2,626900,True,True,0,0
2,627000,True,True,0,0
2,627100,True,True,0,0
2,627200,True,True,0,0
2,627300,True,True,0,0
2,627400,True,True,0,0
2,627500,True,True,0,0
2,627600,True,True,0,0
2,627700,True,True,0,0
2,627800,True,True,0,0
2,627900,True,True,0,0
2,628000,True,True,0,0
2,628100,True,True,0,0
2,628200,True,True,0,0
2,628300,True,True,0,0
2,628400,True,True,0,0
2,628500,True,True,0,0
2,628600,True,True,0,0
2,628700,True,True,0,0
2,628800,True,True,0,0
2,628900,True,True,0,0
2,629000,True,True,0,0
2,629100,True,True,0,0
2,629200,True,True,0,0
2,629300,True,True,0,0
2,629400,True,True,0,0
2,629500,True,True,0,0
2,629600,True,True,0,0
2,629700,True,True,0,0
2,629800,True,True,0,0
2,629900,True,True,0,0
2,630000,True,True,0,0
2,630100,True,True,0,0
2,630200,True,True,0,0
2,630300,True,True,0,0
2,630400,True,True,0,0
2,630500,True,True,0,0
2,630600,True,True,0,0
2,630700,True,True,0,0
2,630800,True,True,0,0
2,630900,True,True,0,0
2,631000,True,True,0,0
2,631100,True,True,0,0
2,631200,True,True,0,0
2,631300,True,True,0,0
2,631400,True,True,0,0
2,631500,True,True,0,0
2,631600,True,True,0,0
2,631700,True,True,0,0
2,631800,True,True,0,0
2,631900,True,True,0,0
2,632000,True,True,0,0
2,632100,True,True,0,0
2,632200,True,True,0,0
2,632300,True,True,0,0
2,632400,True,True,0,0
2,632500,True,True,0,0
2,632600,True,True,0,0
2,632700,True,True,0,0
2,632800,True,True,0,0
2,632900,True,True,0,0
2,633000,True,True,0,0
2,633100,True,True,0,0
2,633200,True,True,0,0
2,633300,True,True,0,0
2,633400,True,True,0,0
2,633500,True,True,0,0
2,633600,True,True,0,0
2,633700,True,True,0,0
2,633800,True,True,0,0
2,633900,True,True,0,0
2,634000,True,True,0,0
2,634100,True,True,0,0
2,634200,True,True,0,0
2,634300,True,True,0,0
2,634400,True,True,0,0
2,634500,True,True,0,0
2,634600,True,True,0,0
2,634700,True,True,0,0
2,634800,True,True,0,0
2,634900,True,True,0,0
2,635000,True,True,0,0
2,635100,True,True,0,0
2,635200,True,True,0,0
2,635300,True,True,0,0
2,635400,True,True,0,0
2,635500,True,True,0,0
2,635600,True,True,0,0
2,635700,True,True,0,0
2,635800,True,True,0,0
2,635900,True,True,0,0
2,636000,True,True,0,0
2,636100,True,True,0,0
2,636200,True,True,0,0
2,636300,True,True,0,0
2,636400,True,True,0,0
2,636500,True,True,0,0
2,636600,True,True,0,0
2,636700,True,True,0,0
2,636800,True,True,0,0
2,636900,True,True,0,0
2,637000,True,True,0,0
2,637100,True,True,0,0
2,637200,True,True,0,0
2,637300,True,True,0,0
2,637400,True,True,0,0
2,637500,True,True,0,0
2,637600,True,True,0,0
2,637700,True,True,0,0
2,637800,True,True,0,0
2,637900,True,True,0,0
2,638000,True,True,0,0
2,638100,True,True,0,0
2,638200,True,True,0,0
2,638300,True,True,0,0
2,638400,True,True,0,0
2,638500,True,True,0,0
2,638600,True,True,0,0
2,638700,True,True,0,0
2,638800,True,True,0,0
2,638900,True,True,0,0
2,639000,True,True,0,0
2,639100,True,True,0,0
2,639200,True,True,0,0
2,639300,True,True,0,0
2,639400,True,True,0,0
2,639500,True,True,0,0
2,639600,True,True,0,0
2,639700,True,True,0,0
2,639800,True,True,0,0
2,639900,True,True,0,0
2,640000,True,True,0,0
2,640100,True,True,0,0
2,640200,True,True,0,0
2,640300,True,True,0,0
2,640400,True,True,0,0
2,640500,True,True,0,0
2,640600,True,True,0,0
2,640700,True,True,0,0
2,640800,True,True,0,0
2,640900,True,True,0,0
2,641000,True,True,0,0
2,641100,True,True,0,0
2,641200,True,True,0,0
2,641300,True,True,0,0
2,641400,True,True,0,0
2,641500,True,True,0,0
2,641600,True,True,0,0
2,641700,True,True,0,0
2,641800,True,True,0,0
2,641900,True,True,0,0
2,642000,True,True,0,0
2,642100,True,True,0,0
2,642200,True,True,0,0
2,642300,True,True,0,0
2,642400,True,True,0,0
2,642500,True,True,0,0
2,642600,True,True,0,0
2,642700,True,True,0,0
2,642800,True,True,0,0
2,642900,True,True,0,0
2,643000,True,True,0,0
2,643100,True,True,0,0
2,643200,True,True,0,0
2,643300,True,True,0,0
2,643400,True,True,0,0
2,643500,True,True,0,0
2,643600,True,True,0,0
2,643700,True,True,0,0
2,643800,True,True,0,0
2,643900,True,True,0,0
2,644000,True,True,0,0
2,644100,True,True,0,0
2,644200,True,True,0,0
2,644300,True,True,0,0
2,644400,True,True,0,0
2,644500,True,True,0,0
2,644600,True,True,0,0
2,644700,True,True,0,0
2,644800,True,True,0,0
2,644900,True,True,0,0
2,645000,True,True,0,0
2,645100,True,True,0,0
2,645200,True,True,0,0
2,645300,True,True,0,0
2,645400,True,True,0,0
2,645500,True,True,0,0
2,645600,True,True,0,0
2,645700,True,True,0,0
2,645800,True,True,0,0
2,645900,True,True,0,0
2,646000,True,True,0,0
2,646100,True,True,0,0
2,646200,True,True,0,0
2,646300,True,True,0,0
2,646400,True,True,0,0
2,646500,True,True,0,0
2,646600,True,True,0,0
2,646700,True,True,0,0
2,646800,True,True,0,0
2,646900,True,True,0,0
2,647000,True,True,0,0
2,647100,True,True,0,0
2,647200,True,True,0,0
2,647300,True,True,0,0
2,647400,True,True,0,0
2,647500,True,True,0,0
2,647600,True,True,0,0
2,647700,True,True,0,0
2,647800,True,True,0,0
2,647900,True,True,0,0
2,648000,True,True,0,0
2,648100,True,True,0,0
2,648200,True,True,0,0
2,648300,True,True,0,0
2,648400,True,True,0,0
2,648500,True,True,0,0
2,648600,True,True,0,0
2,648700,True,True,0,0
2,648800,True,True,0,0
2,648900,True,True,0,0
2,649000,True,True,0,0
2,649100,True,True,0,0
2,649200,True,True,0,0
2,649300,True,True,0,0
2,649400,True,True,0,0
2,649500,True,True,0,0
2,649600,True,True,0,0
2,649700,True,True,0,0
2,649800,True,True,0,0
2,649900,True,True,0,0
2,650000,True,True,0,0
2,650100,True,True,0,0
2,650200,True,True,0,0
2,650300,True,True,0,0
2,650400,True,True,0,0
2,650500,True,True,0,0
2,650600,True,True,0,0
2,650700,True,True,0,0
2,650800,True,True,0,0
2,650900,True,True,0,0
2,651000,True,True,0,0
2,651100,True,True,0,0
2,651200,True,True,0,0
2,651300,True,True,0,0
2,651400,True,True,0,0
2,651500,True,True,0,0
2,651600,True,True,0,0
2,651700,True,True,0,0
2,651800,True,True,0,0
2,651900,True,True,0,0
2,652000,True,True,0,0
2,652100,True,True,0,0
2,652200,True,True,0,0
2,652300,True,True,0,0
2,652400,True,True,0,0
2,652500,True,True,0,0
2,652600,True,True,0,0
2,652700,True,True,0,0
2,652800,True,True,0,0
2,652900,True,True,0,0
2,653000,True,True,0,0
2,653100,True,True,0,0
2,653200,True,True,0,0
2,653300,True,True,0,0
2,653400,True,True,0,0
2,653500,True,True,0,0
2,653600,True,True,0,0
2,653700,True,True,0,0
2,653800,True,True,0,0
2,653900,True,True,0,0
2,654000,True,True,0,0
2,654100,True,True,0,0
2,654200,True,True,0,0
2,654300,True,True,0,0
2,654400,True,True,0,0
2,654500,True,True,0,0
2,654600,True,True,0,0
2,654700,True,True,0,0
2,654800,True,True,0,0
2,654900,True,True,0,0
2,655000,True,True,0,0
2,655100,True,True,0,0
2,655200,True,True,0,0
2,655300,True,True,0,0
2,655400,True,True,0,0
2,655500,True,True,0,0
2,655600,True,True,0,0
2,655700,True,True,0,0
2,655800,True,True,0,0
2,655900,True,True,0,0
2,656000,True,True,0,0
2,656100,True,True,0,0
2,656200,True,True,0,0
2,656300,True,True,0,0
2,656400,True,True,0,0
2,656500,True,True,0,0
2,656600,True,True,0,0
2,656700,True,True,0,0
2,656800,True,True,0,0
2,656900,True,True,0,0
2,657000,True,True,0,0
2,657100,True,True,0,0
2,657200,True,True,0,0
2,657300,True,True,0,0
2,657400,True,True,0,0
2,657500,True,True,0,0
2,657600,True,True,0,0
2,657700,True,True,0,0
2,657800,True,True,0,0
2,657900,True,True,0,0
2,658000,True,True,0,0
2,658100,True,True,0,0
2,658200,True,True,0,0
2,658300,True,True,0,0
2,658400,True,True,0,0
2,658500,True,True,0,0
2,658600,True,True,0,0
2,658700,True,True,0,0
2,658800,True,True,0,0
2,658900,True,True,0,0
2,659000,True,True,0,0
2,659100,True,True,0,0
2,659200,True,True,0,0
2,659300,True,True,0,0
2,659400,True,True,0,0
2,659500,True,True,0,0
2,659600,True,True,0,0
2,659700,True,True,0,0
2,659800,True,True,0,0
2,659900,True,True,0,0
2,660000,True,True,0,0
2,660100,True,True,0,0
2,660200,True,True,0,0
2,660300,True,True,0,0
2,660400,True,True,0,0
2,660500,True,True,0,0
2,660600,True,True,0,0
2,660700,True,True,0,0
2,660800,True,True,0,0
2,660900,True,True,0,0
2,661000,True,True,0,0
2,661100,True,True,0,0
2,661200,True,True,0,0
2,661300,True,True,0,0
2,661400,True,True,0,0
2,661500,True,True,0,0
2,661600,True,True,0,0
2,661700,True,True,0,0
2,661800,True,True,0,0
2,661900,True,True,0,0
2,662000,True,True,0,0
2,662100,True,True,0,0
2,662200,True,True,0,0
2,662300,True,True,0,0
2,662400,True,True,0,0
2,662500,True,True,0,0
2,662600,True,True,0,0
2,662700,True,True,0,0
2,662800,True,True,0,0
2,662900,True,True,0,0
2,663000,True,True,0,0
2,663100,True,True,0,0
2,663200,True,True,0,0
2,663300,True,True,0,0
2,663400,True,True,0,0
2,663500,True,True,0,0
2,663600,True,True,0,0
2,663700,True,True,0,0
2,663800,True,True,0,0
2,663900,True,True,0,0
2,664000,True,True,0,0
2,664100,True,True,0,0
2,664200,True,True,0,0
2,664300,True,True,0,0
2,664400,True,True,0,0
2,664500,True,True,0,0
2,664600,True,True,0,0
2,664700,True,True,0,0
2,664800,True,True,0,0
2,664900,True,True,0,0
2,665000,True,True,0,0
2,665100,True,True,0,0
2,665200,True,True,0,0
2,665300,True,True,0,0
2,665400,True,True,0,0
2,665500,True,True,0,0
2,665600,True,True,0,0
2,665700,True,True,0,0
2,665800,True,True,0,0
2,665900,True,True,0,0
2,666000,True,True,0,0
2,666100,True,True,0,0
2,666200,True,True,0,0
2,666300,True,True,0,0
2,666400,True,True,0,0
2,666500,True,True,0,0
2,666600,True,True,0,0
2,666700,True,True,0,0
2,666800,True,True,0,0
2,666900,True,True,0,0
2,667000,True,True,0,0
2,667100,True,True,0,0
2,667200,True,True,0,0
2,667300,True,True,0,0
2,667400,True,True,0,0
2,667500,True,True,0,0
2,667600,True,True,0,0
2,667700,True,True,0,0
2,667800,True,True,0,0
2,667900,True,True,0,0
2,668000,True,True,0,0
2,668100,True,True,0,0
2,668200,True,True,0,0
2,668300,True,True,0,0
2,668400,True,True,0,0
2,668500,True,True,0,0
2,668600,True,True,0,0
2,668700,True,True,0,0
2,668800,True,True,0,0
2,668900,True,True,0,0
2,669000,True,True,0,0
2,669100,True,True,0,0
2,669200,True,True,0,0
2,669300,True,True,0,0
2,669400,True,True,0,0
2,669500,True,True,0,0
2,669600,True,True,0,0
2,669700,True,True,0,0
2,669800,True,True,0,0
2,669900,True,True,0,0
2,670000,True,True,0,0
2,670100,True,True,0,0
2,670200,True,True,0,0
2,670300,True,True,0,0
2,670400,True,True,0,0
2,670500,True,True,0,0
2,670600,True,True,0,0
2,670700,True,True,0,0
2,670800,True,True,0,0
2,670900,True,True,0,0
2,671000,True,True,0,0
2,671100,True,True,0,0
2,671200,True,True,0,0
2,671300,True,True,0,0
2,671400,True,True,0,0
2,671500,True,True,0,0
2,671600,True,True,0,0
2,671700,True,True,0,0
2,671800,True,True,0,0
2,671900,True,True,0,0
2,672000,True,True,0,0
2,672100,True,True,0,0
2,672200,True,True,0,0
2,672300,True,True,0,0
2,672400,True,True,0,0
2,672500,True,True,0,0
2,672600,True,True,0,0
2,672700,True,True,0,0
2,672800,True,True,0,0
2,672900,True,True,0,0
2,673000,True,True,0,0
2,673100,True,True,0,0
2,673200,True,True,0,0
2,673300,True,True,0,0
2,673400,True,True,0,0
2,673500,True,True,0,0
2,673600,True,True,0,0
2,673700,True,True,0,0
2,673800,True,True,0,0
2,673900,True,True,0,0
2,674000,True,True,0,0
2,674100,True,True,0,0
2,674200,True,True,0,0
2,674300,True,True,0,0
2,674400,True,True,0,0
2,674500,True,True,0,0
2,674600,True,True,0,0
2,674700,True,True,0,0
2,674800,True,True,0,0
2,674900,True,True,0,0
2,675000,True,True,0,0
2,675100,True,True,0,0
2,675200,True,True,0,0
2,675300,True,True,0,0
2,675400,True,True,0,0
2,675500,True,True,0,0
2,675600,True,True,0,0
2,675700,True,True,0,0
2,675800,True,True,0,0
2,675900,True,True,0,0
2,676000,True,True,0,0
2,676100,True,True,0,0
2,676200,True,True,0,0
2,676300,True,True,0,0
2,676400,True,True,0,0
2,676500,True,True,0,0
2,676600,True,True,0,0
2,676700,True,True,0,0
2,676800,True,True,0,0
2,676900,True,True,0,0
2,677000,True,True,0,0
2,677100,True,True,0,0
2,677200,True,True,0,0
2,677300,True,True,0,0
2,677400,True,True,0,0
2,677500,True,True,0,0
2,677600,True,True,0,0
2,677700,True,True,0,0
2,677800,True,True,0,0
2,677900,True,True,0,0
2,678000,True,True,0,0
2,678100,True,True,0,0
2,678200,True,True,0,0
2,678300,True,True,0,0
2,678400,True,True,0,0
2,678500,True,True,0,0
2,678600,True,True,0,0
2,678700,True,True,0,0
2,678800,True,True,0,0
2,678900,True,True,0,0
2,679000,True,True,0,0
2,679100,True,True,0,0
2,679200,True,True,0,0
2,679300,True,True,0,0
2,679400,True,True,0,0
2,679500,True,True,0,0
2,679600,True,True,0,0
2,679700,True,True,0,0
2,679800,True,True,0,0
2,679900,True,True,0,0
2,680000,True,True,0,0
2,680100,True,True,0,0
2,680200,True,True,0,0
2,680300,True,True,0,0
2,680400,True,True,0,0
2,680500,True,True,0,0
2,680600,True,True,0,0
2,680700,True,True,0,0
2,680800,True,True,0,0
2,680900,True,True,0,0
2,681000,True,True,0,0
2,681100,True,True,0,0
2,681200,True,True,0,0
2,681300,True,True,0,0
2,681400,True,True,0,0
2,681500,True,True,0,0
2,681600,True,True,0,0
2,681700,True,True,0,0
2,681800,True,True,0,0
2,681900,True,True,0,0
2,682000,True,True,0,0
2,682100,True,True,0,0
2,682200,True,True,0,0
2,682300,True,True,0,0
2,682400,True,True,0,0
2,682500,True,True,0,0
2,682600,True,True,0,0
2,682700,True,True,0,0
2,682800,True,True,0,0
2,682900,True,True,0,0
2,683000,True,True,0,0
2,683100,True,True,0,0
2,683200,True,True,0,0
2,683300,True,True,0,0
2,683400,True,True,0,0
2,683500,True,True,0,0
2,683600,True,True,0,0
2,683700,True,True,0,0
2,683800,True,True,0,0
2,683900,True,True,0,0
2,684000,True,True,0,0
2,684100,True,True,0,0
2,684200,True,True,0,0
2,684300,True,True,0,0
2,684400,True,True,0,0
2,684500,True,True,0,0
2,684600,True,True,0,0
2,684700,True,True,0,0
2,684800,True,True,0,0
2,684900,True,True,0,0
2,685000,True,True,0,0
2,685100,True,True,0,0
2,685200,True,True,0,0
2,685300,True,True,0,0
2,685400,True,True,0,0
2,685500,True,True,0,0
2,685600,True,True,0,0
2,685700,True,True,0,0
2,685800,True,True,0,0
2,685900,True,True,0,0
2,686000,True,True,0,0
2,686100,True,True,0,0
2,686200,True,True,0,0
2,686300,True,True,0,0
2,686400,True,True,0,0
2,686500,True,True,0,0
2,686600,True,True,0,0
2,686700,True,True,0,0
2,686800,True,True,0,0
2,686900,True,True,0,0
2,687000,True,True,0,0
2,687100,True,True,0,0
2,687200,True,True,0,0
2,687300,True,True,0,0
2,687400,True,True,0,0
2,687500,True,True,0,0
2,687600,True,True,0,0
2,687700,True,True,0,0
2,687800,True,True,0,0
2,687900,True,True,0,0
2,688000,True,True,0,0
2,688100,True,True,0,0
2,688200,True,True,0,0
2,688300,True,True,0,0
2,688400,True,True,0,0
2,688500,True,True,0,0
2,688600,True,True,0,0
2,688700,True,True,0,0
2,688800,True,True,0,0
2,688900,True,True,0,0
2,689000,True,True,0,0
2,689100,True,True,0,0
2,689200,True,True,0,0
2,689300,True,True,0,0
2,689400,True,True,0,0
2,689500,True,True,0,0
2,689600,True,True,0,0
2,689700,True,True,0,0
2,689800,True,True,0,0
2,689900,True,True,0,0
2,690000,True,True,0,0
2,690100,True,True,0,0
2,690200,True,True,0,0
2,690300,True,True,0,0
2,690400,True,True,0,0
2,690500,True,True,0,0
2,690600,True,True,0,0
2,690700,True,True,0,0
2,690800,True,True,0,0
2,690900,True,True,0,0
2,691000,True,True,0,0
2,691100,True,True,0,0
2,691200,True,True,0,0
2,691300,True,True,0,0
2,691400,True,True,0,0
2,691500,True,True,0,0
2,691600,True,True,0,0
2,691700,True,True,0,0
2,691800,True,True,0,0
2,691900,True,True,0,0
2,692000,True,True,0,0
2,692100,True,True,0,0
2,692200,True,True,0,0
2,692300,True,True,0,0
2,692400,True,True,0,0
2,692500,True,True,0,0
2,692600,True,True,0,0
2,692700,True,True,0,0
2,692800,True,True,0,0
2,692900,True,True,0,0
2,693000,True,True,0,0
2,693100,True,True,0,0
2,693200,True,True,0,0
2,693300,True,True,0,0
2,693400,True,True,0,0
2,693500,True,True,0,0
2,693600,True,True,0,0
2,693700,True,True,0,0
2,693800,True,True,0,0
2,693900,True,True,0,0
2,694000,True,True,0,0
2,694100,True,True,0,0
2,694200,True,True,0,0
2,694300,True,True,0,0
2,694400,True,True,0,0
2,694500,True,True,0,0
2,694600,True,True,0,0
2,694700,True,True,0,0
2,694800,True,True,0,0
2,694900,True,True,0,0
2,695000,True,True,0,0
2,695100,True,True,0,0
2,695200,True,True,0,0
2,695300,True,True,0,0
2,695400,True,True,0,0
2,695500,True,True,0,0
2,695600,True,True,0,0
2,695700,True,True,0,0
2,695800,True,True,0,0
2,695900,True,True,0,0
2,696000,True,True,0,0
2,696100,True,True,0,0
2,696200,True,True,0,0
2,696300,True,True,0,0
2,696400,True,True,0,0
2,696500,True,True,0,0
2,696600,True,True,0,0
2,696700,True,True,0,0
2,696800,True,True,0,0
2,696900,True,True,0,0
2,697000,True,True,0,0
2,697100,True,True,0,0
2,697200,True,True,0,0
2,697300,True,True,0,0
2,697400,True,True,0,0
2,697500,True,True,0,0
2,697600,True,True,0,0
2,697700,True,True,0,0
2,697800,True,True,0,0
2,697900,True,True,0,0
2,698000,True,True,0,0
2,698100,True,True,0,0
2,698200,True,True,0,0
2,698300,True,True,0,0
2,698400,True,True,0,0
2,698500,True,True,0,0
2,698600,True,True,0,0
2,698700,True,True,0,0
2,698800,True,True,0,0
2,698900,True,True,0,0
2,699000,True,True,0,0
2,699100,True,True,0,0
2,699200,True,True,0,0
2,699300,True,True,0,0
2,699400,True,True,0,0
2,699500,True,True,0,0
2,699600,True,True,0,0
2,699700,True,True,0,0
2,699800,True,True,0,0
2,699900,True,True,0,0
2,700000,True,True,0,0
2,700100,True,True,0,0
2,700200,True,True,0,0
2,700300,True,True,0,0
2,700400,True,True,0,0
2,700500,True,True,0,0
2,700600,True,True,0,0
2,700700,True,True,0,0
2,700800,True,True,0,0
2,700900,True,True,0,0
2,701000,True,True,0,0
2,701100,True,True,0,0
2,701200,True,True,0,0
2,701300,True,True,0,0
2,701400,True,True,0,0
2,701500,True,True,0,0
2,701600,True,True,0,0
2,701700,True,True,0,0
2,701800,True,True,0,0
2,701900,True,True,0,0
2,702000,True,True,0,0
2,702100,True,True,0,0
2,702200,True,True,0,0
2,702300,True,True,0,0
2,702400,True,True,0,0
2,702500,True,True,0,0
2,702600,True,True,0,0
2,702700,True,True,0,0
2,702800,True,True,0,0
2,702900,True,True,0,0
2,703000,True,True,0,0
2,703100,True,True,0,0
2,703200,True,True,0,0
2,703300,True,True,0,0
2,703400,True,True,0,0
2,703500,True,True,0,0
2,703600,True,True,0,0
2,703700,True,True,0,0
2,703800,True,True,0,0
2,703900,True,True,0,0
2,704000,True,True,0,0
2,704100,True,True,0,0
2,704200,True,True,0,0
2,704300,True,True,0,0
2,704400,True,True,0,0
2,704500,True,True,0,0
2,704600,True,True,0,0
2,704700,True,True,0,0
2,704800,True,True,0,0
2,704900,True,True,0,0
2,705000,True,True,0,0
2,705100,True,True,0,0
2,705200,True,True,0,0
2,705300,True,True,0,0
2,705400,True,True,0,0
2,705500,True,True,0,0
2,705600,True,True,0,0
2,705700,True,True,0,0
2,705800,True,True,0,0
2,705900,True,True,0,0
2,706000,True,True,0,0
2,706100,True,True,0,0
2,706200,True,True,0,0
2,706300,True,True,0,0
2,706400,True,True,0,0
2,706500,True,True,0,0
2,706600,True,True,0,0
2,706700,True,True,0,0
2,706800,True,True,0,0
2,706900,True,True,0,0
2,707000,True,True,0,0
2,707100,True,True,0,0
2,707200,True,True,0,0
2,707300,True,True,0,0
2,707400,True,True,0,0
2,707500,True,True,0,0
2,707600,True,True,0,0
2,707700,True,True,0,0
2,707800,True,True,0,0
2,707900,True,True,0,0
2,708000,True,True,0,0
2,708100,True,True,0,0
2,708200,True,True,0,0
2,708300,True,True,0,0
2,708400,True,True,0,0
2,708500,True,True,0,0
2,708600,True,True,0,0
2,708700,True,True,0,0
2,708800,True,True,0,0
2,708900,True,True,0,0
2,709000,True,True,0,0
2,709100,True,True,0,0
2,709200,True,True,0,0
2,709300,True,True,0,0
2,709400,True,True,0,0
2,709500,True,True,0,0
2,709600,True,True,0,0
2,709700,True,True,0,0
2,709800,True,True,0,0
2,709900,True,True,0,0
2,710000,True,True,0,0
2,710100,True,True,0,0
2,710200,True,True,0,0
2,710300,True,True,0,0
2,710400,True,True,0,0
2,710500,True,True,0,0
2,710600,True,True,0,0
2,710700,True,True,0,0
2,710800,True,True,0,0
2,710900,True,True,0,0
2,711000,True,True,0,0
2,711100,True,True,0,0
2,711200,True,True,0,0
2,711300,True,True,0,0
2,711400,True,True,0,0
2,711500,True,True,0,0
2,711600,True,True,0,0
2,711700,True,True,0,0
2,711800,True,True,0,0
2,711900,True,True,0,0
2,712000,True,True,0,0
2,712100,True,True,0,0
2,712200,True,True,0,0
2,712300,True,True,0,0
2,712400,True,True,0,0
2,712500,True,True,0,0
2,712600,True,True,0,0
2,712700,True,True,0,0
2,712800,True,True,0,0
2,712900,True,True,0,0
2,713000,True,True,0,0
2,713100,True,True,0,0
2,713200,True,True,0,0
2,713300,True,True,0,0
2,713400,True,True,0,0
2,713500,True,True,0,0
2,713600,True,True,0,0
2,713700,True,True,0,0
2,713800,True,True,0,0
2,713900,True,True,0,0
2,714000,True,True,0,0
2,714100,True,True,0,0
2,714200,True,True,0,0
2,714300,True,True,0,0
2,714400,True,True,0,0
2,714500,True,True,0,0
2,714600,True,True,0,0
2,714700,True,True,0,0
2,714800,True,True,0,0
2,714900,True,True,0,0
2,715000,True,True,0,0
2,715100,True,True,0,0
2,715200,True,True,0,0
2,715300,True,True,0,0
2,715400,True,True,0,0
2,715500,True,True,0,0
2,715600,True,True,0,0
2,715700,True,True,0,0
2,715800,True,True,0,0
2,715900,True,True,0,0
2,716000,True,True,0,0
2,716100,True,True,0,0
2,716200,True,True,0,0
2,716300,True,True,0,0
2,716400,True,True,0,0
2,716500,True,True,0,0
2,716600,True,True,0,0
2,716700,True,True,0,0
2,716800,True,True,0,0
2,716900,True,True,0,0
2,717000,True,True,0,0
2,717100,True,True,0,0
2,717200,True,True,0,0
2,717300,True,True,0,0
2,717400,True,True,0,0
2,717500,True,True,0,0
2,717600,True,True,0,0
2,717700,True,True,0,0
2,717800,True,True,0,0
2,717900,True,True,0,0
2,718000,True,True,0,0
2,718100,True,True,0,0
2,718200,True,True,0,0
2,718300,True,True,0,0
2,718400,True,True,0,0
2,718500,True,True,0,0
2,718600,True,True,0,0
2,718700,True,True,0,0
2,718800,True,True,0,0
2,718900,True,True,0,0
2,719000,True,True,0,0
2,719100,True,True,0,0
2,719200,True,True,0,0
2,719300,True,True,0,0
2,719400,True,True,0,0
2,719500,True,True,0,0
2,719600,True,True,0,0
2,719700,True,True,0,0
2,719800,True,True,0,0
2,719900,True,True,0,0
2,720000,True,True,0,0
2,720100,True,True,0,0
2,720200,True,True,0,0
2,720300,True,True,0,0
2,720400,True,True,0,0
2,720500,True,True,0,0
2,720600,True,True,0,0
2,720700,True,True,0,0
2,720800,True,True,0,0
2,720900,True,True,0,0
2,721000,True,True,0,0
2,721100,True,True,0,0
2,721200,True,True,0,0
2,721300,True,True,0,0
2,721400,True,True,0,0
2,721500,True,True,0,0
2,721600,True,True,0,0
2,721700,True,True,0,0
2,721800,True,True,0,0
2,721900,True,True,0,0
2,722000,True,True,0,0
2,722100,True,True,0,0
2,722200,True,True,0,0
2,722300,True,True,0,0
2,722400,True,True,0,0
2,722500,True,True,0,0
2,722600,True,True,0,0
2,722700,True,True,0,0
2,722800,True,True,0,0
2,722900,True,True,0,0
2,723000,True,True,0,0
2,723100,True,True,0,0
2,723200,True,True,0,0
2,723300,True,True,0,0
2,723400,True,True,0,0
2,723500,True,True,0,0
2,723600,True,True,0,0
2,723700,True,True,0,0
2,723800,True,True,0,0
2,723900,True,True,0,0
2,724000,True,True,0,0
2,724100,True,True,0,0
2,724200,True,True,0,0
2,724300,True,True,0,0
2,724400,True,True,0,0
2,724500,True,True,0,0
2,724600,True,True,0,0
2,724700,True,True,0,0
2,724800,True,True,0,0
2,724900,True,True,0,0
2,725000,True,True,0,0
2,725100,True,True,0,0
2,725200,True,True,0,0
2,725300,True,True,0,0
2,725400,True,True,0,0
2,725500,True,True,0,0
2,725600,True,True,0,0
2,725700,True,True,0,0
2,725800,True,True,0,0
2,725900,True,True,0,0
2,726000,True,True,0,0
2,726100,True,True,0,0
2,726200,True,True,0,0
2,726300,True,True,0,0
2,726400,True,True,0,0
2,726500,True,True,0,0
2,726600,True,True,0,0
2,726700,True,True,0,0
2,726800,True,True,0,0
2,726900,True,True,0,0
2,727000,True,True,0,0
2,727100,True,True,0,0
2,727200,True,True,0,0
2,727300,True,True,0,0
2,727400,True,True,0,0
2,727500,True,True,0,0
2,727600,True,True,0,0
2,727700,True,True,0,0
2,727800,True,True,0,0
2,727900,True,True,0,0
2,728000,True,True,0,0
2,728100,True,True,0,0
2,728200,True,True,0,0
2,728300,True,True,0,0
2,728400,True,True,0,0
2,728500,True,True,0,0
2,728600,True,True,0,0
2,728700,True,True,0,0
2,728800,True,True,0,0
2,728900,True,True,0,0
2,729000,True,True,0,0
2,729100,True,True,0,0
2,729200,True,True,0,0
2,729300,True,True,0,0
2,729400,True,True,0,0
2,729500,True,True,0,0
2,729600,True,True,0,0
2,729700,True,True,0,0
2,729800,True,True,0,0
2,729900,True,True,0,0
2,730000,True,True,0,0
2,730100,True,True,0,0
2,730200,True,True,0,0
2,730300,True,True,0,0
2,730400,True,True,0,0
2,730500,True,True,0,0
2,730600,True,True,0,0
2,730700,True,True,0,0
2,730800,True,True,0,0
2,730900,True,True,0,0
2,731000,True,True,0,0
2,731100,True,True,0,0
2,731200,True,True,0,0
2,731300,True,True,0,0
2,731400,True,True,0,0
2,731500,True,True,0,0
2,731600,True,True,0,0
2,731700,True,True,0,0
2,731800,True,True,0,0
2,731900,True,True,0,0
2,732000,True,True,0,0
2,732100,True,True,0,0
2,732200,True,True,0,0
2,732300,True,True,0,0
2,732400,True,True,0,0
2,732500,True,True,0,0
2,732600,True,True,0,0
2,732700,True,True,0,0
2,732800,True,True,0,0
2,732900,True,True,0,0
2,733000,True,True,0,0
2,733100,True,True,0,0
2,733200,True,True,0,0
2,733300,True,True,0,0
2,733400,True,True,0,0
2,733500,True,True,0,0
2,733600,True,True,0,0
2,733700,True,True,0,0
2,733800,True,True,0,0
2,733900,True,True,0,0
2,734000,True,True,0,0
2,734100,True,True,0,0
2,734200,True,True,0,0
2,734300,True,True,0,0
2,734400,True,True,0,0
2,734500,True,True,0,0
2,734600,True,True,0,0
2,734700,True,True,0,0
2,734800,True,True,0,0
2,734900,True,True,0,0
2,735000,True,True,0,0
2,735100,True,True,0,0
2,735200,True,True,0,0
2,735300,True,True,0,0
2,735400,True,True,0,0
2,735500,True,True,0,0
2,735600,True,True,0,0
2,735700,True,True,0,0
2,735800,True,True,0,0
2,735900,True,True,0,0
2,736000,True,True,0,0
2,736100,True,True,0,0
2,736200,True,True,0,0
2,736300,True,True,0,0
2,736400,True,True,0,0
2,736500,True,True,0,0
2,736600,True,True,0,0
2,736700,True,True,0,0
2,736800,True,True,0,0
2,736900,True,True,0,0
2,737000,True,True,0,0
2,737100,True,True,0,0
2,737200,True,True,0,0
2,737300,True,True,0,0
2,737400,True,True,0,0
2,737500,True,True,0,0
2,737600,True,True,0,0
2,737700,True,True,0,0
2,737800,True,True,0,0
2,737900,True,True,0,0
2,738000,True,True,0,0
2,738100,True,True,0,0
2,738200,True,True,0,0
2,738300,True,True,0,0
2,738400,True,True,0,0
2,738500,True,True,0,0
2,738600,True,True,0,0
2,738700,True,True,0,0
2,738800,True,True,0,0
2,738900,True,True,0,0
2,739000,True,True,0,0
2,739100,True,True,0,0
2,739200,True,True,0,0
2,739300,True,True,0,0
2,739400,True,True,0,0
2,739500,True,True,0,0
2,739600,True,True,0,0
2,739700,True,True,0,0
2,739800,True,True,0,0
2,739900,True,True,0,0
2,740000,True,True,0,0
2,740100,True,True,0,0
2,740200,True,True,0,0
2,740300,True,True,0,0
2,740400,True,True,0,0
2,740500,True,True,0,0
2,740600,True,True,0,0
2,740700,True,True,0,0
2,740800,True,True,0,0
2,740900,True,True,0,0
2,741000,True,True,0,0
2,741100,True,True,0,0
2,741200,True,True,0,0
2,741300,True,True,0,0
2,741400,True,True,0,0
2,741500,True,True,0,0
2,741600,True,True,0,0
2,741700,True,True,0,0
2,741800,True,True,0,0
2,741900,True,True,0,0
2,742000,True,True,0,0
2,742100,True,True,0,0
2,742200,True,True,0,0
2,742300,True,True,0,0
2,742400,True,True,0,0
2,742500,True,True,0,0
2,742600,True,True,0,0
2,742700,True,True,0,0
2,742800,True,True,0,0
2,742900,True,True,0,0
2,743000,True,True,0,0
2,743100,True,True,0,0
2,743200,True,True,0,0
2,743300,True,True,0,0
2,743400,True,True,0,0
2,743500,True,True,0,0
2,743600,True,True,0,0
2,743700,True,True,0,0
2,743800,True,True,0,0
2,743900,True,True,0,0
2,744000,True,True,0,0
2,744100,True,True,0,0
2,744200,True,True,0,0
2,744300,True,True,0,0
2,744400,True,True,0,0
2,744500,True,True,0,0
2,744600,True,True,0,0
2,744700,True,True,0,0
2,744800,True,True,0,0
2,744900,True,True,0,0
2,745000,True,True,0,0
2,745100,True,True,0,0
2,745200,True,True,0,0
2,745300,True,True,0,0
2,745400,True,True,0,0
2,745500,True,True,0,0
2,745600,True,True,0,0
2,745700,True,True,0,0
2,745800,True,True,0,0
2,745900,True,True,0,0
2,746000,True,True,0,0
2,746100,True,True,0,0
2,746200,True,True,0,0
2,746300,True,True,0,0
2,746400,True,True,0,0
2,746500,True,True,0,0
2,746600,True,True,0,0
2,746700,True,True,0,0
2,746800,True,True,0,0
2,746900,True,True,0,0
2,747000,True,True,0,0
2,747100,True,True,0,0
2,747200,True,True,0,0
2,747300,True,True,0,0
2,747400,True,True,0,0
2,747500,True,True,0,0
2,747600,True,True,0,0
2,747700,True,True,0,0
2,747800,True,True,0,0
2,747900,True,True,0,0
2,748000,True,True,0,0
2,748100,True,True,0,0
2,748200,True,True,0,0
2,748300,True,True,0,0
2,748400,True,True,0,0
2,748500,True,True,0,0
2,748600,True,True,0,0
2,748700,True,True,0,0
2,748800,True,True,0,0
2,748900,True,True,0,0
2,749000,True,True,0,0
2,749100,True,True,0,0
2,749200,True,True,0,0
2,749300,True,True,0,0
2,749400,True,True,0,0
2,749500,True,True,0,0
2,749600,True,True,0,0
2,749700,True,True,0,0
2,749800,True,True,0,0
2,749900,True,True,0,0
2,750000,True,True,0,0
2,750100,True,True,0,0
2,750200,True,True,0,0
2,750300,True,True,0,0
2,750400,True,True,0,0
2,750500,True,True,0,0
2,750600,True,True,0,0
2,750700,True,True,0,0
2,750800,True,True,0,0
2,750900,True,True,0,0
2,751000,True,True,0,0
2,751100,True,True,0,0
2,751200,True,True,0,0
2,751300,True,True,0,0
2,751400,True,True,0,0
2,751500,True,True,0,0
2,751600,True,True,0,0
2,751700,True,True,0,0
2,751800,True,True,0,0
2,751900,True,True,0,0
2,752000,True,True,0,0
2,752100,True,True,0,0
2,752200,True,True,0,0
2,752300,True,True,0,0
2,752400,True,True,0,0
2,752500,True,True,0,0
2,752600,True,True,0,0
2,752700,True,True,0,0
2,752800,True,True,0,0
2,752900,True,True,0,0
2,753000,True,True,0,0
2,753100,True,True,0,0
2,753200,True,True,0,0
2,753300,True,True,0,0
2,753400,True,True,0,0
2,753500,True,True,0,0
2,753600,True,True,0,0
2,753700,True,True,0,0
2,753800,True,True,0,0
2,753900,True,True,0,0
2,754000,True,True,0,0
2,754100,True,True,0,0
2,754200,True,True,0,0
2,754300,True,True,0,0
2,754400,True,True,0,0
2,754500,True,True,0,0
2,754600,True,True,0,0
2,754700,True,True,0,0
2,754800,True,True,0,0
2,754900,True,True,0,0
2,755000,True,True,0,0
2,755100,True,True,0,0
2,755200,True,True,0,0
2,755300,True,True,0,0
2,755400,True,True,0,0
2,755500,True,True,0,0
2,755600,True,True,0,0
2,755700,True,True,0,0
2,755800,True,True,0,0
2,755900,True,True,0,0
2,756000,True,True,0,0
2,756100,True,True,0,0
2,756200,True,True,0,0
2,756300,True,True,0,0
2,756400,True,True,0,0
2,756500,True,True,0,0
2,756600,True,True,0,0
2,756700,True,True,0,0
2,756800,True,True,0,0
2,756900,True,True,0,0
2,757000,True,True,0,0
2,757100,True,True,0,0
2,757200,True,True,0,0
2,757300,True,True,0,0
2,757400,True,True,0,0
2,757500,True,True,0,0
2,757600,True,True,0,0
2,757700,True,True,0,0
2,757800,True,True,0,0
2,757900,True,True,0,0
2,758000,True,True,0,0
2,758100,True,True,0,0
2,758200,True,True,0,0
2,758300,True,True,0,0
2,758400,True,True,0,0
2,758500,True,True,0,0
2,758600,True,True,0,0
2,758700,True,True,0,0
2,758800,True,True,0,0
2,758900,True,True,0,0
2,759000,True,True,0,0
2,759100,True,True,0,0
2,759200,True,True,0,0
2,759300,True,True,0,0
2,759400,True,True,0,0
2,759500,True,True,0,0
2,759600,True,True,0,0
2,759700,True,True,0,0
2,759800,True,True,0,0
2,759900,True,True,0,0
2,760000,True,True,0,0
2,760100,True,True,0,0
2,760200,True,True,0,0
2,760300,True,True,0,0
2,760400,True,True,0,0
2,760500,True,True,0,0
2,760600,True,True,0,0
2,760700,True,True,0,0
2,760800,True,True,0,0
2,760900,True,True,0,0
2,761000,True,True,0,0
2,761100,True,True,0,0
2,761200,True,True,0,0
2,761300,True,True,0,0
2,761400,True,True,0,0
2,761500,True,True,0,0
2,761600,True,True,0,0
2,761700,True,True,0,0
2,761800,True,True,0,0
2,761900,True,True,0,0
2,762000,True,True,0,0
2,762100,True,True,0,0
2,762200,True,True,0,0
2,762300,True,True,0,0
2,762400,True,True,0,0
2,762500,True,True,0,0
2,762600,True,True,0,0
2,762700,True,True,0,0
2,762800,True,True,0,0
2,762900,True,True,0,0
2,763000,True,True,0,0
2,763100,True,True,0,0
2,763200,True,True,0,0
2,763300,True,True,0,0
2,763400,True,True,0,0
2,763500,True,True,0,0
2,763600,True,True,0,0
2,763700,True,True,0,0
2,763800,True,True,0,0
2,763900,True,True,0,0
2,764000,True,True,0,0
2,764100,True,True,0,0
2,764200,True,True,0,0
2,764300,True,True,0,0
2,764400,True,True,0,0
2,764500,True,True,0,0
2,764600,True,True,0,0
2,764700,True,True,0,0
2,764800,True,True,0,0
2,764900,True,True,0,0
2,765000,True,True,0,0
2,765100,True,True,0,0
2,765200,True,True,0,0
2,765300,True,True,0,0
2,765400,True,True,0,0
2,765500,True,True,0,0
2,765600,True,True,0,0
2,765700,True,True,0,0
2,765800,True,True,0,0
2,765900,True,True,0,0
2,766000,True,True,0,0
2,766100,True,True,0,0
2,766200,True,True,0,0
2,766300,True,True,0,0
2,766400,True,True,0,0
2,766500,True,True,0,0
2,766600,True,True,0,0
2,766700,True,True,0,0
2,766800,True,True,0,0
2,766900,True,True,0,0
2,767000,True,True,0,0
2,767100,True,True,0,0
2,767200,True,True,0,0
2,767300,True,True,0,0
2,767400,True,True,0,0
2,767500,True,True,0,0
2,767600,True,True,0,0
2,767700,True,True,0,0
2,767800,True,True,0,0
2,767900,True,True,0,0
2,768000,True,True,0,0
2,768100,True,True,0,0
2,768200,True,True,0,0
2,768300,True,True,0,0
2,768400,True,True,0,0
2,768500,True,True,0,0
2,768600,True,True,0,0
2,768700,True,True,0,0
2,768800,True,True,0,0
2,768900,True,True,0,0
2,769000,True,True,0,0
2,769100,True,True,0,0
2,769200,True,True,0,0
2,769300,True,True,0,0
2,769400,True,True,0,0
2,769500,True,True,0,0
2,769600,True,True,0,0
2,769700,True,True,0,0
2,769800,True,True,0,0
2,769900,True,True,0,0
2,770000,True,True,0,0
2,770100,True,True,0,0
2,770200,True,True,0,0
2,770300,True,True,0,0
2,770400,True,True,0,0
2,770500,True,True,0,0
2,770600,True,True,0,0
2,770700,True,True,0,0
2,770800,True,True,0,0
2,770900,True,True,0,0
2,771000,True,True,0,0
2,771100,True,True,0,0
2,771200,True,True,0,0
2,771300,True,True,0,0
2,771400,True,True,0,0
2,771500,True,True,0,0
2,771600,True,True,0,0
2,771700,True,True,0,0
2,771800,True,True,0,0
2,771900,True,True,0,0
2,772000,True,True,0,0
2,772100,True,True,0,0
2,772200,True,True,0,0
2,772300,True,True,0,0
2,772400,True,True,0,0
2,772500,True,True,0,0
2,772600,True,True,0,0
2,772700,True,True,0,0
2,772800,True,True,0,0
2,772900,True,True,0,0
2,773000,True,True,0,0
2,773100,True,True,0,0
2,773200,True,True,0,0
2,773300,True,True,0,0
2,773400,True,True,0,0
2,773500,True,True,0,0
2,773600,True,True,0,0
2,773700,True,True,0,0
2,773800,True,True,0,0
2,773900,True,True,0,0
2,774000,True,True,0,0
2,774100,True,True,0,0
2,774200,True,True,0,0
2,774300,True,True,0,0
2,774400,True,True,0,0
2,774500,True,True,0,0
2,774600,True,True,0,0
2,774700,True,True,0,0
2,774800,True,True,0,0
2,774900,True,True,0,0
2,775000,True,True,0,0
2,775100,True,True,0,0
2,775200,True,True,0,0
2,775300,True,True,0,0
2,775400,True,True,0,0
2,775500,True,True,0,0
2,775600,True,True,0,0
2,775700,True,True,0,0
2,775800,True,True,0,0
2,775900,True,True,0,0
2,776000,True,True,0,0
2,776100,True,True,0,0
2,776200,True,True,0,0
2,776300,True,True,0,0
2,776400,True,True,0,0
2,776500,True,True,0,0
2,776600,True,True,0,0
2,776700,True,True,0,0
2,776800,True,True,0,0
2,776900,True,True,0,0
2,777000,True,True,0,0
2,777100,True,True,0,0
2,777200,True,True,0,0
2,777300,True,True,0,0
2,777400,True,True,0,0
2,777500,True,True,0,0
2,777600,True,True,0,0
2,777700,True,True,0,0
2,777800,True,True,0,0
2,777900,True,True,0,0
2,778000,True,True,0,0
2,778100,True,True,0,0
2,778200,True,True,0,0
2,778300,True,True,0,0
2,778400,True,True,0,0
2,778500,True,True,0,0
2,778600,True,True,0,0
2,778700,True,True,0,0
2,778800,True,True,0,0
2,778900,True,True,0,0
2,779000,True,True,0,0
2,779100,True,True,0,0
2,779200,True,True,0,0
2,779300,True,True,0,0
2,779400,True,True,0,0
2,779500,True,True,0,0
2,779600,True,True,0,0
2,779700,True,True,0,0
2,779800,True,True,0,0
2,779900,True,True,0,0
2,780000,True,True,0,0
2,780100,True,True,0,0
2,780200,True,True,0,0
2,780300,True,True,0,0
2,780400,True,True,0,0
2,780500,True,True,0,0
2,780600,True,True,0,0
2,780700,True,True,0,0
2,780800,True,True,0,0
2,780900,True,True,0,0
2,781000,True,True,0,0
2,781100,True,True,0,0
2,781200,True,True,0,0
2,781300,True,True,0,0
2,781400,True,True,0,0
2,781500,True,True,0,0
2,781600,True,True,0,0
2,781700,True,True,0,0
2,781800,True,True,0,0
2,781900,True,True,0,0
2,782000,True,True,0,0
2,782100,True,True,0,0
2,782200,True,True,0,0
2,782300,True,True,0,0
2,782400,True,True,0,0
2,782500,True,True,0,0
2,782600,True,True,0,0
2,782700,True,True,0,0
2,782800,True,True,0,0
2,782900,True,True,0,0
2,783000,True,True,0,0
2,783100,True,True,0,0
2,783200,True,True,0,0
2,783300,True,True,0,0
2,783400,True,True,0,0
2,783500,True,True,0,0
2,783600,True,True,0,0
2,783700,True,True,0,0
2,783800,True,True,0,0
2,783900,True,True,0,0
2,784000,True,True,0,0
2,784100,True,True,0,0
2,784200,True,True,0,0
2,784300,True,True,0,0
2,784400,True,True,0,0
2,784500,True,True,0,0
2,784600,True,True,0,0
2,784700,True,True,0,0
2,784800,True,True,0,0
2,784900,True,True,0,0
2,785000,True,True,0,0
2,785100,True,True,0,0
2,785200,True,True,0,0
2,785300,True,True,0,0
2,785400,True,True,0,0
2,785500,True,True,0,0
2,785600,True,True,0,0
2,785700,True,True,0,0
2,785800,True,True,0,0
2,785900,True,True,0,0
2,786000,True,True,0,0
2,786100,True,True,0,0
2,786200,True,True,0,0
2,786300,True,True,0,0
2,786400,True,True,0,0
2,786500,True,True,0,0
2,786600,True,True,0,0
2,786700,True,True,0,0
2,786800,True,True,0,0
2,786900,True,True,0,0
2,787000,True,True,0,0
2,787100,True,True,0,0
2,787200,True,True,0,0
2,787300,True,True,0,0
2,787400,True,True,0,0
2,787500,True,True,0,0
2,787600,True,True,0,0
2,787700,True,True,0,0
2,787800,True,True,0,0
2,787900,True,True,0,0
2,788000,True,True,0,0
2,788100,True,True,0,0
2,788200,True,True,0,0
2,788300,True,True,0,0
2,788400,True,True,0,0
2,788500,True,True,0,0
2,788600,True,True,0,0
2,788700,True,True,0,0
2,788800,True,True,0,0
2,788900,True,True,0,0
2,789000,True,True,0,0
2,789100,True,True,0,0
2,789200,True,True,0,0
2,789300,True,True,0,0
2,789400,True,True,0,0
2,789500,True,True,0,0
2,789600,True,True,0,0
2,789700,True,True,0,0
2,789800,True,True,0,0
2,789900,True,True,0,0
2,790000,True,True,0,0
2,790100,True,True,0,0
2,790200,True,True,0,0
2,790300,True,True,0,0
2,790400,True,True,0,0
2,790500,True,True,0,0
2,790600,True,True,0,0
2,790700,True,True,0,0
2,790800,True,True,0,0
2,790900,True,True,0,0
2,791000,True,True,0,0
2,791100,True,True,0,0
2,791200,True,True,0,0
2,791300,True,True,0,0
2,791400,True,True,0,0
2,791500,True,True,0,0
2,791600,True,True,0,0
2,791700,True,True,0,0
2,791800,True,True,0,0
2,791900,True,True,0,0
2,792000,True,True,0,0
2,792100,True,True,0,0
2,792200,True,True,0,0
2,792300,True,True,0,0
2,792400,True,True,0,0
2,792500,True,True,0,0
2,792600,True,True,0,0
2,792700,True,True,0,0
2,792800,True,True,0,0
2,792900,True,True,0,0
2,793000,True,True,0,0
2,793100,True,True,0,0
2,793200,True,True,0,0
2,793300,True,True,0,0
2,793400,True,True,0,0
2,793500,True,True,0,0
2,793600,True,True,0,0
2,793700,True,True,0,0
2,793800,True,True,0,0
2,793900,True,True,0,0
2,794000,True,True,0,0
2,794100,True,True,0,0
2,794200,True,True,0,0
2,794300,True,True,0,0
2,794400,True,True,0,0
2,794500,True,True,0,0
2,794600,True,True,0,0
2,794700,True,True,0,0
2,794800,True,True,0,0
2,794900,True,True,0,0
2,795000,True,True,0,0
2,795100,True,True,0,0
2,795200,True,True,0,0
2,795300,True,True,0,0
2,795400,True,True,0,0
2,795500,True,True,0,0
2,795600,True,True,0,0
2,795700,True,True,0,0
2,795800,True,True,0,0
2,795900,True,True,0,0
2,796000,True,True,0,0
2,796100,True,True,0,0
2,796200,True,True,0,0
2,796300,True,True,0,0
2,796400,True,True,0,0
2,796500,True,True,0,0
2,796600,True,True,0,0
2,796700,True,True,0,0
2,796800,True,True,0,0
2,796900,True,True,0,0
2,797000,True,True,0,0
2,797100,True,True,0,0
2,797200,True,True,0,0
2,797300,True,True,0,0
2,797400,True,True,0,0
2,797500,True,True,0,0
2,797600,True,True,0,0
2,797700,True,True,0,0
2,797800,True,True,0,0
2,797900,True,True,0,0
2,798000,True,True,0,0
2,798100,True,True,0,0
2,798200,True,True,0,0
2,798300,True,True,0,0
2,798400,True,True,0,0
2,798500,True,True,0,0
2,798600,True,True,0,0
2,798700,True,True,0,0
2,798800,True,True,0,0
2,798900,True,True,0,0
2,799000,True,True,0,0
2,799100,True,True,0,0
2,799200,True,True,0,0
2,799300,True,True,0,0
2,799400,True,True,0,0
2,799500,True,True,0,0
2,799600,True,True,0,0
2,799700,True,True,0,0
2,799800,True,True,0,0
2,799900,True,True,0,0
2,800000,True,True,0,0
2,800100,True,True,0,0
2,800200,True,True,0,0
2,800300,True,True,0,0
2,800400,True,True,0,0
2,800500,True,True,0,0
2,800600,True,True,0,0
2,800700,True,True,0,0
2,800800,True,True,0,0
2,800900,True,True,0,0
2,801000,True,True,0,0
2,801100,True,True,0,0
2,801200,True,True,0,0
2,801300,True,True,0,0
2,801400,True,True,0,0
2,801500,True,True,0,0
2,801600,True,True,0,0
2,801700,True,True,0,0
2,801800,True,True,0,0
2,801900,True,True,0,0
2,802000,True,True,0,0
2,802100,True,True,0,0
2,802200,True,True,0,0
2,802300,True,True,0,0
2,802400,True,True,0,0
2,802500,True,True,0,0
2,802600,True,True,0,0
2,802700,True,True,0,0
2,802800,True,True,0,0
2,802900,True,True,0,0
2,803000,True,True,0,0
2,803100,True,True,0,0
2,803200,True,True,0,0
2,803300,True,True,0,0
2,803400,True,True,0,0
2,803500,True,True,0,0
2,803600,True,True,0,0
2,803700,True,True,0,0
2,803800,True,True,0,0
2,803900,True,True,0,0
2,804000,True,True,0,0
2,804100,True,True,0,0
2,804200,True,True,0,0
2,804300,True,True,0,0
2,804400,True,True,0,0
2,804500,True,True,0,0
2,804600,True,True,0,0
2,804700,True,True,0,0
2,804800,True,True,0,0
2,804900,True,True,0,0
2,805000,True,True,0,0
2,805100,True,True,0,0
2,805200,True,True,0,0
2,805300,True,True,0,0
2,805400,True,True,0,0
2,805500,True,True,0,0
2,805600,True,True,0,0
2,805700,True,True,0,0
2,805800,True,True,0,0
2,805900,True,True,0,0
2,806000,True,True,0,0
2,806100,True,True,0,0
2,806200,True,True,0,0
2,806300,True,True,0,0
2,806400,True,True,0,0
2,806500,True,True,0,0
2,806600,True,True,0,0
2,806700,True,True,0,0
2,806800,True,True,0,0
2,806900,True,True,0,0
2,807000,True,True,0,0
2,807100,True,True,0,0
2,807200,True,True,0,0
2,807300,True,True,0,0
2,807400,True,True,0,0
2,807500,True,True,0,0
2,807600,True,True,0,0
2,807700,True,True,0,0
2,807800,True,True,0,0
2,807900,True,True,0,0
2,808000,True,True,0,0
2,808100,True,True,0,0
2,808200,True,True,0,0
2,808300,True,True,0,0
2,808400,True,True,0,0
2,808500,True,True,0,0
2,808600,True,True,0,0
2,808700,True,True,0,0
2,808800,True,True,0,0
2,808900,True,True,0,0
2,809000,True,True,0,0
2,809100,True,True,0,0
2,809200,True,True,0,0
2,809300,True,True,0,0
2,809400,True,True,0,0
2,809500,True,True,0,0
2,809600,True,True,0,0
2,809700,True,True,0,0
2,809800,True,True,0,0
2,809900,True,True,0,0
2,810000,True,True,0,0
2,810100,True,True,0,0
2,810200,True,True,0,0
2,810300,True,True,0,0
2,810400,True,True,0,0
2,810500,True,True,0,0
2,810600,True,True,0,0
2,810700,True,True,0,0
2,810800,True,True,0,0
2,810900,True,True,0,0
2,811000,True,True,0,0
2,811100,True,True,0,0
2,811200,True,True,0,0
2,811300,True,True,0,0
2,811400,True,True,0,0
2,811500,True,True,0,0
2,811600,True,True,0,0
2,811700,True,True,0,0
2,811800,True,True,0,0
2,811900,True,True,0,0
2,812000,True,True,0,0
2,812100,True,True,0,0
2,812200,True,True,0,0
2,812300,True,True,0,0
2,812400,True,True,0,0
2,812500,True,True,0,0
2,812600,True,True,0,0
2,812700,True,True,0,0
2,812800,True,True,0,0
2,812900,True,True,0,0
2,813000,True,True,0,0
2,813100,True,True,0,0
2,813200,True,True,0,0
2,813300,True,True,0,0
2,813400,True,True,0,0
2,813500,True,True,0,0
2,813600,True,True,0,0
2,813700,True,True,0,0
2,813800,True,True,0,0
2,813900,True,True,0,0
2,814000,True,True,0,0
2,814100,True,True,0,0
2,814200,True,True,0,0
2,814300,True,True,0,0
2,814400,True,True,0,0
2,814500,True,True,0,0
2,814600,True,True,0,0
2,814700,True,True,0,0
2,814800,True,True,0,0
2,814900,True,True,0,0
2,815000,True,True,0,0
2,815100,True,True,0,0
2,815200,True,True,0,0
2,815300,True,True,0,0
2,815400,True,True,0,0
2,815500,True,True,0,0
2,815600,True,True,0,0
2,815700,True,True,0,0
2,815800,True,True,0,0
2,815900,True,True,0,0
2,816000,True,True,0,0
2,816100,True,True,0,0
2,816200,True,True,0,0
2,816300,True,True,0,0
2,816400,True,True,0,0
2,816500,True,True,0,0
2,816600,True,True,0,0
2,816700,True,True,0,0
2,816800,True,True,0,0
2,816900,True,True,0,0
2,817000,True,True,0,0
2,817100,True,True,0,0
2,817200,True,True,0,0
2,817300,True,True,0,0
2,817400,True,True,0,0
2,817500,True,True,0,0
2,817600,True,True,0,0
2,817700,True,True,0,0
2,817800,True,True,0,0
2,817900,True,True,0,0
2,818000,True,True,0,0
2,818100,True,True,0,0
2,818200,True,True,0,0
2,818300,True,True,0,0
2,818400,True,True,0,0
2,818500,True,True,0,0
2,818600,True,True,0,0
2,818700,True,True,0,0
2,818800,True,True,0,0
2,818900,True,True,0,0
2,819000,True,True,0,0
2,819100,True,True,0,0
2,819200,True,True,0,0
2,819300,True,True,0,0
2,819400,True,True,0,0
2,819500,True,True,0,0
2,819600,True,True,0,0
2,819700,True,True,0,0
2,819800,True,True,0,0
2,819900,True,True,0,0
2,820000,True,True,0,0
2,820100,True,True,0,0
2,820200,True,True,0,0
2,820300,True,True,0,0
2,820400,True,True,0,0
2,820500,True,True,0,0
2,820600,True,True,0,0
2,820700,True,True,0,0
2,820800,True,True,0,0
2,820900,True,True,0,0
2,821000,True,True,0,0
2,821100,True,True,0,0
2,821200,True,True,0,0
2,821300,True,True,0,0
2,821400,True,True,0,0
2,821500,True,True,0,0
2,821600,True,True,0,0
2,821700,True,True,0,0
2,821800,True,True,0,0
2,821900,True,True,0,0
2,822000,True,True,0,0
2,822100,True,True,0,0
2,822200,True,True,0,0
2,822300,True,True,0,0
2,822400,True,True,0,0
2,822500,True,True,0,0
2,822600,True,True,0,0
2,822700,True,True,0,0
2,822800,True,True,0,0
2,822900,True,True,0,0
2,823000,True,True,0,0
2,823100,True,True,0,0
2,823200,True,True,0,0
2,823300,True,True,0,0
2,823400,True,True,0,0
2,823500,True,True,0,0
2,823600,True,True,0,0
2,823700,True,True,0,0
2,823800,True,True,0,0
2,823900,True,True,0,0
2,824000,True,True,0,0
2,824100,True,True,0,0
2,824200,True,True,0,0
2,824300,True,True,0,0
2,824400,True,True,0,0
2,824500,True,True,0,0
2,824600,True,True,0,0
2,824700,True,True,0,0
2,824800,True,True,0,0
2,824900,True,True,0,0
2,825000,True,True,0,0
2,825100,True,True,0,0
2,825200,True,True,0,0
2,825300,True,True,0,0
2,825400,True,True,0,0
2,825500,True,True,0,0
2,825600,True,True,0,0
2,825700,True,True,0,0
2,825800,True,True,0,0
2,825900,True,True,0,0
2,826000,True,True,0,0
2,826100,True,True,0,0
2,826200,True,True,0,0
2,826300,True,True,0,0
2,826400,True,True,0,0
2,826500,True,True,0,0
2,826600,True,True,0,0
2,826700,True,True,0,0
2,826800,True,True,0,0
2,826900,True,True,0,0
2,827000,True,True,0,0
2,827100,True,True,0,0
2,827200,True,True,0,0
2,827300,True,True,0,0
2,827400,True,True,0,0
2,827500,True,True,0,0
2,827600,True,True,0,0
2,827700,True,True,0,0
2,827800,True,True,0,0
2,827900,True,True,0,0
2,828000,True,True,0,0
2,828100,True,True,0,0
2,828200,True,True,0,0
2,828300,True,True,0,0
2,828400,True,True,0,0
2,828500,True,True,0,0
2,828600,True,True,0,0
2,828700,True,True,0,0
2,828800,True,True,0,0
2,828900,True,True,0,0
2,829000,True,True,0,0
2,829100,True,True,0,0
2,829200,True,True,0,0
2,829300,True,True,0,0
2,829400,True,True,0,0
2,829500,True,True,0,0
2,829600,True,True,0,0
2,829700,True,True,0,0
2,829800,True,True,0,0
2,829900,True,True,0,0
2,830000,True,True,0,0
2,830100,True,True,0,0
2,830200,True,True,0,0
2,830300,True,True,0,0
2,830400,True,True,0,0
2,830500,True,True,0,0
2,830600,True,True,0,0
2,830700,True,True,0,0
2,830800,True,True,0,0
2,830900,True,True,0,0
2,831000,True,True,0,0
2,831100,True,True,0,0
2,831200,True,True,0,0
2,831300,True,True,0,0
2,831400,True,True,0,0
2,831500,True,True,0,0
2,831600,True,True,0,0
2,831700,True,True,0,0
2,831800,True,True,0,0
2,831900,True,True,0,0
2,832000,True,True,0,0
2,832100,True,True,0,0
2,832200,True,True,0,0
2,832300,True,True,0,0
2,832400,True,True,0,0
2,832500,True,True,0,0
2,832600,True,True,0,0
2,832700,True,True,0,0
2,832800,True,True,0,0
2,832900,True,True,0,0
2,833000,True,True,0,0
2,833100,True,True,0,0
2,833200,True,True,0,0
2,833300,True,True,0,0
2,833400,True,True,0,0
2,833500,True,True,0,0
2,833600,True,True,0,0
2,833700,True,True,0,0
2,833800,True,True,0,0
2,833900,True,True,0,0
2,834000,True,True,0,0
2,834100,True,True,0,0
2,834200,True,True,0,0
2,834300,True,True,0,0
2,834400,True,True,0,0
2,834500,True,True,0,0
2,834600,True,True,0,0
2,834700,True,True,0,0
2,834800,True,True,0,0
2,834900,True,True,0,0
2,835000,True,True,0,0
2,835100,True,True,0,0
2,835200,True,True,0,0
2,835300,True,True,0,0
2,835400,True,True,0,0
2,835500,True,True,0,0
2,835600,True,True,0,0
2,835700,True,True,0,0
2,835800,True,True,0,0
2,835900,True,True,0,0
2,836000,True,True,0,0
2,836100,True,True,0,0
2,836200,True,True,0,0
2,836300,True,True,0,0
2,836400,True,True,0,0
2,836500,True,True,0,0
2,836600,True,True,0,0
2,836700,True,True,0,0
2,836800,True,True,0,0
2,836900,True,True,0,0
2,837000,True,True,0,0
2,837100,True,True,0,0
2,837200,True,True,0,0
2,837300,True,True,0,0
2,837400,True,True,0,0
2,837500,True,True,0,0
2,837600,True,True,0,0
2,837700,True,True,0,0
2,837800,True,True,0,0
2,837900,True,True,0,0
2,838000,True,True,0,0
2,838100,True,True,0,0
2,838200,True,True,0,0
2,838300,True,True,0,0
2,838400,True,True,0,0
2,838500,True,True,0,0
2,838600,True,True,0,0
2,838700,True,True,0,0
2,838800,True,True,0,0
2,838900,True,True,0,0
2,839000,True,True,0,0
2,839100,True,True,0,0
2,839200,True,True,0,0
2,839300,True,True,0,0
2,839400,True,True,0,0
2,839500,True,True,0,0
2,839600,True,True,0,0
2,839700,True,True,0,0
2,839800,True,True,0,0
2,839900,True,True,0,0
2,840000,True,True,0,0
2,840100,True,True,0,0
2,840200,True,True,0,0
2,840300,True,True,0,0
2,840400,True,True,0,0
2,840500,True,True,0,0
2,840600,True,True,0,0
2,840700,True,True,0,0
2,840800,True,True,0,0
2,840900,True,True,0,0
2,841000,True,True,0,0
2,841100,True,True,0,0
2,841200,True,True,0,0
2,841300,True,True,0,0
2,841400,True,True,0,0
2,841500,True,True,0,0
2,841600,True,True,0,0
2,841700,True,True,0,0
2,841800,True,True,0,0
2,841900,True,True,0,0
2,842000,True,True,0,0
2,842100,True,True,0,0
2,842200,True,True,0,0
2,842300,True,True,0,0
2,842400,True,True,0,0
2,842500,True,True,0,0
2,842600,True,True,0,0
2,842700,True,True,0,0
2,842800,True,True,0,0
2,842900,True,True,0,0
2,843000,True,True,0,0
2,843100,True,True,0,0
2,843200,True,True,0,0
2,843300,True,True,0,0
2,843400,True,True,0,0
2,843500,True,True,0,0
2,843600,True,True,0,0
2,843700,True,True,0,0
2,843800,True,True,0,0
2,843900,True,True,0,0
2,844000,True,True,0,0
2,844100,True,True,0,0
2,844200,True,True,0,0
2,844300,True,True,0,0
2,844400,True,True,0,0
2,844500,True,True,0,0
2,844600,True,True,0,0
2,844700,True,True,0,0
2,844800,True,True,0,0
2,844900,True,True,0,0
2,845000,True,True,0,0
2,845100,True,True,0,0
2,845200,True,True,0,0
2,845300,True,True,0,0
2,845400,True,True,0,0
2,845500,True,True,0,0
2,845600,True,True,0,0
2,845700,True,True,0,0
2,845800,True,True,0,0
2,845900,True,True,0,0
2,846000,True,True,0,0
2,846100,True,True,0,0
2,846200,True,True,0,0
2,846300,True,True,0,0
2,846400,True,True,0,0
2,846500,True,True,0,0
2,846600,True,True,0,0
2,846700,True,True,0,0
2,846800,True,True,0,0
2,846900,True,True,0,0
2,847000,True,True,0,0
2,847100,True,True,0,0
2,847200,True,True,0,0
2,847300,True,True,0,0
2,847400,True,True,0,0
2,847500,True,True,0,0
2,847600,True,True,0,0
2,847700,True,True,0,0
2,847800,True,True,0,0
2,847900,True,True,0,0
2,848000,True,True,0,0
2,848100,True,True,0,0
2,848200,True,True,0,0
2,848300,True,True,0,0
2,848400,True,True,0,0
2,848500,True,True,0,0
2,848600,True,True,0,0
2,848700,True,True,0,0
2,848800,True,True,0,0
2,848900,True,True,0,0
2,849000,True,True,0,0
2,849100,True,True,0,0
2,849200,True,True,0,0
2,849300,True,True,0,0
2,849400,True,True,0,0
2,849500,True,True,0,0
2,849600,True,True,0,0
2,849700,True,True,0,0
2,849800,True,True,0,0
2,849900,True,True,0,0
2,850000,True,True,0,0
2,850100,True,True,0,0
2,850200,True,True,0,0
2,850300,True,True,0,0
2,850400,True,True,0,0
2,850500,True,True,0,0
2,850600,True,True,0,0
2,850700,True,True,0,0
2,850800,True,True,0,0
2,850900,True,True,0,0
2,851000,True,True,0,0
2,851100,True,True,0,0
2,851200,True,True,0,0
2,851300,True,True,0,0
2,851400,True,True,0,0
2,851500,True,True,0,0
2,851600,True,True,0,0
2,851700,True,True,0,0
2,851800,True,True,0,0
2,851900,True,True,0,0
2,852000,True,True,0,0
2,852100,True,True,0,0
2,852200,True,True,0,0
2,852300,True,True,0,0
2,852400,True,True,0,0
2,852500,True,True,0,0
2,852600,True,True,0,0
2,852700,True,True,0,0
2,852800,True,True,0,0
2,852900,True,True,0,0
2,853000,True,True,0,0
2,853100,True,True,0,0
2,853200,True,True,0,0
2,853300,True,True,0,0
2,853400,True,True,0,0
2,853500,True,True,0,0
2,853600,True,True,0,0
2,853700,True,True,0,0
2,853800,True,True,0,0
2,853900,True,True,0,0
2,854000,True,True,0,0
2,854100,True,True,0,0
2,854200,True,True,0,0
2,854300,True,True,0,0
2,854400,True,True,0,0
2,854500,True,True,0,0
2,854600,True,True,0,0
2,854700,True,True,0,0
2,854800,True,True,0,0
2,854900,True,True,0,0
2,855000,True,True,0,0
2,855100,True,True,0,0
2,855200,True,True,0,0
2,855300,True,True,0,0
2,855400,True,True,0,0
2,855500,True,True,0,0
2,855600,True,True,0,0
2,855700,True,True,0,0
2,855800,True,True,0,0
2,855900,True,True,0,0
2,856000,True,True,0,0
2,856100,True,True,0,0
2,856200,True,True,0,0
2,856300,True,True,0,0
2,856400,True,True,0,0
2,856500,True,True,0,0
2,856600,True,True,0,0
2,856700,True,True,0,0
2,856800,True,True,0,0
2,856900,True,True,0,0
2,857000,True,True,0,0
2,857100,True,True,0,0
2,857200,True,True,0,0
2,857300,True,True,0,0
2,857400,True,True,0,0
2,857500,True,True,0,0
2,857600,True,True,0,0
2,857700,True,True,0,0
2,857800,True,True,0,0
2,857900,True,True,0,0
2,858000,True,True,0,0
2,858100,True,True,0,0
2,858200,True,True,0,0
2,858300,True,True,0,0
2,858400,True,True,0,0
2,858500,True,True,0,0
2,858600,True,True,0,0
2,858700,True,True,0,0
2,858800,True,True,0,0
2,858900,True,True,0,0
2,859000,True,True,0,0
2,859100,True,True,0,0
2,859200,True,True,0,0
2,859300,True,True,0,0
2,859400,True,True,0,0
2,859500,True,True,0,0
2,859600,True,True,0,0
2,859700,True,True,0,0
2,859800,True,True,0,0
2,859900,True,True,0,0
2,860000,True,True,0,0
2,860100,True,True,0,0
2,860200,True,True,0,0
2,860300,True,True,0,0
2,860400,True,True,0,0
2,860500,True,True,0,0
2,860600,True,True,0,0
2,860700,True,True,0,0
2,860800,True,True,0,0
2,860900,True,True,0,0
2,861000,True,True,0,0
2,861100,True,True,0,0
2,861200,True,True,0,0
2,861300,True,True,0,0
2,861400,True,True,0,0
2,861500,True,True,0,0
2,861600,True,True,0,0
2,861700,True,True,0,0
2,861800,True,True,0,0
2,861900,True,True,0,0
2,862000,True,True,0,0
2,862100,True,True,0,0
2,862200,True,True,0,0
2,862300,True,True,0,0
2,862400,True,True,0,0
2,862500,True,True,0,0
2,862600,True,True,0,0
2,862700,True,True,0,0
2,862800,True,True,0,0
2,862900,True,True,0,0
2,863000,True,True,0,0
2,863100,True,True,0,0
2,863200,True,True,0,0
2,863300,True,True,0,0
2,863400,True,True,0,0
2,863500,True,True,0,0
2,863600,True,True,0,0
2,863700,True,True,0,0
2,863800,True,True,0,0
2,863900,True,True,0,0
2,864000,True,True,0,0
2,864100,True,True,0,0
2,864200,True,True,0,0
2,864300,True,True,0,0
2,864400,True,True,0,0
2,864500,True,True,0,0
2,864600,True,True,0,0
2,864700,True,True,0,0
2,864800,True,True,0,0
2,864900,True,True,0,0
2,865000,True,True,0,0
2,865100,True,True,0,0
2,865200,True,True,0,0
2,865300,True,True,0,0
2,865400,True,True,0,0
2,865500,True,True,0,0
2,865600,True,True,0,0
2,865700,True,True,0,0
2,865800,True,True,0,0
2,865900,True,True,0,0
2,866000,True,True,0,0
2,866100,True,True,0,0
2,866200,True,True,0,0
2,866300,True,True,0,0
2,866400,True,True,0,0
2,866500,True,True,0,0
2,866600,True,True,0,0
2,866700,True,True,0,0
2,866800,True,True,0,0
2,866900,True,True,0,0
2,867000,True,True,0,0
2,867100,True,True,0,0
2,867200,True,True,0,0
2,867300,True,True,0,0
2,867400,True,True,0,0
2,867500,True,True,0,0
2,867600,True,True,0,0
2,867700,True,True,0,0
2,867800,True,True,0,0
2,867900,True,True,0,0
2,868000,True,True,0,0
2,868100,True,True,0,0
2,868200,True,True,0,0
2,868300,True,True,0,0
2,868400,True,True,0,0
2,868500,True,True,0,0
2,868600,True,True,0,0
2,868700,True,True,0,0
2,868800,True,True,0,0
2,868900,True,True,0,0
2,869000,True,True,0,0
2,869100,True,True,0,0
2,869200,True,True,0,0
2,869300,True,True,0,0
2,869400,True,True,0,0
2,869500,True,True,0,0
2,869600,True,True,0,0
2,869700,True,True,0,0
2,869800,True,True,0,0
2,869900,True,True,0,0
2,870000,True,True,0,0
2,870100,True,True,0,0
2,870200,True,True,0,0
2,870300,True,True,0,0
2,870400,True,True,0,0
2,870500,True,True,0,0
2,870600,True,True,0,0
2,870700,True,True,0,0
2,870800,True,True,0,0
2,870900,True,True,0,0
2,871000,True,True,0,0
2,871100,True,True,0,0
2,871200,True,True,0,0
2,871300,True,True,0,0
2,871400,True,True,0,0
2,871500,True,True,0,0
2,871600,True,True,0,0
2,871700,True,True,0,0
2,871800,True,True,0,0
2,871900,True,True,0,0
2,872000,True,True,0,0
2,872100,True,True,0,0
2,872200,True,True,0,0
2,872300,True,True,0,0
2,872400,True,True,0,0
2,872500,True,True,0,0
2,872600,True,True,0,0
2,872700,True,True,0,0
2,872800,True,True,0,0
2,872900,True,True,0,0
2,873000,True,True,0,0
2,873100,True,True,0,0
2,873200,True,True,0,0
2,873300,True,True,0,0
2,873400,True,True,0,0
2,873500,True,True,0,0
2,873600,True,True,0,0
2,873700,True,True,0,0
2,873800,True,True,0,0
2,873900,True,True,0,0
2,874000,True,True,0,0
2,874100,True,True,0,0
2,874200,True,True,0,0
2,874300,True,True,0,0
2,874400,True,True,0,0
2,874500,True,True,0,0
2,874600,True,True,0,0
2,874700,True,True,0,0
2,874800,True,True,0,0
2,874900,True,True,0,0
2,875000,True,True,0,0
2,875100,True,True,0,0
2,875200,True,True,0,0
2,875300,True,True,0,0
2,875400,True,True,0,0
2,875500,True,True,0,0
2,875600,True,True,0,0
2,875700,True,True,0,0
2,875800,True,True,0,0
2,875900,True,True,0,0
2,876000,True,True,0,0
2,876100,True,True,0,0
2,876200,True,True,0,0
2,876300,True,True,0,0
2,876400,True,True,0,0
2,876500,True,True,0,0
2,876600,True,True,0,0
2,876700,True,True,0,0
2,876800,True,True,0,0
2,876900,True,True,0,0
2,877000,True,True,0,0
2,877100,True,True,0,0
2,877200,True,True,0,0
2,877300,True,True,0,0
2,877400,True,True,0,0
2,877500,True,True,0,0
2,877600,True,True,0,0
2,877700,True,True,0,0
2,877800,True,True,0,0
2,877900,True,True,0,0
2,878000,True,True,0,0
2,878100,True,True,0,0
2,878200,True,True,0,0
2,878300,True,True,0,0
2,878400,True,True,0,0
2,878500,True,True,0,0
2,878600,True,True,0,0
2,878700,True,True,0,0
2,878800,True,True,0,0
2,878900,True,True,0,0
2,879000,True,True,0,0
2,879100,True,True,0,0
2,879200,True,True,0,0
2,879300,True,True,0,0
2,879400,True,True,0,0
2,879500,True,True,0,0
2,879600,True,True,0,0
2,879700,True,True,0,0
2,879800,True,True,0,0
2,879900,True,True,0,0
2,880000,True,True,0,0
2,880100,True,True,0,0
2,880200,True,True,0,0
2,880300,True,True,0,0
2,880400,True,True,0,0
2,880500,True,True,0,0
2,880600,True,True,0,0
2,880700,True,True,0,0
2,880800,True,True,0,0
2,880900,True,True,0,0
2,881000,True,True,0,0
2,881100,True,True,0,0
2,881200,True,True,0,0
2,881300,True,True,0,0
2,881400,True,True,0,0
2,881500,True,True,0,0
2,881600,True,True,0,0
2,881700,True,True,0,0
2,881800,True,True,0,0
2,881900,True,True,0,0
2,882000,True,True,0,0
2,882100,True,True,0,0
2,882200,True,True,0,0
2,882300,True,True,0,0
2,882400,True,True,0,0
2,882500,True,True,0,0
2,882600,True,True,0,0
2,882700,True,True,0,0
2,882800,True,True,0,0
2,882900,True,True,0,0
2,883000,True,True,0,0
2,883100,True,True,0,0
2,883200,True,True,0,0
2,883300,True,True,0,0
2,883400,True,True,0,0
2,883500,True,True,0,0
2,883600,True,True,0,0
2,883700,True,True,0,0
2,883800,True,True,0,0
2,883900,True,True,0,0
2,884000,True,True,0,0
2,884100,True,True,0,0
2,884200,True,True,0,0
2,884300,True,True,0,0
2,884400,True,True,0,0
2,884500,True,True,0,0
2,884600,True,True,0,0
2,884700,True,True,0,0
2,884800,True,True,0,0
2,884900,True,True,0,0
2,885000,True,True,0,0
2,885100,True,True,0,0
2,885200,True,True,0,0
2,885300,True,True,0,0
2,885400,True,True,0,0
2,885500,True,True,0,0
2,885600,True,True,0,0
2,885700,True,True,0,0
2,885800,True,True,0,0
2,885900,True,True,0,0
2,886000,True,True,0,0
2,886100,True,True,0,0
2,886200,True,True,0,0
2,886300,True,True,0,0
2,886400,True,True,0,0
2,886500,True,True,0,0
2,886600,True,True,0,0
2,886700,True,True,0,0
2,886800,True,True,0,0
2,886900,True,True,0,0
2,887000,True,True,0,0
2,887100,True,True,0,0
2,887200,True,True,0,0
2,887300,True,True,0,0
2,887400,True,True,0,0
2,887500,True,True,0,0
2,887600,True,True,0,0
2,887700,True,True,0,0
2,887800,True,True,0,0
2,887900,True,True,0,0
2,888000,True,True,0,0
2,888100,True,True,0,0
2,888200,True,True,0,0
2,888300,True,True,0,0
2,888400,True,True,0,0
2,888500,True,True,0,0
2,888600,True,True,0,0
2,888700,True,True,0,0
2,888800,True,True,0,0
2,888900,True,True,0,0
2,889000,True,True,0,0
2,889100,True,True,0,0
2,889200,True,True,0,0
2,889300,True,True,0,0
2,889400,True,True,0,0
2,889500,True,True,0,0
2,889600,True,True,0,0
2,889700,True,True,0,0
2,889800,True,True,0,0
2,889900,True,True,0,0
2,890000,True,True,0,0
2,890100,True,True,0,0
2,890200,True,True,0,0
2,890300,True,True,0,0
2,890400,True,True,0,0
2,890500,True,True,0,0
2,890600,True,True,0,0
2,890700,True,True,0,0
2,890800,True,True,0,0
2,890900,True,True,0,0
2,891000,True,True,0,0
2,891100,True,True,0,0
2,891200,True,True,0,0
2,891300,True,True,0,0
2,891400,True,True,0,0
2,891500,True,True,0,0
2,891600,True,True,0,0
2,891700,True,True,0,0
2,891800,True,True,0,0
2,891900,True,True,0,0
2,892000,True,True,0,0
2,892100,True,True,0,0
2,892200,True,True,0,0
2,892300,True,True,0,0
2,892400,True,True,0,0
2,892500,True,True,0,0
2,892600,True,True,0,0
2,892700,True,True,0,0
2,892800,True,True,0,0
2,892900,True,True,0,0
2,893000,True,True,0,0
2,893100,True,True,0,0
2,893200,True,True,0,0
2,893300,True,True,0,0
2,893400,True,True,0,0
2,893500,True,True,0,0
2,893600,True,True,0,0
2,893700,True,True,0,0
2,893800,True,True,0,0
2,893900,True,True,0,0
2,894000,True,True,0,0
2,894100,True,True,0,0
2,894200,True,True,0,0
2,894300,True,True,0,0
2,894400,True,True,0,0
2,894500,True,True,0,0
2,894600,True,True,0,0
2,894700,True,True,0,0
2,894800,True,True,0,0
2,894900,True,True,0,0
2,895000,True,True,0,0
2,895100,True,True,0,0
2,895200,True,True,0,0
2,895300,True,True,0,0
2,895400,True,True,0,0
2,895500,True,True,0,0
2,895600,True,True,0,0
2,895700,True,True,0,0
2,895800,True,True,0,0
2,895900,True,True,0,0
2,896000,True,True,0,0
2,896100,True,True,0,0
2,896200,True,True,0,0
2,896300,True,True,0,0
2,896400,True,True,0,0
2,896500,True,True,0,0
2,896600,True,True,0,0
2,896700,True,True,0,0
2,896800,True,True,0,0
2,896900,True,True,0,0
2,897000,True,True,0,0
2,897100,True,True,0,0
2,897200,True,True,0,0
2,897300,True,True,0,0
2,897400,True,True,0,0
2,897500,True,True,0,0
2,897600,True,True,0,0
2,897700,True,True,0,0
2,897800,True,True,0,0
2,897900,True,True,0,0
2,898000,True,True,0,0
2,898100,True,True,0,0
2,898200,True,True,0,0
2,898300,True,True,0,0
2,898400,True,True,0,0
2,898500,True,True,0,0
2,898600,True,True,0,0
2,898700,True,True,0,0
2,898800,True,True,0,0
2,898900,True,True,0,0
2,899000,True,True,0,0
2,899100,True,True,0,0
2,899200,True,True,0,0
2,899300,True,True,0,0
2,899400,True,True,0,0
2,899500,True,True,0,0
2,899600,True,True,0,0
2,899700,True,True,0,0
2,899800,True,True,0,0
2,899900,True,True,0,0
2,900000,True,True,0,0
2,900100,True,True,0,0
2,900200,True,True,0,0
2,900300,True,True,0,0
2,900400,True,True,0,0
2,900500,True,True,0,0
2,900600,True,True,0,0
2,900700,True,True,0,0
2,900800,True,True,0,0
2,900900,True,True,0,0
2,901000,True,True,0,0
2,901100,True,True,0,0
2,901200,True,True,0,0
2,901300,True,True,0,0
2,901400,True,True,0,0
2,901500,True,True,0,0
2,901600,True,True,0,0
2,901700,True,True,0,0
2,901800,True,True,0,0
2,901900,True,True,0,0
2,902000,True,True,0,0
2,902100,True,True,0,0
2,902200,True,True,0,0
2,902300,True,True,0,0
2,902400,True,True,0,0
2,902500,True,True,0,0
2,902600,True,True,0,0
2,902700,True,True,0,0
2,902800,True,True,0,0
2,902900,True,True,0,0
2,903000,True,True,0,0
2,903100,True,True,0,0
2,903200,True,True,0,0
2,903300,True,True,0,0
2,903400,True,True,0,0
2,903500,True,True,0,0
2,903600,True,True,0,0
2,903700,True,True,0,0
2,903800,True,True,0,0
2,903900,True,True,0,0
2,904000,True,True,0,0
2,904100,True,True,0,0
2,904200,True,True,0,0
2,904300,True,True,0,0
2,904400,True,True,0,0
2,904500,True,True,0,0
2,904600,True,True,0,0
2,904700,True,True,0,0
2,904800,True,True,0,0
2,904900,True,True,0,0
2,905000,True,True,0,0
2,905100,True,True,0,0
2,905200,True,True,0,0
2,905300,True,True,0,0
2,905400,True,True,0,0
2,905500,True,True,0,0
2,905600,True,True,0,0
2,905700,True,True,0,0
2,905800,True,True,0,0
2,905900,True,True,0,0
2,906000,True,True,0,0
2,906100,True,True,0,0
2,906200,True,True,0,0
2,906300,True,True,0,0
2,906400,True,True,0,0
2,906500,True,True,0,0
2,906600,True,True,0,0
2,906700,True,True,0,0
2,906800,True,True,0,0
2,906900,True,True,0,0
2,907000,True,True,0,0
2,907100,True,True,0,0
2,907200,True,True,0,0
2,907300,True,True,0,0
2,907400,True,True,0,0
2,907500,True,True,0,0
2,907600,True,True,0,0
2,907700,True,True,0,0
2,907800,True,True,0,0
2,907900,True,True,0,0
2,908000,True,True,0,0
2,908100,True,True,0,0
2,908200,True,True,0,0
2,908300,True,True,0,0
2,908400,True,True,0,0
2,908500,True,True,0,0
2,908600,True,True,0,0
2,908700,True,True,0,0
2,908800,True,True,0,0
2,908900,True,True,0,0
2,909000,True,True,0,0
2,909100,True,True,0,0
2,909200,True,True,0,0
2,909300,True,True,0,0
2,909400,True,True,0,0
2,909500,True,True,0,0
2,909600,True,True,0,0
2,909700,True,True,0,0
2,909800,True,True,0,0
2,909900,True,True,0,0
2,910000,True,True,0,0
2,910100,True,True,0,0
2,910200,True,True,0,0
2,910300,True,True,0,0
2,910400,True,True,0,0
2,910500,True,True,0,0
2,910600,True,True,0,0
2,910700,True,True,0,0
2,910800,True,True,0,0
2,910900,True,True,0,0
2,911000,True,True,0,0
2,911100,True,True,0,0
2,911200,True,True,0,0
2,911300,True,True,0,0
2,911400,True,True,0,0
2,911500,True,True,0,0
2,911600,True,True,0,0
2,911700,True,True,0,0
2,911800,True,True,0,0
2,911900,True,True,0,0
2,912000,True,True,0,0
2,912100,True,True,0,0
2,912200,True,True,0,0
2,912300,True,True,0,0
2,912400,True,True,0,0
2,912500,True,True,0,0
2,912600,True,True,0,0
2,912700,True,True,0,0
2,912800,True,True,0,0
2,912900,True,True,0,0
2,913000,True,True,0,0
2,913100,True,True,0,0
2,913200,True,True,0,0
2,913300,True,True,0,0
2,913400,True,True,0,0
2,913500,True,True,0,0
2,913600,True,True,0,0
2,913700,True,True,0,0
2,913800,True,True,0,0
2,913900,True,True,0,0
2,914000,True,True,0,0
2,914100,True,True,0,0
2,914200,True,True,0,0
2,914300,True,True,0,0
2,914400,True,True,0,0
2,914500,True,True,0,0
2,914600,True,True,0,0
2,914700,True,True,0,0
2,914800,True,True,0,0
2,914900,True,True,0,0
2,915000,True,True,0,0
2,915100,True,True,0,0
2,915200,True,True,0,0
2,915300,True,True,0,0
2,915400,True,True,0,0
2,915500,True,True,0,0
2,915600,True,True,0,0
2,915700,True,True,0,0
2,915800,True,True,0,0
2,915900,True,True,0,0
2,916000,True,True,0,0
2,916100,True,True,0,0
2,916200,True,True,0,0
2,916300,True,True,0,0
2,916400,True,True,0,0
2,916500,True,True,0,0
2,916600,True,True,0,0
2,916700,True,True,0,0
2,916800,True,True,0,0
2,916900,True,True,0,0
2,917000,True,True,0,0
2,917100,True,True,0,0
2,917200,True,True,0,0
2,917300,True,True,0,0
2,917400,True,True,0,0
2,917500,True,True,0,0
2,917600,True,True,0,0
2,917700,True,True,0,0
2,917800,True,True,0,0
2,917900,True,True,0,0
2,918000,True,True,0,0
2,918100,True,True,0,0
2,918200,True,True,0,0
2,918300,True,True,0,0
2,918400,True,True,0,0
2,918500,True,True,0,0
2,918600,True,True,0,0
2,918700,True,True,0,0
2,918800,True,True,0,0
2,918900,True,True,0,0
2,919000,True,True,0,0
2,919100,True,True,0,0
2,919200,True,True,0,0
2,919300,True,True,0,0
2,919400,True,True,0,0
2,919500,True,True,0,0
2,919600,True,True,0,0
2,919700,True,True,0,0
2,919800,True,True,0,0
2,919900,True,True,0,0
2,920000,True,True,0,0
2,920100,True,True,0,0
2,920200,True,True,0,0
2,920300,True,True,0,0
2,920400,True,True,0,0
2,920500,True,True,0,0
2,920600,True,True,0,0
2,920700,True,True,0,0
2,920800,True,True,0,0
2,920900,True,True,0,0
2,921000,True,True,0,0
2,921100,True,True,0,0
2,921200,True,True,0,0
2,921300,True,True,0,0
2,921400,True,True,0,0
2,921500,True,True,0,0
2,921600,True,True,0,0
2,921700,True,True,0,0
2,921800,True,True,0,0
2,921900,True,True,0,0
2,922000,True,True,0,0
2,922100,True,True,0,0
2,922200,True,True,0,0
2,922300,True,True,0,0
2,922400,True,True,0,0
2,922500,True,True,0,0
2,922600,True,True,0,0
2,922700,True,True,0,0
2,922800,True,True,0,0
2,922900,True,True,0,0
2,923000,True,True,0,0
2,923100,True,True,0,0
2,923200,True,True,0,0
2,923300,True,True,0,0
2,923400,True,True,0,0
2,923500,True,True,0,0
2,923600,True,True,0,0
2,923700,True,True,0,0
2,923800,True,True,0,0
2,923900,True,True,0,0
2,924000,True,True,0,0
2,924100,True,True,0,0
2,924200,True,True,0,0
2,924300,True,True,0,0
2,924400,True,True,0,0
2,924500,True,True,0,0
2,924600,True,True,0,0
2,924700,True,True,0,0
2,924800,True,True,0,0
2,924900,True,True,0,0
2,925000,True,True,0,0
2,925100,True,True,0,0
2,925200,True,True,0,0
2,925300,True,True,0,0
2,925400,True,True,0,0
2,925500,True,True,0,0
2,925600,True,True,0,0
2,925700,True,True,0,0
2,925800,True,True,0,0
2,925900,True,True,0,0
2,926000,True,True,0,0
2,926100,True,True,0,0
2,926200,True,True,0,0
2,926300,True,True,0,0
2,926400,True,True,0,0
2,926500,True,True,0,0
2,926600,True,True,0,0
2,926700,True,True,0,0
2,926800,True,True,0,0
2,926900,True,True,0,0
2,927000,True,True,0,0
2,927100,True,True,0,0
2,927200,True,True,0,0
2,927300,True,True,0,0
2,927400,True,True,0,0
2,927500,True,True,0,0
2,927600,True,True,0,0
2,927700,True,True,0,0
2,927800,True,True,0,0
2,927900,True,True,0,0
2,928000,True,True,0,0
2,928100,True,True,0,0
2,928200,True,True,0,0
2,928300,True,True,0,0
2,928400,True,True,0,0
2,928500,True,True,0,0
2,928600,True,True,0,0
2,928700,True,True,0,0
2,928800,True,True,0,0
2,928900,True,True,0,0
2,929000,True,True,0,0
2,929100,True,True,0,0
2,929200,True,True,0,0
2,929300,True,True,0,0
2,929400,True,True,0,0
2,929500,True,True,0,0
2,929600,True,True,0,0
2,929700,True,True,0,0
2,929800,True,True,0,0
2,929900,True,True,0,0
2,930000,True,True,0,0
2,930100,True,True,0,0
2,930200,True,True,0,0
2,930300,True,True,0,0
2,930400,True,True,0,0
2,930500,True,True,0,0
2,930600,True,True,0,0
2,930700,True,True,0,0
2,930800,True,True,0,0
2,930900,True,True,0,0
2,931000,True,True,0,0
2,931100,True,True,0,0
2,931200,True,True,0,0
2,931300,True,True,0,0
2,931400,True,True,0,0
2,931500,True,True,0,0
2,931600,True,True,0,0
2,931700,True,True,0,0
2,931800,True,True,0,0
2,931900,True,True,0,0
2,932000,True,True,0,0
2,932100,True,True,0,0
2,932200,True,True,0,0
2,932300,True,True,0,0
2,932400,True,True,0,0
2,932500,True,True,0,0
2,932600,True,True,0,0
2,932700,True,True,0,0
2,932800,True,True,0,0
2,932900,True,True,0,0
2,933000,True,True,0,0
2,933100,True,True,0,0
2,933200,True,True,0,0
2,933300,True,True,0,0
2,933400,True,True,0,0
2,933500,True,True,0,0
2,933600,True,True,0,0
2,933700,True,True,0,0
2,933800,True,True,0,0
2,933900,True,True,0,0
2,934000,True,True,0,0
2,934100,True,True,0,0
2,934200,True,True,0,0
2,934300,True,True,0,0
2,934400,True,True,0,0
2,934500,True,True,0,0
2,934600,True,True,0,0
2,934700,True,True,0,0
2,934800,True,True,0,0
2,934900,True,True,0,0
2,935000,True,True,0,0
2,935100,True,True,0,0
2,935200,True,True,0,0
2,935300,True,True,0,0
2,935400,True,True,0,0
2,935500,True,True,0,0
2,935600,True,True,0,0
2,935700,True,True,0,0
2,935800,True,True,0,0
2,935900,True,True,0,0
2,936000,True,True,0,0
2,936100,True,True,0,0
2,936200,True,True,0,0
2,936300,True,True,0,0
2,936400,True,True,0,0
2,936500,True,True,0,0
2,936600,True,True,0,0
2,936700,True,True,0,0
2,936800,True,True,0,0
2,936900,True,True,0,0
2,937000,True,True,0,0
2,937100,True,True,0,0
2,937200,True,True,0,0
2,937300,True,True,0,0
2,937400,True,True,0,0
2,937500,True,True,0,0
2,937600,True,True,0,0
2,937700,True,True,0,0
2,937800,True,True,0,0
2,937900,True,True,0,0
2,938000,True,True,0,0
2,938100,True,True,0,0
2,938200,True,True,0,0
2,938300,True,True,0,0
2,938400,True,True,0,0
2,938500,True,True,0,0
2,938600,True,True,0,0
2,938700,True,True,0,0
2,938800,True,True,0,0
2,938900,True,True,0,0
2,939000,True,True,0,0
2,939100,True,True,0,0
2,939200,True,True,0,0
2,939300,True,True,0,0
2,939400,True,True,0,0
2,939500,True,True,0,0
2,939600,True,True,0,0
2,939700,True,True,0,0
2,939800,True,True,0,0
2,939900,True,True,0,0
2,940000,True,True,0,0
2,940100,True,True,0,0
2,940200,True,True,0,0
2,940300,True,True,0,0
2,940400,True,True,0,0
2,940500,True,True,0,0
2,940600,True,True,0,0
2,940700,True,True,0,0
2,940800,True,True,0,0
2,940900,True,True,0,0
2,941000,True,True,0,0
2,941100,True,True,0,0
2,941200,True,True,0,0
2,941300,True,True,0,0
2,941400,True,True,0,0
2,941500,True,True,0,0
2,941600,True,True,0,0
2,941700,True,True,0,0
2,941800,True,True,0,0
2,941900,True,True,0,0
2,942000,True,True,0,0
2,942100,True,True,0,0
2,942200,True,True,0,0
2,942300,True,True,0,0
2,942400,True,True,0,0
2,942500,True,True,0,0
2,942600,True,True,0,0
2,942700,True,True,0,0
2,942800,True,True,0,0
2,942900,True,True,0,0
2,943000,True,True,0,0
2,943100,True,True,0,0
2,943200,True,True,0,0
2,943300,True,True,0,0
2,943400,True,True,0,0
2,943500,True,True,0,0
2,943600,True,True,0,0
2,943700,True,True,0,0
2,943800,True,True,0,0
2,943900,True,True,0,0
2,944000,True,True,0,0
2,944100,True,True,0,0
2,944200,True,True,0,0
2,944300,True,True,0,0
2,944400,True,True,0,0
2,944500,True,True,0,0
2,944600,True,True,0,0
2,944700,True,True,0,0
2,944800,True,True,0,0
2,944900,True,True,0,0
2,945000,True,True,0,0
2,945100,True,True,0,0
2,945200,True,True,0,0
2,945300,True,True,0,0
2,945400,True,True,0,0
2,945500,True,True,0,0
2,945600,True,True,0,0
2,945700,True,True,0,0
2,945800,True,True,0,0
2,945900,True,True,0,0
2,946000,True,True,0,0
2,946100,True,True,0,0
2,946200,True,True,0,0
2,946300,True,True,0,0
2,946400,True,True,0,0
2,946500,True,True,0,0
2,946600,True,True,0,0
2,946700,True,True,0,0
2,946800,True,True,0,0
2,946900,True,True,0,0
2,947000,True,True,0,0
2,947100,True,True,0,0
2,947200,True,True,0,0
2,947300,True,True,0,0
2,947400,True,True,0,0
2,947500,True,True,0,0
2,947600,True,True,0,0
2,947700,True,True,0,0
2,947800,True,True,0,0
2,947900,True,True,0,0
2,948000,True,True,0,0
2,948100,True,True,0,0
2,948200,True,True,0,0
2,948300,True,True,0,0
2,948400,True,True,0,0
2,948500,True,True,0,0
2,948600,True,True,0,0
2,948700,True,True,0,0
2,948800,True,True,0,0
2,948900,True,True,0,0
2,949000,True,True,0,0
2,949100,True,True,0,0
2,949200,True,True,0,0
2,949300,True,True,0,0
2,949400,True,True,0,0
2,949500,True,True,0,0
2,949600,True,True,0,0
2,949700,True,True,0,0
2,949800,True,True,0,0
2,949900,True,True,0,0
2,950000,True,True,0,0
2,950100,True,True,0,0
2,950200,True,True,0,0
2,950300,True,True,0,0
2,950400,True,True,0,0
2,950500,True,True,0,0
2,950600,True,True,0,0
2,950700,True,True,0,0
2,950800,True,True,0,0
2,950900,True,True,0,0
2,951000,True,True,0,0
2,951100,True,True,0,0
2,951200,True,True,0,0
2,951300,True,True,0,0
2,951400,True,True,0,0
2,951500,True,True,0,0
2,951600,True,True,0,0
2,951700,True,True,0,0
2,951800,True,True,0,0
2,951900,True,True,0,0
2,952000,True,True,0,0
2,952100,True,True,0,0
2,952200,True,True,0,0
2,952300,True,True,0,0
2,952400,True,True,0,0
2,952500,True,True,0,0
2,952600,True,True,0,0
2,952700,True,True,0,0
2,952800,True,True,0,0
2,952900,True,True,0,0
2,953000,True,True,0,0
2,953100,True,True,0,0
2,953200,True,True,0,0
2,953300,True,True,0,0
2,953400,True,True,0,0
2,953500,True,True,0,0
2,953600,True,True,0,0
2,953700,True,True,0,0
2,953800,True,True,0,0
2,953900,True,True,0,0
2,954000,True,True,0,0
2,954100,True,True,0,0
2,954200,True,True,0,0
2,954300,True,True,0,0
2,954400,True,True,0,0
2,954500,True,True,0,0
2,954600,True,True,0,0
2,954700,True,True,0,0
2,954800,True,True,0,0
2,954900,True,True,0,0
2,955000,True,True,0,0
2,955100,True,True,0,0
2,955200,True,True,0,0
2,955300,True,True,0,0
2,955400,True,True,0,0
2,955500,True,True,0,0
2,955600,True,True,0,0
2,955700,True,True,0,0
2,955800,True,True,0,0
2,955900,True,True,0,0
2,956000,True,True,0,0
2,956100,True,True,0,0
2,956200,True,True,0,0
2,956300,True,True,0,0
2,956400,True,True,0,0
2,956500,True,True,0,0
2,956600,True,True,0,0
2,956700,True,True,0,0
2,956800,True,True,0,0
2,956900,True,True,0,0
2,957000,True,True,0,0
2,957100,True,True,0,0
2,957200,True,True,0,0
2,957300,True,True,0,0
2,957400,True,True,0,0
2,957500,True,True,0,0
2,957600,True,True,0,0
2,957700,True,True,0,0
2,957800,True,True,0,0
2,957900,True,True,0,0
2,958000,True,True,0,0
2,958100,True,True,0,0
2,958200,True,True,0,0
2,958300,True,True,0,0
2,958400,True,True,0,0
2,958500,True,True,0,0
2,958600,True,True,0,0
2,958700,True,True,0,0
2,958800,True,True,0,0
2,958900,True,True,0,0
2,959000,True,True,0,0
2,959100,True,True,0,0
2,959200,True,True,0,0
2,959300,True,True,0,0
2,959400,True,True,0,0
2,959500,True,True,0,0
2,959600,True,True,0,0
2,959700,True,True,0,0
2,959800,True,True,0,0
2,959900,True,True,0,0
2,960000,True,True,0,0
2,960100,True,True,0,0
2,960200,True,True,0,0
2,960300,True,True,0,0
2,960400,True,True,0,0
2,960500,True,True,0,0
2,960600,True,True,0,0
2,960700,True,True,0,0
2,960800,True,True,0,0
2,960900,True,True,0,0
2,961000,True,True,0,0
2,961100,True,True,0,0
2,961200,True,True,0,0
2,961300,True,True,0,0
2,961400,True,True,0,0
2,961500,True,True,0,0
2,961600,True,True,0,0
2,961700,True,True,0,0
2,961800,True,True,0,0
2,961900,True,True,0,0
2,962000,True,True,0,0
2,962100,True,True,0,0
2,962200,True,True,0,0
2,962300,True,True,0,0
2,962400,True,True,0,0
2,962500,True,True,0,0
2,962600,True,True,0,0
2,962700,True,True,0,0
2,962800,True,True,0,0
2,962900,True,True,0,0
2,963000,True,True,0,0
2,963100,True,True,0,0
2,963200,True,True,0,0
2,963300,True,True,0,0
2,963400,True,True,0,0
2,963500,True,True,0,0
2,963600,True,True,0,0
2,963700,True,True,0,0
2,963800,True,True,0,0
2,963900,True,True,0,0
2,964000,True,True,0,0
2,964100,True,True,0,0
2,964200,True,True,0,0
2,964300,True,True,0,0
2,964400,True,True,0,0
2,964500,True,True,0,0
2,964600,True,True,0,0
2,964700,True,True,0,0
2,964800,True,True,0,0
2,964900,True,True,0,0
2,965000,True,True,0,0
2,965100,True,True,0,0
2,965200,True,True,0,0
2,965300,True,True,0,0
2,965400,True,True,0,0
2,965500,True,True,0,0
2,965600,True,True,0,0
2,965700,True,True,0,0
2,965800,True,True,0,0
2,965900,True,True,0,0
2,966000,True,True,0,0
2,966100,True,True,0,0
2,966200,True,True,0,0
2,966300,True,True,0,0
2,966400,True,True,0,0
2,966500,True,True,0,0
2,966600,True,True,0,0
2,966700,True,True,0,0
2,966800,True,True,0,0
2,966900,True,True,0,0
2,967000,True,True,0,0
2,967100,True,True,0,0
2,967200,True,True,0,0
2,967300,True,True,0,0
2,967400,True,True,0,0
2,967500,True,True,0,0
2,967600,True,True,0,0
2,967700,True,True,0,0
2,967800,True,True,0,0
2,967900,True,True,0,0
2,968000,True,True,0,0
2,968100,True,True,0,0
2,968200,True,True,0,0
2,968300,True,True,0,0
2,968400,True,True,0,0
2,968500,True,True,0,0
2,968600,True,True,0,0
2,968700,True,True,0,0
2,968800,True,True,0,0
2,968900,True,True,0,0
2,969000,True,True,0,0
2,969100,True,True,0,0
2,969200,True,True,0,0
2,969300,True,True,0,0
2,969400,True,True,0,0
2,969500,True,True,0,0
2,969600,True,True,0,0
2,969700,True,True,0,0
2,969800,True,True,0,0
2,969900,True,True,0,0
2,970000,True,True,0,0
2,970100,True,True,0,0
2,970200,True,True,0,0
2,970300,True,True,0,0
2,970400,True,True,0,0
2,970500,True,True,0,0
2,970600,True,True,0,0
2,970700,True,True,0,0
2,970800,True,True,0,0
2,970900,True,True,0,0
2,971000,True,True,0,0
2,971100,True,True,0,0
2,971200,True,True,0,0
2,971300,True,True,0,0
2,971400,True,True,0,0
2,971500,True,True,0,0
2,971600,True,True,0,0
2,971700,True,True,0,0
2,971800,True,True,0,0
2,971900,True,True,0,0
2,972000,True,True,0,0
2,972100,True,True,0,0
2,972200,True,True,0,0
2,972300,True,True,0,0
2,972400,True,True,0,0
2,972500,True,True,0,0
2,972600,True,True,0,0
2,972700,True,True,0,0
2,972800,True,True,0,0
2,972900,True,True,0,0
2,973000,True,True,0,0
2,973100,True,True,0,0
2,973200,True,True,0,0
2,973300,True,True,0,0
2,973400,True,True,0,0
2,973500,True,True,0,0
2,973600,True,True,0,0
2,973700,True,True,0,0
2,973800,True,True,0,0
2,973900,True,True,0,0
2,974000,True,True,0,0
2,974100,True,True,0,0
2,974200,True,True,0,0
2,974300,True,True,0,0
2,974400,True,True,0,0
2,974500,True,True,0,0
2,974600,True,True,0,0
2,974700,True,True,0,0
2,974800,True,True,0,0
2,974900,True,True,0,0
2,975000,True,True,0,0
2,975100,True,True,0,0
2,975200,True,True,0,0
2,975300,True,True,0,0
2,975400,True,True,0,0
2,975500,True,True,0,0
2,975600,True,True,0,0
2,975700,True,True,0,0
2,975800,True,True,0,0
2,975900,True,True,0,0
2,976000,True,True,0,0
2,976100,True,True,0,0
2,976200,True,True,0,0
2,976300,True,True,0,0
2,976400,True,True,0,0
2,976500,True,True,0,0
2,976600,True,True,0,0
2,976700,True,True,0,0
2,976800,True,True,0,0
2,976900,True,True,0,0
2,977000,True,True,0,0
2,977100,True,True,0,0
2,977200,True,True,0,0
2,977300,True,True,0,0
2,977400,True,True,0,0
2,977500,True,True,0,0
2,977600,True,True,0,0
2,977700,True,True,0,0
2,977800,True,True,0,0
2,977900,True,True,0,0
2,978000,True,True,0,0
2,978100,True,True,0,0
2,978200,True,True,0,0
2,978300,True,True,0,0
2,978400,True,True,0,0
2,978500,True,True,0,0
2,978600,True,True,0,0
2,978700,True,True,0,0
2,978800,True,True,0,0
2,978900,True,True,0,0
2,979000,True,True,0,0
2,979100,True,True,0,0
2,979200,True,True,0,0
2,979300,True,True,0,0
2,979400,True,True,0,0
2,979500,True,True,0,0
2,979600,True,True,0,0
2,979700,True,True,0,0
2,979800,True,True,0,0
2,979900,True,True,0,0
2,980000,True,True,0,0
2,980100,True,True,0,0
2,980200,True,True,0,0
2,980300,True,True,0,0
2,980400,True,True,0,0
2,980500,True,True,0,0
2,980600,True,True,0,0
2,980700,True,True,0,0
2,980800,True,True,0,0
2,980900,True,True,0,0
2,981000,True,True,0,0
2,981100,True,True,0,0
2,981200,True,True,0,0
2,981300,True,True,0,0
2,981400,True,True,0,0
2,981500,True,True,0,0
2,981600,True,True,0,0
2,981700,True,True,0,0
2,981800,True,True,0,0
2,981900,True,True,0,0
2,982000,True,True,0,0
2,982100,True,True,0,0
2,982200,True,True,0,0
2,982300,True,True,0,0
2,982400,True,True,0,0
2,982500,True,True,0,0
2,982600,True,True,0,0
2,982700,True,True,0,0
2,982800,True,True,0,0
2,982900,True,True,0,0
2,983000,True,True,0,0
2,983100,True,True,0,0
2,983200,True,True,0,0
2,983300,True,True,0,0
2,983400,True,True,0,0
2,983500,True,True,0,0
2,983600,True,True,0,0
2,983700,True,True,0,0
2,983800,True,True,0,0
2,983900,True,True,0,0
2,984000,True,True,0,0
2,984100,True,True,0,0
2,984200,True,True,0,0
2,984300,True,True,0,0
2,984400,True,True,0,0
2,984500,True,True,0,0
2,984600,True,True,0,0
2,984700,True,True,0,0
2,984800,True,True,0,0
2,984900,True,True,0,0
2,985000,True,True,0,0
2,985100,True,True,0,0
2,985200,True,True,0,0
2,985300,True,True,0,0
2,985400,True,True,0,0
2,985500,True,True,0,0
2,985600,True,True,0,0
2,985700,True,True,0,0
2,985800,True,True,0,0
2,985900,True,True,0,0
2,986000,True,True,0,0
2,986100,True,True,0,0
2,986200,True,True,0,0
2,986300,True,True,0,0
2,986400,True,True,0,0
2,986500,True,True,0,0
2,986600,True,True,0,0
2,986700,True,True,0,0
2,986800,True,True,0,0
2,986900,True,True,0,0
2,987000,True,True,0,0
2,987100,True,True,0,0
2,987200,True,True,0,0
2,987300,True,True,0,0
2,987400,True,True,0,0
2,987500,True,True,0,0
2,987600,True,True,0,0
2,987700,True,True,0,0
2,987800,True,True,0,0
2,987900,True,True,0,0
2,988000,True,True,0,0
2,988100,True,True,0,0
2,988200,True,True,0,0
2,988300,True,True,0,0
2,988400,True,True,0,0
2,988500,True,True,0,0
2,988600,True,True,0,0
2,988700,True,True,0,0
2,988800,True,True,0,0
2,988900,True,True,0,0
2,989000,True,True,0,0
2,989100,True,True,0,0
2,989200,True,True,0,0
2,989300,True,True,0,0
2,989400,True,True,0,0
2,989500,True,True,0,0
2,989600,True,True,0,0
2,989700,True,True,0,0
2,989800,True,True,0,0
2,989900,True,True,0,0
2,990000,True,True,0,0
2,990100,True,True,0,0
2,990200,True,True,0,0
2,990300,True,True,0,0
2,990400,True,True,0,0
2,990500,True,True,0,0
2,990600,True,True,0,0
2,990700,True,True,0,0
2,990800,True,True,0,0
2,990900,True,True,0,0
2,991000,True,True,0,0
2,991100,True,True,0,0
2,991200,True,True,0,0
2,991300,True,True,0,0
2,991400,True,True,0,0
2,991500,True,True,0,0
2,991600,True,True,0,0
2,991700,True,True,0,0
2,991800,True,True,0,0
2,991900,True,True,0,0
2,992000,True,True,0,0
2,992100,True,True,0,0
2,992200,True,True,0,0
2,992300,True,True,0,0
2,992400,True,True,0,0
2,992500,True,True,0,0
2,992600,True,True,0,0
2,992700,True,True,0,0
2,992800,True,True,0,0
2,992900,True,True,0,0
2,993000,True,True,0,0
2,993100,True,True,0,0
2,993200,True,True,0,0
2,993300,True,True,0,0
2,993400,True,True,0,0
2,993500,True,True,0,0
2,993600,True,True,0,0
2,993700,True,True,0,0
2,993800,True,True,0,0
2,993900,True,True,0,0
2,994000,True,True,0,0
2,994100,True,True,0,0
2,994200,True,True,0,0
2,994300,True,True,0,0
2,994400,True,True,0,0
2,994500,True,True,0,0
2,994600,True,True,0,0
2,994700,True,True,0,0
2,994800,True,True,0,0
2,994900,True,True,0,0
2,995000,True,True,0,0
2,995100,True,True,0,0
2,995200,True,True,0,0
2,995300,True,True,0,0
2,995400,True,True,0,0
2,995500,True,True,0,0
2,995600,True,True,0,0
2,995700,True,True,0,0
2,995800,True,True,0,0
2,995900,True,True,0,0
2,996000,True,True,0,0
2,996100,True,True,0,0
2,996200,True,True,0,0
2,996300,True,True,0,0
2,996400,True,True,0,0
2,996500,True,True,0,0
2,996600,True,True,0,0
2,996700,True,True,0,0
2,996800,True,True,0,0
2,996900,True,True,0,0
2,997000,True,True,0,0
2,997100,True,True,0,0
2,997200,True,True,0,0
2,997300,True,True,0,0
2,997400,True,True,0,0
2,997500,True,True,0,0
2,997600,True,True,0,0
2,997700,True,True,0,0
2,997800,True,True,0,0
2,997900,True,True,0,0
2,998000,True,True,0,0
2,998100,True,True,0,0
2,998200,True,True,0,0
2,998300,True,True,0,0
2,998400,True,True,0,0
2,998500,True,True,0,0
2,998600,True,True,0,0
2,998700,True,True,0,0
2,998800,True,True,0,0
2,998900,True,True,0,0
2,999000,True,True,0,0
2,999100,True,True,0,0
2,999200,True,True,0,0
2,999300,True,True,0,0
2,999400,True,True,0,0
2,999500,True,True,0,0
2,999600,True,True,0,0
2,999700,True,True,0,0
2,999800,True,True,0,0
2,999900,True,True,0,0
